topic_id,word,prob
0,oled,1.0
0,디스플레이,0.9245268703736989
0,ai,0.7712399450840931
0,중국,0.5946733455030762
0,산업,0.5328891018144449
0,기술,0.5184343511331119
0,tv,0.5032108327913731
0,아이폰,0.4952233592550021
0,기업,0.42490282866399426
0,새로운,0.407892211119257
1,반도체,1.0
1,삼성전자,0.6864744081348451
1,메모리,0.396443731965648
1,뉴스1,0.3678512801194913
1,장비,0.3575356062522348
1,장중,0.3141310624809487
1,거래일,0.2976588802771492
1,마감했다,0.2924093244981609
1,주가,0.2655697900623625
1,코스피,0.25525864939936127
