date,types,title,url
2025-10-12,"INVEST,LAUNCH,ORDER,PARTNERSHIP","반도체 재료·부품 관련주, '웃음' 엠케이전자·KEC·KX하이텍·뉴파워프...",http://www.finomy.com/news/articleView.html?idxno=240546
2025-10-11,"INVEST,LAUNCH","폴더블 부품 강자 비에이치, 북미 신제품 효과로 3분기 깜짝 성장",https://www.pinpointnews.co.kr/news/articleView.html?idxno=383850
2025-10-11,LAUNCH,"[초점] 중국 TV 업계, 미니LED 앞세워 삼성 20년 아성 위협",https://www.g-enews.com/view.php?ud=202510111014189046e8b8a793f7_1
2025-10-10,"INVEST,LAUNCH",OLED  출하량 껑충…삼성D·LGD 3분기 실적 훈풍 기대,http://www.newstomato.com/ReadNews.aspx?no=1277288&inflow=N
2025-10-10,"INVEST,LAUNCH,ORDER","적자 늪 탈출한 LG디스플레이,  OLED 로 부활 신호탄 쏘다",https://www.pinpointnews.co.kr/news/articleView.html?idxno=383671
2025-10-10,"INVEST,LAUNCH,ORDER",주식고수 매수 2위 '챗GPT 오픈AI 동맹에 급등 신고가 돌파' SK하이닉스...,https://www.widedaily.com/news/articleView.html?idxno=279793
2025-10-10,INVEST,고전하는 맏형·힘내는 아우들…LG '삼총사'의 3분기 성적표,https://www.newsway.co.kr/news/view?ud=2025101011504977768
2025-10-10,ORDER,"주성엔지니어링, 해외 판매·서비스망 구축… 안정적 성장 기반 마련",https://www.pinpointnews.co.kr/news/articleView.html?idxno=383631
2025-10-10,LAUNCH,"[특징주]LG디스플레이, 3분기 실적 호조 전망에 3일째 강세…신고가",https://view.asiae.co.kr/article/2025101009405337654
2025-10-10,CERT,"AI·전력·디스플레이까지... 네패스아크, 후공정 테스트 시장 장악",https://www.pinpointnews.co.kr/news/articleView.html?idxno=383566
2025-10-10,"INVEST,LAUNCH",[박진섭의 황금선] 반도체·디스플레이 산업 박막 및 식각공정 부품 제...,https://news.mtn.co.kr/news-detail/2025101009023387540
2025-10-10,"INVEST,LAUNCH","정철동이 이끈  OLED  집중 전략, 고객가치 창출하며 실적 개선 가속",https://www.goodkyung.com/news/articleView.html?idxno=273943
2025-10-10,"INVEST,REGUL","[박정식의 국내 주식시황] 삼성전자, SK하이닉스 등 반도체 섹터를 중심...",https://www.newsquest.co.kr/news/articleView.html?idxno=254240
2025-10-10,"INVEST,LAUNCH",車 UDC 나서는 삼성D 셈법 '복잡'…BOE 소송 우려,https://dealsite.co.kr/articles/149027
2025-10-10,LAUNCH,"초슬림폰서 격돌한 삼성-애플, 다음 격전지는 폴더블폰",https://www.news1.kr/it-science/general-it/5932829
2025-10-10,LAUNCH,"인텔 팬서레이크, LP E코어로 일상 작업 전성비 ↑",https://zdnet.co.kr/view/?no=20251010000310
2025-10-09,"CERT,INVEST,ORDER",스마트폰 핵심소재 脫일본… 한울소재과학이 해냈다,https://www.pinpointnews.co.kr/news/articleView.html?idxno=383433
2025-10-09,"LAUNCH,ORDER","머스크, 휴머노이드 회의론에도 긍정 반응…삼성 부품 공급 기대",https://news.mtn.co.kr/news-detail/2025100217442921892
2025-10-09,"INVEST,LAUNCH",[Who Is ?] 안태혁 원익IPS 대표이사,https://www.businesspost.co.kr/BP?command=article_view&num=414802
2025-10-09,ORDER,[위기의 한국TV]②성장 더딘  OLED  속타는데…中 프리미엄 맹추격,https://www.news1.kr/industry/general-industry/5935344
2025-10-09,"INVEST,LAUNCH","삼성·LG디스플레이 '미래 모빌리티'서 새 먹거리 찾아, '차량용  OLED ' 각...",https://www.businesspost.co.kr/BP?command=article_view&num=414799
2025-10-08,"LAUNCH,ORDER","삼성디스플레이, 애플 폴더블 아이폰용  OLED 패널  독점 공급권 확보",https://www.autodaily.co.kr/news/articleView.html?idxno=537448
2025-10-08,"INVEST,LAUNCH,PARTNERSHIP",“중국TV 쓰기 좀 불안한데”…삼성전자 반격의 열쇠 된 ‘이 기술’,https://www.mk.co.kr/article/11437375
2025-10-08,"INVEST,LAUNCH,ORDER","中 LCD 휩쓸자 … 삼성,  OLED  TV로 돌파구",https://www.mk.co.kr/article/11437289
2025-10-08,"CERT,INVEST,LAUNCH,ORDER,PARTNERSHIP","뉴로메카, ‘2028년 147조’ 中 시장 노린다...LTOM 그룹과 합작법인 설...",https://www.hellot.net/news/article.html?no=106079
2025-10-08,LAUNCH,"LG 올레드 TV, ""'기술 복리효과'로 왕좌 유지할 듯""",http://www.fnnews.com/news/202510081346500509
2025-10-08,LAUNCH,"""10년 넘게 쌓아온 기술력 복리 효과… LG 올레드 TV왕좌 굳건""",http://www.biztribune.co.kr/news/articleView.html?idxno=341303
2025-10-08,"INVEST,LAUNCH","'스마트폰에 노트북까지' 판커진  OLED …삼성·LGD, 기회 온다",https://www.mt.co.kr/industry/2025/10/10/2025100215504710040
2025-10-08,LAUNCH,"""기술의 복리 효과"" LG 올레드( OLED ) TV, 10년 넘게 세계 선두 굳건",https://www.upkoreanews.kr/news/articleView.html?idxno=95773
2025-10-08,LAUNCH,"삼성전자 'XR 헤드셋', 이달 출격…흥행 불씨 살린다",https://www.newsway.co.kr/news/view?ud=2025100223254697743
2025-10-08,"INVEST,LAUNCH",LG디스플레이 “한국 디스플레이 미래는  OLED …기술 리더십 강화할 것”,https://www.inthenews.co.kr/news/article.html?no=77803
2025-10-08,LAUNCH,"[초점] 삼성디스플레이, 애플 첫 폴더블 아이폰  OLED  독점 공급",https://www.g-enews.com/view.php?ud=202510080748115256fbbec65dfb_1
2025-10-08,LAUNCH,"""LG 올레드 TV, 10년 넘은 기술 '복리효과'로 선두 유지할 것""",https://www.yna.co.kr/view/AKR20251002163000003?input=1195m
2025-10-08,ORDER,[위기의 한국 TV]① 中 기업이 점유율 추월…가격 경쟁 불가항력,https://www.news1.kr/industry/general-industry/5935169
2025-10-07,"INVEST,LAUNCH","BOE ""올해 상반기  OLED  7100만장 출하""",http://www.thelec.kr/news/articleView.html?idxno=41884
2025-10-07,"ORDER,PARTNERSHIP","탑런토탈솔루션, LG디스플레이 검사장비 첫 수주…밸류체인 확장 시동",https://www.newsis.com/view/NISX20251002_0003354313
2025-10-07,"CERT,LAUNCH,PARTNERSHIP,REGUL","[K산업의 저력]LG전자, 특화 제품으로 유럽 시장 승부수",https://www.asiatime.co.kr/article/20250929500464
2025-10-07,"CERT,INVEST,LAUNCH",애플 폴더블 폰 출시...K-디스플레이 업계 기대감↑,https://www.mediapen.com/news/view/1047834
2025-10-07,LAUNCH,"""늙고 느려"" 중국 빠른 추격에 TV가 흔들린다…LG·삼성 TV 체질 개선 속...",https://www.sedaily.com/NewsView/2GZ33DB229
2025-10-07,LAUNCH,"삼성전자, 갤럭시 Z 폴드7, '가로선 디스플레이 결함' 첫 보고",https://www.abcn.kr/news/articleView.html?idxno=83286
2025-10-06,"LAUNCH,ORDER",애플 폴더블 수혜자 “나야 나”…삼성D 선두로 LGD 추격전,http://www.newstomato.com/ReadNews.aspx?no=1276897&inflow=N
2025-10-06,LAUNCH,"정철동 LGD '제조업 AX' 승부수 적중...""전사 수익성 개선 견인""",https://daily.hankooki.com/news/articleView.html?idxno=1279726
2025-10-06,"INVEST,LAUNCH","""올해 모니터용  OLED  60.9% 성장...대형  패널  출하 견인""",http://www.thelec.kr/news/articleView.html?idxno=41867
2025-10-06,LAUNCH,"삼성, 中 전용 폴더블폰 출시…프리미엄 수요 공략",http://www.fnnews.com/news/202510041237282044
2025-10-05,LAUNCH,"OLED  시장, 한국 83.7% 압도적 우위 이어간다, 삼성디스플레이 54,3%, LG디...",https://www.autodaily.co.kr/news/articleView.html?idxno=537401
2025-10-05,LAUNCH,'중대형  OLED ' 올해 성장세 뚜렷…삼성·LGD 매출 확대 기회,https://zdnet.co.kr/view/?no=20251003230239
2025-10-05,CERT,원익IPS 주가 어깨춤... 차세대 반도체 장비 시장서 독보적 기술력 확보,https://www.pinpointnews.co.kr/news/articleView.html?idxno=382964
2025-10-05,"CERT,LAUNCH",FCC 문서로 유출된 애플 M5 탑재 신형 맥북·아이패드 프로…이달 공개...,https://www.ddaily.co.kr/page/view/2025100423481128669
2025-10-04,INVEST,향후 5년간 반도체·바이오·AI 중심 대규모 인재 투자,http://www.newsmaker.or.kr/news/articleView.html?idxno=169968
2025-10-04,"INVEST,ORDER","파인텍, 세계 최초 공용 BONDING 장비 개발로 기술력 입증",https://www.pinpointnews.co.kr/news/articleView.html?idxno=382893
2025-10-04,LAUNCH,"""추석에도 쉴 수 없다""…반도체 24시간 풀가동, 왜?",https://www.newsis.com/view/NISX20250926_0003345605
2025-10-03,INVEST,"[초점] BOE, 8.6세대  OLED 에 630억 위안 투자…애플 공급망 재편 신호탄",https://www.g-enews.com/view.php?ud=20251003122511305fbbec65dfb_1
2025-10-03,LAUNCH,"아이폰17, 기대이상 초기 흥행… 동반상승 韓 업체는?",https://www.ajunews.com/view/20251002130329027
2025-10-03,LAUNCH,한국  OLED 패널  출하량 급증 LG디스플레이 아이폰17 효과,https://www.stardailynews.co.kr/news/articleView.html?idxno=503371
2025-10-03,LAUNCH,"[추석기획] 애플 모멘텀-디스플레이, 2026년 승부처는 '폴더블'",http://www.srtimes.kr/news/articleView.html?idxno=185740
2025-10-03,INVEST,아이폰17 효과 본격화…3분기 미소 짓는 삼성·LG디스플레이 [소부장디...,https://www.ddaily.co.kr/page/view/2025100215492591508
2025-10-03,"INVEST,LAUNCH","[종목UP&DOWN] ""저성장 늪에서 탈출""···LG디스플레이 목표가 연이은 상...",https://www.sisajournal-e.com/news/articleView.html?idxno=415825
2025-10-03,"CERT,INVEST,REGUL",3년 뒤면 중국이 韓 생산 능력 '추월'…8.6세대  OLED 가 승부처,https://www.mt.co.kr/industry/2025/10/03/2025100211161053722
2025-10-02,"INVEST,LAUNCH","""내년 삼성D 폴더블 출하량 40%가 아이폰용""",http://www.thelec.kr/news/articleView.html?idxno=41821
2025-10-02,LAUNCH,"MSI, '이터널 리턴 시즌8 파이널' 공식 모니터 파트너 참가 및 체험 부스...",https://www.inven.co.kr/webzine/news/?news=310233
2025-10-02,"LAUNCH,ORDER","탑런에이피솔루션, LG디스플레이 양산 검사장비 첫 수주",https://www.hankyung.com/article/202510023830i
2025-10-02,LAUNCH,삼성의 '자신감'… '갤럭시XR' 22일 출시 전 실물 국내 공개 [베일 벗은...,http://www.fnnews.com/news/202510021616176962
2025-10-02,LAUNCH,[IB토마토](단독)삼성 '트라이폴드폰' 핵심기술 유출…65억 받고 중국에...,http://www.newstomato.com/ReadNews.aspx?no=1277052&inflow=N
2025-10-02,LAUNCH,"""LG디스플레이, '아이폰17 효과'에 3분기  OLED  출하량 2배↑""",https://daily.hankooki.com/news/articleView.html?idxno=1279682
2025-10-02,"INVEST,LAUNCH",韓 디스플레이 회복세 뚜렷…애플 물량 확보 관건,https://www.news2day.co.kr/article/20251002500164
2025-10-02,LAUNCH,"韓 올레드  패널  3분기 출하량 급증…""아이폰17 효과""",https://www.widedaily.com/news/articleView.html?idxno=279724
2025-10-02,LAUNCH,"유비리서치 ""아이폰17·삼성 폴더블폰 흥행에  OLED  출하량 전분기 2배 증...",https://biz.sbs.co.kr/article_hub/20000263813?division=NAVER
2025-10-02,"LAUNCH,PARTNERSHIP","""다음은 비행기""…LG디스플레이, 보잉과 항공  OLED  시장 공략",https://www.newspim.com/news/view/20251002000858
2025-10-02,LAUNCH,아이폰17·폴더블폰 흥행…3분기 스마트폰  OLED  출하량 껑충,http://www.m-i.kr/news/articleView.html?idxno=1289491
2025-10-02,LAUNCH,베일벗는 삼성 야심작 '갤럭시XR'…출시 전 실물 전시 자신감,http://www.fnnews.com/news/202510021328264420
2025-10-02,LAUNCH,"""아이폰17 출시에 3분기  OLED 패널  출하 급증""",https://zdnet.co.kr/view/?no=20251002135547
2025-10-02,LAUNCH,애플 아이폰 17 출시로 3분기  OLED 패널  출하량 급증,https://www.ilovepc.co.kr/news/articleView.html?idxno=56314
2025-10-02,LAUNCH,3분기  OLED 패널  출하 급증⋯아이폰 17 효과로 한국 업체 회복세 뚜렷,https://www.epnc.co.kr/news/articleView.html?idxno=323269
2025-10-02,LAUNCH,아이폰17 흥행에  OLED  출하량 급증…LGD 전분기의 2배,https://www.yna.co.kr/view/AKR20251002091300003?input=1195m
2025-10-02,"INVEST,LAUNCH","주식고수 매수 2위 '챗GPT 오픈AI 동맹에 신고가 돌파' SK하이닉스, 3위...",https://www.widedaily.com/news/articleView.html?idxno=279671
2025-10-02,LAUNCH,"포르쉐 카이엔 일렉트릭, 미래지향적 인테리어 돋보여",https://www.sportsworldi.com/newsView/20251002508856
2025-10-02,"INVEST,LAUNCH","LG디스플레이,  OLED 패널  출하량 증가 주목..실적 급호전?",http://www.choicenews.co.kr/news/articleView.html?idxno=154914
2025-10-02,"CERT,INVEST,LAUNCH,ORDER,PARTNERSHIP","[더벨][i-point]탑런에이피솔루션, LGD와 첫 양산 검사장비 수주 성공",https://www.thebell.co.kr/free/content/ArticleView.asp?key=202510021059568800106864
2025-10-02,LAUNCH,3분기  OLED 패널  출하 급증 ··· '삼성·LG' 회복세 뚜렷,https://www.datanet.co.kr/news/articleView.html?idxno=205864
2025-10-02,LAUNCH,삼성D·LGD 등 韓  OLED 패널 업계 3분기 출하량 급증…아이폰17 효과에 회...,https://www.getnews.co.kr/news/articleView.html?idxno=843374
2025-10-02,LAUNCH,"""아이폰17 효과""… OLED 패널  출하량, 3분기 급증",http://www.edaily.co.kr/news/newspath.asp?newsid=03165206642328984
2025-10-02,ORDER,"탑런에이피솔루션, LG디스플레이와 첫 양산 검사장비 수주 성공",https://www.the-stock.kr/news/articleView.html?idxno=31171
2025-10-02,ORDER,"탑런에이피솔루션, LG디스플레이서 첫 양산 검사장비 수주",https://www.etnews.com/20251002000089
2025-10-02,LAUNCH,애플 첫 비전 프로 사실상 실패였는데…2세대는 성공할까,https://www.widedaily.com/news/articleView.html?idxno=279621
2025-10-02,ORDER,"탑런에이피솔루션, LG디스플레이와 첫 양산 검사장비 수주",https://www.newstopkorea.com/news/articleView.html?idxno=40202
2025-10-02,ORDER,"탑런에이피솔루션, LGD에  OLED  검사장비 공급···양산라인 첫 진입",https://www.sisajournal-e.com/news/articleView.html?idxno=415774
2025-10-02,ORDER,"탑런에이피솔루션, LG디스플레이 첫 양산 검사장비 수주 성공",http://www.newstown.co.kr/news/articleView.html?idxno=656183
2025-10-02,INVEST,"[기자수첩] K-디스플레이, 초격차 지탱할 제도가 부족하다",https://www.newspim.com/news/view/20251002000167
2025-10-02,ORDER,탑런토탈솔루션 계열사 LG디스플레이와 첫 양산 검사 장비 수주 성공,https://www.pinpointnews.co.kr/news/articleView.html?idxno=382432
2025-10-02,INVEST,"[시간외 특징주] 전기차·디스플레이·자동차… 파인디앤씨, 미래 산업...",https://www.pinpointnews.co.kr/news/articleView.html?idxno=382403
2025-10-02,"INVEST,LAUNCH","[SFC IPO] 대표주관 미래, 공동주관 한국",https://www.the-stock.kr/news/articleView.html?idxno=31166
2025-10-02,LAUNCH,"2026년 세계 최저가  OLED  TV 나올까…LG·삼성, 원가 50% 낮추는 혁신 도...",https://www.g-enews.com/view.php?ud=202510020625104483fbbec65dfb_1
2025-10-02,INVEST,"SDC·LGD, 대형  OLED  사업…TV대신 '모니터'에 집중",https://www.newstopkorea.com/news/articleView.html?idxno=40185
2025-10-02,"INVEST,PARTNERSHIP",일본 소부장 기업이 한국인 사장님 모신 이유…“삼성·LG 뚫어야”,https://www.mk.co.kr/article/11434555
2025-10-02,"INVEST,LAUNCH","반도체 재료·부품 관련주, '덩실 덩실' 하나마이크론·샘씨엔에스",http://www.finomy.com/news/articleView.html?idxno=240294
2025-10-02,"LAUNCH,ORDER","유리 기판 관련주, '껑충껑충' 켐트로닉스·HB테크놀러지·피아이이",http://www.finomy.com/news/articleView.html?idxno=240293
2025-10-01,LAUNCH,"미래지향적 공간 제시한 포르쉐 카이엔 일렉트릭, 감각적 디스플레이 탑...",https://www.autodaily.co.kr/news/articleView.html?idxno=537184
2025-10-01,LAUNCH,"“車야 TV야?” 포르쉐 카이엔 EV, 스크린 4개+87인치 증강현실 HUD",https://www.thedrive.co.kr/news/newsview.php?ncode=1065608997130727
2025-10-01,LAUNCH,APEC서 나란히 부스 꾸리는 삼성·SK·LG··· 글로벌 빅테크 협업 큰 장...,https://www.ajunews.com/view/20251001150908323
2025-10-01,"INVEST,LAUNCH","""韓제조업·日소부장 잇는 가교 될 것""",https://www.mk.co.kr/article/11434369
2025-10-01,"INVEST,LAUNCH,REGUL","LG디스플레이, 3분기 적자늪 탈출하나… OLED  성장세·美 규제 호재 겹쳤...",https://www.newspim.com/news/view/20251001000974
2025-10-01,INVEST,"덕산네오룩스, 아이폰17 흥행 수혜 기대… OLED  가치사슬 강화",https://www.pinpointnews.co.kr/news/articleView.html?idxno=382228
2025-10-01,LAUNCH,"포르쉐, 신형 '카이엔 일렉트릭' 인테리어 공개",https://www.ziksir.com/news/articleView.html?idxno=106847
2025-10-01,LAUNCH,"갤S25엣지 판매 부진...삼성, 갤S26 '플러스' 모델 추가 개발 돌입",http://www.thelec.kr/news/articleView.html?idxno=41727
2025-10-01,"CERT,INVEST","[단독] 삼성, 9월 중국 특허 586건 확보…현대차·덕산네오룩스 동맹 '결...",https://www.theguru.co.kr/news/article.html?no=92630
2025-10-01,"INVEST,LAUNCH,ORDER",코스닥 베셀 17% 상승…관련 장비주도 강세,https://www.pointdaily.co.kr/news/articleView.html?idxno=272899
2025-10-01,INVEST,아이씨디 주가 벌떡... LCD 강자에서  OLED  핵심 장비 기업 도약,https://www.pinpointnews.co.kr/news/articleView.html?idxno=382160
2025-10-01,"INVEST,LAUNCH",주식고수 매수 2위 '증권사 목표가 대폭 상향 또 신고가 경신' 삼성전자...,https://www.widedaily.com/news/articleView.html?idxno=279556
2025-10-01,LAUNCH,"포르쉐 AG, 카이엔 일렉트릭의 미래지향적 인테리어 공개",https://www.epnc.co.kr/news/articleView.html?idxno=323196
2025-10-01,INVEST,"'정철동 매직' 또한번 … LG디스플레이, 흑자 전환 따논 당상",https://biz.newdaily.co.kr/site/data/html/2025/10/01/2025100100156.html
2025-10-01,LAUNCH,"포르쉐 AG, '카이엔 일렉트릭' 인테리어 공개... ""'플로우 디스플레이' ...",https://kr.aving.net/news/articleView.html?idxno=1804693
2025-10-01,LAUNCH,"'라이벌' 삼성이 확정해줬다?…애플, 내년 폴더블 아이폰 출시 초읽기",https://www.widedaily.com/news/articleView.html?idxno=279516
2025-10-01,LAUNCH,"포르쉐 AG, 올해 말 '카이엔 일렉트릭' 공개∙∙∙스포츠카 DNA+디지털 혁...",https://www.econovill.com/news/articleView.html?idxno=713518
2025-10-01,INVEST,"IBK투자 ""LG디스플레이 목표주가 상향, 미국  OLED  공급망의 유일한 대안...",https://www.businesspost.co.kr/BP?command=article_view&num=414360
2025-10-01,LAUNCH,"포르쉐, ‘카이엔 일렉트릭’ 실내 디자인 공개..출시 일정은?",https://www.dailycar.co.kr/content/news.html?type=view&autoId=59278
2025-10-01,INVEST,"IBK투자증권, LG디스플레이 흑자전환·목표주가 상향",https://www.pointdaily.co.kr/news/articleView.html?idxno=272834
2025-10-01,"INVEST,LAUNCH,PARTNERSHIP",'윈도우10' 이달 종료… 의료기관 보안 구멍 숭숭 [디지털포스트 모닝픽...,https://www.ilovepc.co.kr/news/articleView.html?idxno=56283
2025-10-01,INVEST,"IBK證, LG디스플레이 목표가 상향…""3분기 흑자전환 전망""",https://www.youthdaily.co.kr/news/article.html?no=198021
2025-10-01,LAUNCH,"""대담한 디지털 변화"", 포르쉐 카이엔 일렉트릭 실내 공개",http://autotimes.co.kr/detail.php?number=684909&thread=27
2025-10-01,LAUNCH,"램프 시대 넘어 레이저로...ams 오스람, Vegalas Power 출시",https://www.electimes.com/news/articleView.html?idxno=360387
2025-10-01,INVEST,"IBK證 ""LG디스플레이, 美  OLED  공급망 유일한 대안…목표가 2만원""",https://www.news1.kr/finance/general-stock/5931131
2025-10-01,"CERT,INVEST,LAUNCH,PARTNERSHIP","LG디스플레이, 3분기 흑자전환 전망…목표가↑-IBK",https://www.sentv.co.kr/article/view/sentv202510010014
2025-10-01,LAUNCH,"포르쉐, 신형 카이엔 전기차 인테리어 공개",https://daily.hankooki.com/news/articleView.html?idxno=1278625
2025-10-01,INVEST,"IBK證 ""LG디스플레이,  OLED  지정학 리스크 속 유일한 대안…목표가↑""",https://www.ajunews.com/view/20251001082453748
2025-10-01,LAUNCH,'갤럭시 S26 울트라' 어떻게 생겼나… 유출된 렌더링 이미지 보니,https://www.etoday.co.kr/news/view/2512110
2025-10-01,INVEST,"IBK투자증권, LG디스플레이 목표가↑…""3분기 흑자전환 전망""",https://www.yna.co.kr/view/AKR20251001023600008?input=1195m
2025-10-01,"INVEST,LAUNCH","LG디스플레이, 3분기 실적 시장 기대치 상회 전망…목표가 25% ↑-IBK",http://www.edaily.co.kr/news/newspath.asp?newsid=02164806642328656
2025-10-01,INVEST,"""LG디스플레이, 미국  OLED  공급망의 유일한 대안…목표가↑""-IBK",https://www.hankyung.com/article/2025100191136
2025-10-01,INVEST,[시간외 특징주] 인베니아 주가 방긋...LG디스플레이 장비업체서 미래 ...,https://www.pinpointnews.co.kr/news/articleView.html?idxno=381953
2025-10-01,"INVEST,LAUNCH","'매출 비중 61% 눈앞'…LG디스플레이, 어엿한 ' OLED ' 기업됐다",https://www.newsway.co.kr/news/view?ud=2025093016372693269
2025-09-30,"LAUNCH,PARTNERSHIP","삼성디스플레이, 대만서 '올레드 IT 서밋' 개최…""파트너사와 협력해 시...",http://www.econonews.co.kr/news/articleView.html?idxno=407430
2025-09-30,"CERT,INVEST,LAUNCH,ORDER,PARTNERSHIP,REGUL",10월 1주 주요 제조업 전망,https://www.laborplus.co.kr/news/articleView.html?idxno=36358
2025-09-30,"CERT,LAUNCH","ams 오스람, 고출력 멀티-다이 레이저 패키지 '베갈라스 파워' 출시",https://www.datanet.co.kr/news/articleView.html?idxno=205787
2025-09-30,"CERT,LAUNCH,ORDER","유리 기판 관련주, '함박웃음' 피아이이·HB테크놀러지",http://www.finomy.com/news/articleView.html?idxno=240175
2025-09-30,INVEST,""" OLED 도 뺏길라""···디스플레이, 정부지원 절실",https://www.ziksir.com/news/articleView.html?idxno=106640
2025-09-30,"INVEST,LAUNCH","중국 따돌리는 LG디스플레이, 하반기 실적반등 초록불",https://www.goodkyung.com/news/articleView.html?idxno=273685
2025-09-30,"INVEST,LAUNCH","디스플레이부터 2차전지까지…넥사다이내믹스, 기술력으로 시장 장악 나...",https://www.pinpointnews.co.kr/news/articleView.html?idxno=381742
2025-09-30,"INVEST,LAUNCH,ORDER","뉴로메카, E-ONG과 합작법인 설립, 세계 최대 중국 로봇 시장 본격 진출",http://www.kdpress.co.kr/news/articleView.html?idxno=141517
2025-09-30,"CERT,LAUNCH","ams오스람, 고출력 멀티-다이 레이저 패키지 '베가라스 파워' 시리즈 출...",https://www.epnc.co.kr/news/articleView.html?idxno=323142
2025-09-30,"INVEST,LAUNCH,ORDER",주식고수 매수 3위 '증권사 목표가 대폭 상향 또 신고가 경신' 삼성전자...,https://www.widedaily.com/news/articleView.html?idxno=279439
2025-09-30,"CERT,LAUNCH","ams OSRAM, 고출력 멀티-다이 레이저 패키지 'Vegalas™ Power 시리즈' 출...",http://www.marketnews.co.kr/news/articleView.html?idxno=73017
2025-09-30,"INVEST,LAUNCH,ORDER","""LG디스플레이 4년 만에 최대 실적""…하이브, BTS 모멘텀에 목표가 38만...",http://www.fnnews.com/news/202509301008465507
2025-09-30,LAUNCH,"LG디스플레이, 3분기 '깜짝 실적' 전망…""내년 더 좋다""",https://www.widedaily.com/news/articleView.html?idxno=279400
2025-09-30,"CERT,LAUNCH","ams OSRAM, 베갈라스 파워 레이저 시리즈로 프로젝션 광원 전환 가속",https://www.ddaily.co.kr/page/view/2025093010504799619
2025-09-30,"INVEST,LAUNCH",IT용  OLED  주도권 노리는 中 ···삼성·LG디스플레이는?,https://www.sisajournal-e.com/news/articleView.html?idxno=415683
2025-09-30,"CERT,LAUNCH",화면 입력과 충전을 동시에! PD & DP Alt 모니터 골라보기,https://www.ilovepc.co.kr/news/articleView.html?idxno=56247
2025-09-30,"INVEST,LAUNCH,ORDER","HB테크놀러지,  OLED  검사 넘어 2차전지 시장까지 정조준",https://www.pinpointnews.co.kr/news/articleView.html?idxno=381593
2025-09-30,INVEST,"[특징주]'디스플레이·반도체 기대' AP시스템, 9%대 상승",https://view.asiae.co.kr/article/2025093009205376639
2025-09-30,"INVEST,ORDER","8세대  OLED  투자 본격화…선익시스템, 증착장비 생산↑",https://dealsite.co.kr/articles/149015
2025-09-29,"INVEST,LAUNCH","SK증권 ""LG디스플레이 고객사 내 점유율 확대, 3분기 영업이익 기대이상...",https://www.businesspost.co.kr/BP?command=article_view&num=414085
2025-09-29,"LAUNCH,PARTNERSHIP","[진심분석] TGS 2025 성료,K-게임 일본 시장 공략 신기원 발견",http://www.ttlnews.com/news/articleView.html?idxno=3035099
2025-09-29,"INVEST,LAUNCH,ORDER,REGUL",[헬로스톡] 9월 29일 주목할 핵심 종목: 네이버·LG디스플레이·CJ대한통...,https://www.hellot.net/news/article.html?no=105906
2025-09-29,INVEST,"삼성전자, 삼성D 대신 LGD와  OLED  협업 강화한 이유",https://www.newstopkorea.com/news/articleView.html?idxno=40110
2025-09-29,"INVEST,ORDER","OLED  수요 증가 수혜… 영우디에스피, 장비 공급 주목",https://www.pinpointnews.co.kr/news/articleView.html?idxno=381396
2025-09-12,"CERT,INVEST,LAUNCH","극한의 초고주사율 갖춘 차세대 게이밍 모니터, 에이수스 ROG Strix  OLED  XG...",https://www.ilovepc.co.kr/news/articleView.html?idxno=56240
2025-09-29,INVEST,반등에도 웃을 수만은 없는  패널 사…中 격차 확대 '우려',https://www.dailian.co.kr/news/view/1555337/?sc=Naver
2025-09-29,INVEST,"[ET특징주]LG디스플레이, 수익성 개선에 상승세",https://www.etnews.com/20250929000338
2025-09-29,"INVEST,LAUNCH","애플도 가세한 폴더블폰 시장, IT산업 새 성장 모멘텀 기대감 솔솔",https://www.mk.co.kr/article/11431775
2025-09-29,INVEST,"[특징주]뉴로메카, 中LTOM 그룹과 300억 합작 투자…휴머노이드 확장 목...",https://view.asiae.co.kr/article/2025092914080752442
2025-09-29,"LAUNCH,ORDER,PARTNERSHIP","[더벨][사법리스크 해소, 달라진 JY]다시 뛰는 이재용, '뉴삼성' 시계 돌...",https://www.thebell.co.kr/free/content/ArticleView.asp?key=202509181759161040101154
2025-09-29,INVEST,"中 전략산업 겨냥…뉴로메카, LTOM 그룹과 300억 합작 투자",https://zdnet.co.kr/view/?no=20250929113334
2025-09-29,"CERT,INVEST,LAUNCH,ORDER","뉴로메카, LTOM 그룹 이옹과 합작법인 설립…세계 최대 中 로봇시장 진...",https://www.irobotnews.com/news/articleView.html?idxno=42608
2025-10-09,INVEST,"OLED 에서 반도체까지…로체시스템즈, 정밀기술로 성장의 길 열다",https://www.pinpointnews.co.kr/news/articleView.html?idxno=383370
2025-10-02,"INVEST,REGUL","‘中 뛰는데’⋯ K-디스플레이, 세액공제 이월 ‘10년 족쇄’ 풀어달라",https://www.viva100.com/article/20251001500970
2025-10-01,INVEST,"삼성디스플레이, '도쿄게임쇼 2025' 참가…엔씨소프트와 올레드( OLED ·유...",http://www.econonews.co.kr/news/articleView.html?idxno=407575
2025-09-28,"LAUNCH,REGUL",[브리프] 현대차 CJ그룹 두산밥캣 LG디스플레이 삼성디스플레이 LG화학 ...,http://www.biztribune.co.kr/news/articleView.html?idxno=340941
2025-09-28,"CERT,INVEST,LAUNCH,PARTNERSHIP,REGUL","삼성D, 글로벌 파트너십 강화…도쿄·타이베이 잇단 행보",https://www.asiatime.co.kr/article/20250926500315
2025-09-27,LAUNCH,韓 게임사들 '서브컬처 본고장' 일본서 멀티플랫폼으로 승부수,https://www.pointdaily.co.kr/news/articleView.html?idxno=271997
2025-09-26,INVEST,"“디스플레이 성능은 게임을 해보면 안다”…삼성D, 엔씨 손 잡고 도쿄...",https://www.segye.com/newsView/20250926506020?OutUrl=naver
2025-09-26,INVEST,[제16회 디스플레이의 날] 특별공로상에 최주선·김현재·조성경,https://www.etnews.com/20250926000086
2025-09-26,INVEST,"정철동 LG디스플레이 사장 ""韓 미래는  OLED …연간 흑자""",https://www.financialpost.co.kr/news/articleView.html?idxno=234022
2025-09-26,"INVEST,LAUNCH","삼성디스플레이, TGS 2025서  OLED  체험존 운영",http://www.thelec.kr/news/articleView.html?idxno=41434
2025-09-26,INVEST,"삼성D, '도쿄게임쇼'에서 신작게임  OLED  체험존 운영…""한계 없는 몰입 ...",https://www.pointdaily.co.kr/news/articleView.html?idxno=272095
2025-09-26,INVEST,"삼성디스플레이, 엔씨와 도쿄게임쇼 2025서  OLED  화질 체험 마케팅",https://www.cstimes.com/news/articleView.html?idxno=669724
2025-09-26,"CERT,INVEST,LAUNCH","[산업 이모저모] LG디스플레이 윤수영 CTO, '디스플레이의 날' 행사서 은...",https://www.greened.kr/news/articleView.html?idxno=331606
2025-09-26,INVEST,"삼성디스플레이-엔씨소프트, 도쿄게임쇼 2025 체험존 운영",http://www.finomy.com/news/articleView.html?idxno=239951
2025-09-26,INVEST,"삼성디스플레이, '도쿄게임쇼'에서 신작게임  OLED  체험존 운영",https://www.megaeconomy.co.kr/news/newsview.php?ncode=1065595035739865
2025-09-26,INVEST,"삼성D, '도쿄게임쇼'에서 엔씨소프트와  OLED  화질 체험 마케팅",https://www.fetv.co.kr/news/article.html?no=202211
2025-09-26,INVEST,"삼성디스플레이, 도쿄게임쇼서  OLED  화질 체험존 운영",http://www.thebigdata.co.kr/view.php?ud=2025092614231788974aca46cea9_23
2025-09-26,INVEST,"삼성D-엔씨소프트, 도쿄게임쇼서 신작게임  OLED  체험존 운영",http://www.inews24.com/view/1891255
2025-09-26,INVEST,"삼성디스플레이, 엔씨소프트와 협력 마케팅... '도쿄게임쇼'서 신작게임...",http://www.sisacast.kr/news/articleView.html?idxno=82711
2025-09-26,INVEST,"삼성D, 도쿄게임쇼서 엔씨소프트 신작게임  OLED  체험존 운영",http://www.g-enews.com/ko-kr/news/article/news_all/2025092611071358266ed0c62d49_1/article.html
2025-09-26,INVEST,"삼성D, '도쿄게임쇼'서 엔씨소프트와  OLED  화질 체험 마케팅",http://www.popcornnews.net/news/articleView.html?idxno=95896
2025-09-26,INVEST,"삼성디스플레이, 도쿄게임쇼서  OLED  체험존 운영..엔씨와 협력",http://www.ftoday.co.kr/news/articleView.html?idxno=348337
2025-09-26,"INVEST,LAUNCH","삼성디스플레이, 도쿄게임쇼서  OLED  체험존 운영",http://www.whitepaper.co.kr/news/articleView.html?idxno=252599
2025-09-26,INVEST,삼성디스플레이 '도쿄게임쇼'서 엔씨 '브레이커스'  OLED  체험존 운영,https://www.smartfn.co.kr/news/articleView.html?idxno=121377
2025-09-26,INVEST,"삼성디스플레이, 엔씨소프트와 '도쿄게임쇼'  OLED  체험존 운영",https://www.ddaily.co.kr/page/view/2025092609480860175
2025-09-26,INVEST,"삼성D, 도쿄게임쇼서 엔씨와  OLED  화질 체험 마케팅",http://www.smedaily.co.kr/news/articleView.html?idxno=339204
2025-09-26,INVEST,"삼성디스플레이, 도쿄게임쇼서 엔씨소프트와 ' OLED  체험존' 운영",https://www.newsquest.co.kr/news/articleView.html?idxno=253758
2025-09-26,"INVEST,LAUNCH","삼성디스플레이, 도쿄게임쇼서 차세대  OLED  기술·게이밍 혁신 선봬",https://www.joongangenews.com/news/articleView.html?idxno=453831
2025-09-26,"INVEST,LAUNCH","삼성디스플레이, 엔씨와 ‘도쿄게임쇼’서  OLED  체험존 운영",http://www.newstomato.com/ReadNews.aspx?no=1276309&inflow=N
2025-09-26,"LAUNCH,PARTNERSHIP","삼성디스플레이, 글로벌 IT사와 협력 강화... OLED  점유율 대폭 높인다",https://www.pointdaily.co.kr/news/articleView.html?idxno=271829
2025-09-26,"INVEST,LAUNCH","삼성디스플레이, 도쿄게임쇼서 엔씨 신작과  OLED  체험존 운영",https://www.dailian.co.kr/news/view/1554339/?sc=Naver
2025-09-26,"CERT,LAUNCH",알파스캔 차세대 AOC  OLED  게이밍 모니터 2종 동시 출시 기념 행사 진행,https://gamefocus.co.kr/detail.php?number=169672
2025-09-26,INVEST,"삼성디스플레이, 엔씨소프트와 '도쿄게임쇼'서  OLED  체험존 운영",https://www.newscj.com/news/articleView.html?idxno=3322257
2025-09-26,"INVEST,LAUNCH","삼성디스플레이, '도쿄게임쇼'서 신작게임  OLED  체험존 운영",https://zdnet.co.kr/view/?no=20250926091518
2025-09-26,INVEST,"삼성디스플레이, 엔씨 신작 '브레이커스'로  OLED  게이밍 화질 뽐내",http://www.womentimes.co.kr/news/articleView.html?idxno=91096
2025-09-26,"INVEST,LAUNCH","삼성D, 도쿄게임쇼서  OLED  압도적 화질 입증···엔씨와 공동 무대",http://www.enewstoday.co.kr/news/articleView.html?idxno=2334579
2025-09-26,INVEST,"삼성D, NC와 협력… '도쿄게임쇼'서 신작게임  OLED  체험존 운영",https://www.pressman.kr/news/articleView.html?idxno=94584
2025-09-26,INVEST,"삼성D, '도쿄게임쇼'서 게이밍 올레드 알린다",https://www.widedaily.com/news/articleView.html?idxno=279158
2025-09-26,"INVEST,LAUNCH","""LCD보다 '15배' 빨라 게임하기 딱좋네"" 삼성D, 엔씨소프트와 ' OLED ' 체험...",https://www.nbnews.kr/news/articleView.html?idxno=115040
2025-09-26,INVEST,"삼성D, 도쿄게임쇼 출격...엔씨소프트와 협업",http://www.hansbiz.co.kr/news/articleView.html?idxno=779774
2025-09-26,"INVEST,LAUNCH","삼성디스플레이, 도쿄게임쇼에서  OLED  게이밍 체험존 운영",https://www.newspim.com/news/view/20250926000118
2025-09-26,INVEST,"삼성D, '도쿄게임쇼'서 엔씨소프트 신작 게임  OLED  체험존 운영",https://www.moneys.co.kr/article/2025092608222072729
2025-09-26,INVEST,"삼성D, 도쿄게임쇼서 엔씨소프트와 협력 마케팅 진행",https://www.asiaa.co.kr/news/articleView.html?idxno=225025
2025-09-26,LAUNCH,"삼성D·엔씨소프트, 도쿄게임쇼서 공동부스 ""게임엔  OLED """,http://www.m-i.kr/news/articleView.html?idxno=1286900
2025-09-26,INVEST,"‘도쿄게임쇼’ 찾은 삼성D, 엔씨소프트와  OLED  체험존 운영",https://biz.heraldcorp.com/article/10583941?ref=naver
2025-09-26,INVEST,"삼성D, 엔씨소프트와 '도쿄게임쇼'  OLED  체험존 운영",https://www.etoday.co.kr/news/view/2510487
2025-09-26,INVEST,"삼성D, 엔씨소프트와 도쿄게임쇼 ' OLED  체험존' 운영",http://www.edaily.co.kr/news/newspath.asp?newsid=02273046642304056
2025-09-26,INVEST,"삼성D, 도쿄게임쇼서 엔씨 신작게임  OLED  체험존 운영",https://www.yna.co.kr/view/AKR20250926025900003?input=1195m
2025-09-26,INVEST,"""엔씨 '브레이커스',  OLED 로 즐겨요""...삼성D, 도쿄게임쇼 체험존 운영",https://www.pinpointnews.co.kr/news/articleView.html?idxno=380444
2025-09-26,INVEST,"[TGS 2025] "" OLED 로 한계 없는 몰입 경험"" 삼성디스플레이, 엔씨소프트와...",https://www.financialpost.co.kr/news/articleView.html?idxno=233926
2025-09-26,INVEST,"삼성D, 엔씨소프트와 도쿄게임쇼 체험존 운영… OLED ·브레이커스 선보인...",https://view.asiae.co.kr/article/2025092607535695439
2025-09-26,INVEST,"삼성D, 엔씨소프트와 '도쿄게임쇼' 찾았다",http://thetracker.co.kr/View.aspx?No=3797372
2025-09-26,"LAUNCH,PARTNERSHIP",삼성D “글로벌 파트너들과 ‘IT  OLED  대세화’ 선도할 것”,http://www.newstomato.com/ReadNews.aspx?no=1276273&inflow=N
2025-09-25,CERT,"에이수스,  OLED  고주사율 게이밍 모니터 'ROG Strix XG27ACDMS' 등 2종 출...",https://www.betanews.net/article/view/beta202509250121
2025-09-25,LAUNCH,"삼성디스플레이 ""IT  OLED 가 대세...협력으로 시장 선점""",http://www.thelec.kr/news/articleView.html?idxno=41399
2025-09-25,"LAUNCH,PARTNERSHIP","삼성디스플레이, 타이베이서 '삼성  OLED  IT 서밋 2025' 개최",https://www.pressman.kr/news/articleView.html?idxno=94573
2025-09-25,"LAUNCH,PARTNERSHIP",삼성디스플레이 “ OLED  대세되려면 생태계 구성원간 협력이 절대적”,https://www.mk.co.kr/article/11429359
2025-09-25,"LAUNCH,PARTNERSHIP","삼성D, 대만서 ' OLED  IT서밋'…파트너들과 대세화 선도",http://www.shinailbo.co.kr/news/articleView.html?idxno=2123003
2025-09-25,"LAUNCH,PARTNERSHIP","삼성디스플레이, 타이베이서 ' OLED  IT 서밋 2025' 개최",http://www.finomy.com/news/articleView.html?idxno=239865
2025-09-25,"CERT,LAUNCH","에이수스,  OLED  고주사율 게이밍 모니터 'ROG Strix' 신제품 2종 출시",https://gamefocus.co.kr/detail.php?number=169653
2025-09-25,"LAUNCH,PARTNERSHIP","삼성디스플레이, ' OLED  IT 서밋 2025' 개최… ' OLED  대세화 속도 높인다'",http://www.biztribune.co.kr/news/articleView.html?idxno=340847
2025-09-25,"LAUNCH,PARTNERSHIP","타이베이서 '삼성  OLED  IT 서밋 2025'…삼성디스플레이, 'IT  OLED  대세화'...",https://www.financialpost.co.kr/news/articleView.html?idxno=233909
2025-09-25,"CERT,INVEST,LAUNCH,ORDER,PARTNERSHIP,REGUL",[AT 산업 단신]삼성전자·삼성전기·삼성디스플레이·LG디스플레이·LS일...,https://www.asiatime.co.kr/article/20250925500371
2025-09-25,"LAUNCH,PARTNERSHIP","삼성D, 글로벌 파트너들과 'IT  OLED  대세화' 선도",http://www.smedaily.co.kr/news/articleView.html?idxno=339122
2025-09-25,PARTNERSHIP,"삼성디스플레이 ""IT  OLED  대세화 시작… 생태계 협력해 시장 선도""",https://www.newscj.com/news/articleView.html?idxno=3322033
2025-09-25,"LAUNCH,PARTNERSHIP","삼성D, 대만서 '삼성  OLED  IT 서밋 2025' 개최",http://www.g-enews.com/ko-kr/news/article/news_all/2025092515373485626ed0c62d49_1/article.html
2025-09-25,"LAUNCH,PARTNERSHIP","삼성D ""글로벌 파트너들과 'IT  OLED  대세화' 선도""",https://www.econovill.com/news/articleView.html?idxno=712780
2025-09-25,LAUNCH,"삼성디스플레이, 빅테크 초청해 IT  OLED  대세화 선언",https://www.greened.kr/news/articleView.html?idxno=331565
2025-09-25,"LAUNCH,PARTNERSHIP","삼성D ""IT  OLED  대세화 시작"" … 협력사와 비전 공유",https://biz.newdaily.co.kr/site/data/html/2025/09/25/2025092500331.html
2025-09-25,"INVEST,LAUNCH,PARTNERSHIP","삼성디스플레이 '삼성  OLED  IT 서밋' 개최, 'UT 원' 포함  OLED  신기술 소...",https://www.businesspost.co.kr/BP?command=article_view&num=413539
2025-09-25,"LAUNCH,PARTNERSHIP","삼성디스플레이, ' OLED  IT 서밋 2025' 개최…최신 기술 20여 종 전시",https://www.newspim.com/news/view/20250925000867
2025-09-25,"LAUNCH,PARTNERSHIP","삼성디스플레이, 글로벌 파트너들과 'IT  OLED  대세화' 선도",https://www.ajunews.com/view/20250925082132853
2025-09-25,LAUNCH,"삼성디스플레이, 타이베이서 ‘ OLED  IT 서밋’…대세화 주도 본격화",https://www.etoday.co.kr/news/view/2510108
2025-09-25,"LAUNCH,PARTNERSHIP","삼성D, ' OLED  IT 서밋' 개최…IT  OLED  비전 공유",http://www.srtimes.kr/news/articleView.html?idxno=186637
2025-09-25,"LAUNCH,PARTNERSHIP","삼성디스플레이, 글로벌 파트너 초청 '삼성  OLED  IT 서밋' 개최",http://www.popcornnews.net/news/articleView.html?idxno=95733
2025-09-25,"LAUNCH,PARTNERSHIP","삼성디스플레이 ""IT  OLED  대세화 시작…시장 주도하겠다""",https://www.dailian.co.kr/news/view/1553867/?sc=Naver
2025-09-25,"LAUNCH,PARTNERSHIP","삼성D, '삼성  OLED  IT 서밋 2025' 개최...IT  OLED  대세화 선도",https://www.asiaa.co.kr/news/articleView.html?idxno=224893
2025-09-25,"LAUNCH,PARTNERSHIP","삼성디스플레이, 타이베이서 저전력 기술 'UT 원' 등 공개",https://daily.hankooki.com/news/articleView.html?idxno=1275854
2025-09-25,"CERT,LAUNCH","에이수스,  OLED 의 압도적인 비주얼 가진 고주사율 게이밍 모니터 2종 출...",https://www.ilovepc.co.kr/news/articleView.html?idxno=56181
2025-09-25,"CERT,LAUNCH","에이수스,  OLED  기반 고주사율 게이밍 모니터 2종 출시",https://www.epnc.co.kr/news/articleView.html?idxno=322923
2025-09-25,"CERT,LAUNCH","에이수스,  OLED  기반 280Hz·4K 게이밍 모니터 2종 출시",https://www.cbci.co.kr/news/articleView.html?idxno=530233
2025-09-25,"CERT,LAUNCH","에이수스,  OLED  고주사율 게이밍 모니터 2종 출시",https://www.cnet.co.kr/view/?no=20250925101444
2025-09-25,LAUNCH,"""몰입감 터진다""…에이수스,  OLED  ROG 게이밍모니터 2종 출시",https://www.news1.kr/it-science/general-it/5924632
2025-09-25,"CERT,LAUNCH","에이수스, ROG 스트릭스(Strix) 27·32형 게이밍 모니터 신제품 출시... 최...",https://kr.aving.net/news/articleView.html?idxno=1804486
2025-09-24,"CERT,LAUNCH","알파스캔, 차원이 다른  OLED  x 500Hz 'AOC Q27G4KD' 게이밍 모니터 출시",https://gamefocus.co.kr/detail.php?number=169562
2025-09-24,"CERT,LAUNCH","알파스캔, 500Hz 지원  OLED  게이밍 모니터 'AOC Q27G4KD' 출시",https://www.ilovepc.co.kr/news/articleView.html?idxno=56158
2025-09-24,LAUNCH,"알파스캔,  OLED  x 500Hz AOC Q27G4KD 게이밍 모니터 출시",http://www.technoa.co.kr/news/articleView.html?idxno=99892
2025-09-22,"INVEST,LAUNCH","[김지영의 생존투자] ‘고수익 검사장비’ 이노테크, 코스닥 상장 도전...",https://www.dt.co.kr/article/12019426?ref=naver
2025-09-22,"INVEST,LAUNCH","삼성디스플레이, 폴더블·전장·차세대  OLED 라인 투자로 '멀티 성장' 가...",http://www.popcornnews.net/news/articleView.html?idxno=94974
2025-09-19,"INVEST,LAUNCH,PARTNERSHIP","시그마인텔 ""中,  OLED  TV 진출 5년은 필요""",https://www.newstopkorea.com/news/articleView.html?idxno=30637
2025-09-19,"INVEST,LAUNCH","中  OLED  시설 확장, 삼성·LG의 '초격차' 전략이 분수령",https://www.smartfn.co.kr/news/articleView.html?idxno=120698
2025-09-19,"INVEST,LAUNCH","[창간 23] K-디스플레이, 고부가·신기술로 글로벌 위상 지킨다",https://www.seoulfn.com/news/articleView.html?idxno=607104
2025-09-19,INVEST,"[채널Who] 삼성SDI 캐즘으로 직면한 재무리스크, 최주선 '선택과 집중' ...",https://www.businesspost.co.kr/BP?command=article_view&num=412597
2025-09-19,INVEST,"삼성SDI 재무 리스크에 증설과 기술력 '선택과 집중', 최주선 '불도저식...",https://www.businesspost.co.kr/BP?command=article_view&num=412602
2025-09-18,INVEST,"이재용, '현장 경영'… 삼성디스플레이 아산 사업장 방문",https://www.industrynews.co.kr/news/articleView.html?idxno=71686
2025-09-18,INVEST,"이재용 회장, 삼성디스플레이 아산캠퍼스 현장 점검",http://www.econonews.co.kr/news/articleView.html?idxno=405240
2025-09-18,"INVEST,LAUNCH,PARTNERSHIP",[더벨][이노테크 IPO]공모 자금 190억 '폴더블·플렉서블'에 투입,https://www.thebell.co.kr/free/content/ArticleView.asp?key=202509171536423200107529
2025-09-18,"INVEST,LAUNCH","이재용, 삼성디스플레이 아산캠퍼스 찾아 올레드 사업 현황 점검...중국...",https://www.greened.kr/news/articleView.html?idxno=331242
2025-09-18,INVEST,"""위기 돌파, 현장서 해결’…이재용, 디스플레이·바이오사업 점검",https://www.sedaily.com/NewsView/2GXY7982I9
2025-09-18,INVEST,"이재용 회장, 현장경영 행보… 삼성디스플레이 아산캠퍼스 방문",https://www.newscj.com/news/articleView.html?idxno=3319226
2025-09-17,INVEST,"이재용 회장, 삼성D 아산 찾았다… 현장 경영 행보",https://biz.newdaily.co.kr/site/data/html/2025/09/17/2025091700467.html
2025-09-17,"INVEST,LAUNCH","이재용, 삼성디스플레이 아산 사업장 방문…현장 경영 행보",http://www.newstomato.com/ReadNews.aspx?no=1275279&inflow=N
2025-09-17,INVEST,"삼성 이재용, 아산 삼성디스플레이 방문..."" QD   OLED  생산라인 점검""",http://www.biztribune.co.kr/news/articleView.html?idxno=340334
2025-09-17,"INVEST,LAUNCH","아산 간 이재용, 삼성디스플레이 현장 챙겼다",https://www.hankyung.com/article/2025091707571
2025-09-17,INVEST,삼성 이재용 삼성디스플레이 사업장 방문…'현장 경영' 박차,http://www.fnnews.com/news/202509171724342235
2025-09-17,"INVEST,LAUNCH","이재용, 삼성D 아산캠퍼스 찾아 점검…글로벌 경쟁 속 현장경영",https://www.ebn.co.kr/news/articleView.html?idxno=1678990
2025-09-17,INVEST,"이재용 회장, 삼성디스플레이 생산 시설 현장 점검",https://www.asiatoday.co.kr/view.php?key=20250917010009784
2025-09-17,INVEST,"이재용 회장, '현장 경영' 행보…삼성D 아산캠퍼스 방문",http://www.g-enews.com/ko-kr/news/article/news_all/2025091717382083786ed0c62d49_1/article.html
2025-09-17,INVEST,"이재용, 삼성디스플레이 아산캠퍼스 방문…현장경영 지속",http://www.shinailbo.co.kr/news/articleView.html?idxno=2118466
2025-09-17,INVEST,"이재용, 현장경영 ‘잰걸음’… 삼성D 아산 사업장 방문",https://www.dt.co.kr/article/12018605?ref=naver
2025-09-17,INVEST,"이재용 회장, 삼성디스플레이 사업장 점검",https://www.etnews.com/20250917000419
2025-09-17,"INVEST,LAUNCH","이재용 회장, 삼성디스플레이 아산캠퍼스 방문…“ OLED  주도권 사수” ...",https://www.etoday.co.kr/news/view/2507626
2025-09-17,INVEST,"이재용, 연이은 현장경영…삼성디스플레이 차세대  OLED  라인 점검",https://weekly.hankooki.com/news/articleView.html?idxno=7129008
2025-09-17,INVEST,"이재용, 삼성디스플레이 아산캠퍼스 점검…현장경영 이어가",http://www.yonhapnewstv.co.kr/AKR20250917172201Cna
2025-09-17,INVEST,"“현장경영 고삐 죄는 삼성”...이재용 회장, 삼성디스플레이 아산캠퍼...",https://www.seoultimes.news/news/article.html?no=2000080661
2025-09-17,INVEST,"이재용 삼성디스플레이 충남 아산 사업장 점검, 현장경영 행보 이어가",https://www.businesspost.co.kr/BP?command=article_view&num=412386
2025-09-17,INVEST,이재용 회장 '현장 경영' 행보…삼성디스플레이 아산캠퍼스 방문,https://www.youthdaily.co.kr/news/article.html?no=196526
2025-09-17,INVEST,"이재용, 아산 삼성디스플레이 방문…쉴 틈 없는 '초격차' 현장경영",http://www.m-i.kr/news/articleView.html?idxno=1283409
2025-09-17,INVEST,"이재용, 삼성디스플레이 현장 경영… OLED  사업 점검",https://www.newsway.co.kr/news/view?ud=2025091717005696499
2025-09-17,INVEST,"이재용 회장, 삼성디스플레이 아산 방문…“차세대  OLED  직접 챙긴다”",https://www.kukinews.com/article/view/kuk202509170184
2025-09-17,INVEST,"이재용, '현장 경영' 잰걸음…삼성디스플레이 사업장 점검",https://www.hankyung.com/article/202509170335g
2025-09-17,INVEST,"이재용 삼성전자 회장, 삼성디스플레이 아산캠퍼스 방문…현장경영 통...",http://www.queen.co.kr/news/articleView.html?idxno=442490
2025-09-17,INVEST,"이재용, 삼성디스플레이 아산캠퍼스 방문…현장경영 행보",https://www.yna.co.kr/view/AKR20250917144400003?input=1195m
2025-09-17,"INVEST,LAUNCH","이재관 의원, 디스플레이 산업 경쟁력 강화 정책토론회 개최",https://daily.hankooki.com/news/articleView.html?idxno=1271886
2025-09-12,"CERT,LAUNCH","MSI, ‘2025 서울팝콘’에 상륙...고성능 게이밍 PC로 관람객 몰이 나서",https://www.cnet.co.kr/view/?no=20250912160326
2025-09-11,LAUNCH,"""폴더블·롤러블 커버윈도우 시장 2029년 7억 달러 돌파 전망""",https://zdnet.co.kr/view/?no=20250911093105
2025-09-10,INVEST,"시장조사업체 ""2분기  OLED  출하량 2% 감소, LG디스플레이 압박 받는 상황...",https://www.businesspost.co.kr/BP?command=article_view&num=411366
2025-09-10,PARTNERSHIP,"2분기  OLED  출하량, 전년比 2%↓…모니터·노트북 채택 급증",https://www.news1.kr/industry/general-industry/5907474
2025-09-09,"INVEST,LAUNCH","삼성디스플레이, 내년 모니터용  QD-OLED  패널 생산량 대폭 늘린다",https://zdnet.co.kr/view/?no=20250909093211
2025-09-09,"LAUNCH,REGUL",유럽 심장을 두드린 韓 AI 가전…中도 프리미엄 전략으로 공략 박차 [IF...,http://www.fnnews.com/news/202509081441585408
2025-09-08,CERT,"[탐방] 에스제이신소재, 둔곡산단 BIPV 컬러유리 전용공장 가동… 첨단...",https://www.industrynews.co.kr/news/articleView.html?idxno=71146
2025-09-07,"LAUNCH,PARTNERSHIP",전시장 3곳 중 1곳이 中기업… AI·프리미엄으로 유럽 가전시장 공략[IF...,http://www.fnnews.com/news/202509071823547821
2025-09-07,"CERT,LAUNCH,PARTNERSHIP,REGUL",中 가전 'AI·프리미엄'으로 무장…유럽 무대 가전 경쟁 본격화 [IFA 2025...,http://www.fnnews.com/news/202509060533525377
2025-09-07,LAUNCH,"中 TCL, 'IFA 2025'에 AI 동반자 로봇 'TCL 에이미' 선보여",https://www.irobotnews.com/news/articleView.html?idxno=42251
2025-09-07,"LAUNCH,REGUL","[IFA 2025] 韓·中·日, RGB LED TV '빅매치'",https://www.etnews.com/20250906000026
2025-09-06,LAUNCH,"中, RGB TV 전면에 내세워 삼성·LG에 도전장 [IFA 2025]",https://www.dailian.co.kr/news/view/1545378/?sc=Naver
2025-09-06,PARTNERSHIP,중국 TV 맹추격에도 “단 하나만 산다면 삼성·LG” [IFA 2025],https://biz.heraldcorp.com/article/10569855?ref=naver
2025-09-06,LAUNCH,"韓 TV, 기술로 버틴다…‘프리미엄 시장’ 사수전 ['치지직' 위기의 韓 ...",https://economist.co.kr/article/view/ecn202509040020
2025-10-11,"CERT,INVEST,LAUNCH,ORDER,PARTNERSHIP","시스템반도체 관련주, '웃음꽃' 한미반도체·코아시아·DB하이텍·이미지...",http://www.finomy.com/news/articleView.html?idxno=240536
2025-10-11,"INVEST,LAUNCH,ORDER,PARTNERSHIP","반도체 장비 관련주, '어깨춤 으쓱으쓱' 팸텍·한미반도체·로보스타·H...",http://www.finomy.com/news/articleView.html?idxno=240534
2025-10-07,INVEST,"[미래 소부장 의존]""디스플레이 강국의 민낯…액정·컬러필터 국산화율...",https://view.asiae.co.kr/article/2025100310523053871
2025-09-30,LAUNCH,"금오공대-군산대 연구팀, 초고감도 세슘 검출 ‘SERS 센서’ 개발",http://www.breaknews.com/1151576
2025-09-29,"CERT,INVEST,LAUNCH,PARTNERSHIP","“소비가 곧 가치가 되는 플랫폼”…브이랩스 이장욱 대표, 마이브이(M...",https://www.venturesquare.net/1007053
2025-09-26,"INVEST,LAUNCH","마이크로 LED  시장 2030년 12억달러 급성장…""프리미엄 웨어러블 표준 예...",https://www.ddaily.co.kr/page/view/2025092614174664569
2025-09-26,"INVEST,LAUNCH","""마이크로  LED  스마트워치 시장, 2030년 12억달러 규모 성장 전망""",https://www.getnews.co.kr/news/articleView.html?idxno=842485
2025-09-26,"CERT,LAUNCH","클레녹스(CLENOX), 특허 NB P-Complex 앞세워 국내 론칭",https://magazine.hankyung.com/job-joy/article/202509269860d
2025-09-26,"CERT,LAUNCH","클레녹스, 특허성분 앞세워 프리미엄 홈케어 시장 공식진출",http://www.koreastocknews.com/news/articleView.html?idxno=114215
2025-09-26,"CERT,LAUNCH","CLENOX, 특허 포뮬러와 기술력으로 국내 홈클리닉 시장 진출",https://www.goodkyung.com/news/articleView.html?idxno=273391
2025-09-26,"CERT,LAUNCH,PARTNERSHIP","클레녹스(CLENOX), 프리미엄 홈케어 브랜드 국내 런칭",http://www.sisunnews.co.kr/news/articleView.html?idxno=229549
2025-09-26,"CERT,LAUNCH","임상으로 입증된 NB P-Complex… 클레녹스, 'Pin Shot 300' 첫선",https://www.delighti.co.kr/news/articleView.html?idxno=103195
2025-09-26,"INVEST,LAUNCH","""마이크로  LED  스마트워치 도입…2030년 12억불 전망""",https://www.widedaily.com/news/articleView.html?idxno=279152
2025-09-25,"CERT,LAUNCH","클레녹스, 프리미엄 홈클리닉 디바이스 'Pin Shot 300' 첫 공개",https://www.kfenews.co.kr/news/articleView.html?idxno=646500
2025-09-25,"CERT,INVEST,LAUNCH,PARTNERSHIP","샤오미코리아, 대형 발표... 국내 2·3호 스토어 동시 오픈·ESC 설립·8종...",https://www.insight.co.kr/news/521699
2025-09-25,LAUNCH,"클레녹스(CLENOX), 차세대 홈 클리닉 디바이스 국내 첫 출시",https://www.ekn.kr/web/view.php?key=20250925022260785
2025-09-25,"CERT,LAUNCH","CLENOX, 국내 런칭 시작…집에서 즐기는 홈클리닉",https://www.it-b.co.kr/news/articleView.html?idxno=84312
2025-09-25,"CERT,LAUNCH","프리미엄 홈케어 브랜드 CLENOX, 국내 첫 선",http://www.segyebiz.com/newsView/20250924514365?OutUrl=naver
2025-09-24,INVEST,"미래나노텍, 디스플레이·배터리 핵심소재로 글로벌 도약",https://www.pointdaily.co.kr/news/articleView.html?idxno=271544
2025-09-24,INVEST,"미래나노텍, BLU 광학필름·양극재 첨가제로 글로벌 시장 노린다",https://www.pinpointnews.co.kr/news/articleView.html?idxno=379818
2025-09-24,"CERT,INVEST,LAUNCH,ORDER,PARTNERSHIP",[Who Is ?] 이명희 사피엔반도체 대표이사,https://www.businesspost.co.kr/BP?command=article_view&num=413204
2025-09-23,"INVEST,LAUNCH,PARTNERSHIP","반도체 장비 관련주, '봄꽃만개' 제이티·아스플로·에이팩트·원익홀딩...",http://www.finomy.com/news/articleView.html?idxno=239521
2025-09-16,"INVEST,LAUNCH,REGUL","인천연구원, 물류기업 디지털 전환 4대 전략-상업지역 주거복합건축물...",http://www.breaknews.com/1147894
2025-09-16,"INVEST,ORDER","반도체 장비 관련주, '덩실덩실' 테크윙·유니셈·러셀·에이팩트·HPSP....",http://www.finomy.com/news/articleView.html?idxno=238923
2025-09-13,"INVEST,LAUNCH",CMOS Backplane 독보적 기술… 사피엔반도체 글로벌 고객사 확대 기대,https://www.pinpointnews.co.kr/news/articleView.html?idxno=376440
2025-09-12,"INVEST,LAUNCH","반도체 장비 관련주, '맑음' 엔투텍·제이엔비·HPSP·하나마이크론·신...",http://www.finomy.com/news/articleView.html?idxno=238787
2025-09-12,LAUNCH,"“사피엔반도체, 스마트글래 산업 확대 수혜 기대”<SK證>",https://www.news2day.co.kr/article/20250912500121
2025-09-10,"CERT,LAUNCH","세연테크, 보급형 PTZ 뷸렛 IP카메라 출시",http://www.boannews.com/media/view.asp?idx=139174&kind=
2025-09-09,"INVEST,LAUNCH","폴스타, 4도어 퍼포먼스 그랜드 투어러 '폴스타 5' 공식 공개... 韓 시장...",https://kr.aving.net/news/articleView.html?idxno=1803857
2025-09-09,LAUNCH,[평양 시장경제 보고서]계획경제 틀과 배급제도의 잔존:인민반 단위 분...,http://www.breaknews.com/1146212
2025-09-09,"INVEST,LAUNCH",폴스타5 퍼포먼스 그랜드 투어러가 베일 벗었다...프리셉트 콘셉트 거의...,http://www.osen.co.kr/article/G1112652800
2025-09-09,"INVEST,LAUNCH","폴스타, 폴스타 5 퍼포먼스 그랜드 투어러 공개..국내 출시 일정은?",https://www.dailycar.co.kr/content/news.html?type=view&autoId=58897
2025-09-07,"CERT,LAUNCH,REGUL","[TV, 거실의 플랫폼이 되다] 'TV 왕좌' 재탈환 나선 韓, 차세대 전략은?",https://www.econovill.com/news/articleView.html?idxno=708298
2025-09-07,LAUNCH,[헬로즈업] ‘소재·장비·기판·OSAT’ 참가기업이 보여준 패키징 생태...,https://www.hellot.net/news/article.html?no=105035
2025-09-05,LAUNCH,[현장+] 中 'mini- LED ' vs 韓 'RGB  Micro - LED '...프리미엄 TV 대격돌,https://www.greened.kr/news/articleView.html?idxno=330773
2025-09-05,LAUNCH,가민 '피닉스8 프로' 시리즈 출시…최고 밝기·위성 연결 탑재,https://www.digitaltoday.co.kr/news/articleView.html?idxno=589934
2025-08-26,"INVEST,REGUL",[평양 시장경제 보고서]평양 하이브리드 생존경제 : 그것이 알고 싶다?,http://www.breaknews.com/1142893
2025-08-26,"INVEST,LAUNCH",'반도체 장비제조업체' 이알케이 매각 개시 [fn마켓워치],http://www.fnnews.com/news/202508251417258603
2025-08-25,LAUNCH,"브리츠, 진공관 감성의 무드램프 블루투스 스피커 ‘BZ-MK330’ 출시",https://www.betanews.net/article/view/beta202508250031
2025-08-25,LAUNCH,"브리츠, 진공관 감성 담은 무드램프 블루투스 스피커 ‘BZ-MK330’ 출시",https://kbench.com/?q=node/270611
2025-08-25,LAUNCH,"브리츠, 진공관 감성 담은 무드램프 블루투스 스피커 BZ-MK330 출시",http://www.technoa.co.kr/news/articleView.html?idxno=99731
2025-08-25,LAUNCH,"브리츠, 신제품 블루투스 스피커 'BZ-MK330' 출시",https://gamefocus.co.kr/detail.php?number=168606
2025-08-25,LAUNCH,"브리츠, 진공관 무드 담은 블루투스 스피커 'Z-MK330' 출시",https://www.cnet.co.kr/view/?no=20250825102758
2025-08-23,"INVEST,LAUNCH,ORDER,PARTNERSHIP","""애플·삼성 뒤에 사피엔반도체 있다?""... 유진투자證 ""AR 글래스 핵심 ...",https://www.pinpointnews.co.kr/news/articleView.html?idxno=370590
2025-08-21,"LAUNCH,REGUL","조남성 ETR 박사, 2025 머크 어워드 수상",https://www.ebn.co.kr/news/articleView.html?idxno=1675420
2025-08-21,"INVEST,LAUNCH,REGUL","머크, IMID에서 제22회 머크 어워드 수상자 발표",https://www.mk.co.kr/article/11399336
2025-08-21,"INVEST,LAUNCH","""차세대 디스플레이 전략은"" 유비리서치, 9월 세미나 개최",https://www.dailian.co.kr/news/view/1538580/?sc=Naver
2025-08-21,"INVEST,LAUNCH,REGUL","머크, 'IMID 2025'서 머크 어워드 수상자 발표··· ""고객 혁신 가속""",https://www.ajunews.com/view/20250821113146214
2025-08-21,"INVEST,LAUNCH,REGUL","머크, '사이언스 커넥트' 진행···AR·VR 등 미래 기술 비전 제시",http://www.enewstoday.co.kr/news/articleView.html?idxno=2318219
2025-08-21,"INVEST,LAUNCH","'OLED 대전환' 유비리서치, 2026 디스플레이 전략 세미나 개최",https://www.ebn.co.kr/news/articleView.html?idxno=1675367
2025-08-21,"INVEST,LAUNCH,REGUL","""디스플레이, 픽셀 넘어 광전자 시대로""…머크, IMID 2025서 미래 청사진...",https://www.ddaily.co.kr/page/view/2025082110341745871
2025-08-21,"INVEST,LAUNCH","유비리서치, '2026년 디스플레이 전략 세미나' 개최 예정…차세대 기술...",https://www.epnc.co.kr/news/articleView.html?idxno=321308
2025-08-21,"INVEST,LAUNCH","유비리서치, 내달 '2026년 디스플레이 전략 세미나' 개최",https://zdnet.co.kr/view/?no=20250821102113
2025-08-21,"INVEST,LAUNCH,REGUL","머크, IMID 2025서 'Beyond Pixels, Beyond Limits' 주제로 최신 디스플레...",https://www.koreaittimes.com/news/articleView.html?idxno=144823
2025-08-21,"INVEST,LAUNCH","차세대 디스플레이 전략은?…유비리서치, 9월 세미나 개최",https://www.econovill.com/news/articleView.html?idxno=708229
2025-08-21,"LAUNCH,REGUL","머크, 'IMID 2025'서 머크 어워드 수상자·광전자 기술 주제 발표",https://zdnet.co.kr/view/?no=20250821085319
2025-08-20,LAUNCH,"75, 86인치 넘어 100인치 TV 시대 '성큼'",http://www.wolyo.co.kr/news/articleView.html?idxno=264225
2025-08-16,LAUNCH,"[N2 뷰] ‘수요 절벽’ 직면한 TV 시장…삼성전자, ‘프리미엄 라인업’...",https://www.news2day.co.kr/article/20250814500309
2025-08-15,LAUNCH,사양화 속 '프리미엄 TV'의 승부수... 시장 판도 바뀔까,https://www.dailian.co.kr/news/view/1535584/?sc=Naver
2025-08-14,INVEST,"급성장하는 마이크로  LED  시장, 프리미엄 TV 시장 판도 변화 가속",https://www.ilovepc.co.kr/news/articleView.html?idxno=55664
2025-08-13,"INVEST,LAUNCH","마이크로  LED , 2030년 13억 달러 성장 전망",https://www.greened.kr/news/articleView.html?idxno=329882
2025-08-13,"CERT,LAUNCH,REGUL",삼성전자 ‘마이크로 RGB TV’ 출시,https://www.naeil.com/news/read/557853?ref=naver
2025-08-13,CERT,"삼성전자, 혁신·프리미엄·편의성 3박자…하반기 시장 공략 속도",http://www.thevaluenews.co.kr/news/view.php?idx=191950
2025-08-13,"CERT,LAUNCH","[뉴스줌인] 삼성전자 '마이크로 RGB TV', 4490만원의 가치는 있을까?",https://it.donga.com/107400/
2025-08-13,LAUNCH,"마이크로  LED  시장, 2030년 13억 달러 규모 성장 전망",https://www.epnc.co.kr/news/articleView.html?idxno=321020
2025-08-13,"CERT,LAUNCH,REGUL","아이맥스급 감동, 이제 거실에서...115인치 초대형 TV 첫선",https://www.banronbodo.com/news/articleView.html?idxno=30740
2025-08-13,"CERT,LAUNCH,REGUL","빛·색 정밀 제어로 초격차…삼성전자, '마이크로 RGB TV'로 프리미엄 시...",https://news.tf.co.kr/read/economy/2233385.htm
2025-08-12,"CERT,LAUNCH,REGUL","삼성전자, 세계 최초 '마이크로 RGB TV' 출시",https://www.dailysportshankook.co.kr/news/articleView.html?idxno=412065
2025-08-12,"CERT,LAUNCH,REGUL",세계 최초로 삼성전자가 내놓은 '마이크로 RGB TV' 가격은,https://www.getnews.co.kr/news/articleView.html?idxno=835679
2025-08-12,"CERT,LAUNCH,REGUL","삼성전자, 마이크로 RGB TV 출시...""색상·명암 정밀하게 표현""",http://www.ftoday.co.kr/news/articleView.html?idxno=346053
2025-08-12,"CERT,LAUNCH","[이슈] ""초소형  LED 로 색·명암 완벽 구현""…삼성전자, '마이크로 RGB TV'...",http://www.paxetv.com/news/articleView.html?idxno=242081
2025-08-12,LAUNCH,"삼성전자, ‘마이크로 RGB TV’ 세계 첫 출시…中 추격 따돌린다",https://www.kukinews.com/article/view/kuk202508120198
2025-08-12,"CERT,LAUNCH,REGUL","삼성전자, 세계 최초 '마이크로 RGB TV' 출시…AI 기술로 화질 경쟁력 강...",https://www.straightnews.co.kr/news/articleView.html?idxno=278445
2025-08-12,"CERT,LAUNCH,REGUL","삼성전자 '마이크로 RGB TV' 출시...""새로운 카테고리 만들 것""",https://www.greened.kr/news/articleView.html?idxno=329860
2025-08-12,LAUNCH,"삼성전자, 차세대 기술 집약 '마이크로 RGB TV' 출시..손태용 부사장 ""TV...",http://www.dailypop.kr/news/articleView.html?idxno=90350
2025-08-12,"CERT,LAUNCH,REGUL","삼성전자, 세계 최초 마이크로 RGB TV 출시…프리미엄 TV의 새 기준",http://www.segyebiz.com/newsView/20250812516622?OutUrl=naver
2025-08-12,"CERT,LAUNCH,REGUL","삼성전자, 세계 최초 '마이크로 RGB TV' 출시… 프리미엄 TV 기술의 새 기...",http://www.biztribune.co.kr/news/articleView.html?idxno=338459
2025-08-12,"CERT,LAUNCH","삼성전자, 첫 '마이크로 RGB TV' 출시…초프리미엄 시장 공략",https://www.nbntv.co.kr/news/articleView.html?idxno=4006658
2025-08-12,LAUNCH,"""초프리미엄 시장 공략""...삼성전자 '마이크로 RGB TV' 출시",http://www.edaily.co.kr/news/newspath.asp?newsid=05097126642266664
2025-08-12,"CERT,LAUNCH,REGUL","1등 삼성전자, 超프리미엄 TV 리더십 굳히기",http://www.00news.co.kr/news/articleView.html?idxno=96395
2025-08-12,"CERT,LAUNCH,REGUL","삼성전자, 세계 최초 '마이크로 RGB TV' 공개... 프리미엄 TV 새 기준",https://www.insight.co.kr/news/515589
2025-08-12,"CERT,LAUNCH","삼성전자, 세계 첫 ‘마이크로 RGB TV’…초프리미엄 화질 승부수",https://www.viva100.com/article/20250812500908
2025-08-12,"CERT,LAUNCH,REGUL","삼성전자, 세계 최초 '마이크로 RGB TV' 출시… ""프리미엄 TV 격차 벌린다...",https://www.greenpostkorea.co.kr/news/articleView.html?idxno=303342
2025-08-12,"CERT,LAUNCH,REGUL","프리미엄 TV의 새 기준...삼성전자, 세계 최초 '마이크로 RGB TV' 출시",https://www.bizwork.co.kr/news/articleView.html?idxno=405370
2025-08-12,"CERT,LAUNCH,REGUL","삼성전자, 세계 최초 '마이크로 RGB TV' 출시… 프리미엄 TV 기술 리더십...",https://www.industrynews.co.kr/news/articleView.html?idxno=70179
2025-08-12,"CERT,LAUNCH,REGUL","삼성, 세계 최초 '마이크로 RGB TV' 출시… 프리미엄TV 새 기준 제시",http://www.newsbrite.net/news/articleView.html?idxno=192574
2025-08-12,"CERT,LAUNCH","삼성전자, 세계 최초 ‘마이크로 RGB TV’ 출시…프리미엄 TV 새 기준",https://www.thepowernews.co.kr/view.php?ud=202508121639042478de3f0aa1be_7
2025-08-12,"CERT,LAUNCH,REGUL","삼성전자, 세계 첫 '마이크로 RGB TV' 출시…'차세대 디스플레이 기술' ...",http://www.100ssd.co.kr/news/articleView.html?idxno=124496
2025-08-12,"CERT,LAUNCH,REGUL","삼성전자, '마이크로 RGB TV' 세계 최초 출시",https://www.joongboo.com/news/articleView.html?idxno=363700458
2025-08-12,LAUNCH,"삼성전자, '마이크로 RGB TV' 출시…중국 추격 뿌리친다",https://dealsite.co.kr/articles/146337
2025-08-12,LAUNCH,[영상]4490만원 프리미엄 TV…삼성전자 '마이크로 RGB TV' 공개,https://www.businessplus.kr/news/articleView.html?idxno=94467
2025-08-12,"CERT,LAUNCH","삼성전자, 세계 최초 '마이크로 RGB TV' 출시…프리미엄 TV 기술 리더섭...",http://www.updownnews.co.kr/news/articleView.html?idxno=313688
2025-08-12,"CERT,LAUNCH,REGUL","삼성전자,'초정밀 컬러' LCD TV 세계 첫 출시...출고가 4490만원",https://www.starnewskorea.com/business-life/2025/08/12/2025081215483133640
2025-08-12,"CERT,LAUNCH","삼성전자, 세계 첫 '마이크로 RGB TV' 선봬",https://www.discoverynews.kr/news/articleView.html?idxno=1070846
2025-08-12,"CERT,LAUNCH","삼성전자 마이크로 RGB TV, 첨단 AI와 초미세 RGB 기술로 차세대 화질 기...",http://www.newsworker.co.kr/news/articleView.html?idxno=390591
2025-08-12,"CERT,LAUNCH","삼성전자, 세계 최초 ‘마이크로 RGB TV’ 공개…프리미엄 TV 새 기준 제...",https://www.todayeconomic.com/news/article.html?no=28011
2025-08-12,"CERT,LAUNCH,REGUL",삼성 TV 초격차 강화...세계 최초 '마이크로 RGB TV' 출시,http://thetracker.co.kr/View.aspx?No=3744884
2025-08-12,"CERT,LAUNCH,REGUL","세계 최초 '마이크로 RGB TV' 공개! 삼성, 프리미엄 TV 새 역사 쓴다",https://www.autodaily.co.kr/news/articleView.html?idxno=534879
2025-08-12,"CERT,LAUNCH,REGUL","삼성 'TV 초격차' 실현, 세계 최초 '마이크로 RGB TV' 출시",http://www.opinionnews.co.kr/news/articleView.html?idxno=122368
2025-08-12,"CERT,LAUNCH,REGUL","삼성전자, 프리미엄 TV의 새 기준 제시···'마이크로 RGB TV' 출시",https://www.ziksir.com/news/articleView.html?idxno=100400
2025-08-12,"CERT,LAUNCH,REGUL","""기술 우위 자신""…삼성전자, '마이크로 RGB'로 中 추격 따돌린다",https://www.econovill.com/news/articleView.html?idxno=707178
2025-08-12,"CERT,LAUNCH,REGUL","""프리미엄 TV의 새 기준""…삼성전자, 세계 최초 '마이크로 RGB TV' 출시",https://www.thepublic.kr/news/articleView.html?idxno=272897
2025-08-12,"CERT,LAUNCH,REGUL","[AT현장] 삼성전자 ""세계 최초 '마이크로 RGB TV'…색 재현력 다르다""",https://www.asiatime.co.kr/article/20250812500276
2025-08-12,LAUNCH,"삼성, 차세대 RGB 마이크로  LED  TV 공개…""中 추격에 프리미엄 승부수""",https://www.mediapen.com/news/view/1035618
2025-08-12,"CERT,LAUNCH,REGUL","삼성전자, 세계 최초 ‘마이크로 RGB TV’ 출시…초격차 TV 재시동",https://www.inthenews.co.kr/news/article.html?no=75580
2025-08-12,"CERT,LAUNCH,REGUL","삼성, 세계 최초 '마이크로 RGB TV' 출시…프리미엄TV 시장 정조준",https://www.itbiznews.com/news/articleView.html?idxno=177259
2025-08-12,"CERT,LAUNCH,REGUL","삼성전자, 세계 최초 ‘마이크로 RGB TV’ 출시",http://journal.kobeta.com/?post_type=post&p=60063
2025-08-12,"CERT,LAUNCH,REGUL","삼성전자, 마이크로 RGB TV 세계 최초 출시",https://www.koit.co.kr/news/articleView.html?idxno=201310
2025-08-12,"CERT,INVEST,LAUNCH,REGUL","[산업워치] 삼성전자, 세계 최초 '마이크로 RGB TV' 출시 外",http://www.newswatch.kr/news/articleView.html?idxno=72576
2025-08-12,"CERT,LAUNCH,REGUL","삼성전자, 세계 첫 '마이크로 RGB TV' 출시...""생생한 화질로 몰입감 강...",https://www.job-post.co.kr/news/articleView.html?idxno=168923
2025-08-12,"CERT,INVEST,LAUNCH,REGUL","삼성, 세계 첫 ‘마이크로 RGB TV’ 출시.. LED 로 색재현력 혁신",http://kpenews.com/View.aspx?No=3744679
2025-08-12,"CERT,LAUNCH,REGUL","삼성전자, '마이크로 RGB TV' 세계 최초 출시…프리미엄 시장 공략",https://zdnet.co.kr/view/?no=20250812114749
2025-08-12,"CERT,LAUNCH,REGUL","삼성전자, 세계 최초 '마이크로 RGB TV' 출시…""색재현력·명암 표현력 ...",http://www.ttlnews.com/news/articleView.html?idxno=3020920
2025-08-12,"CERT,LAUNCH,REGUL","'TV 시장 주춤'…삼성, 마이크로 RGB TV로 세계 1등 사수전",https://www.ddaily.co.kr/page/view/2025081211210427406
2025-08-12,"CERT,LAUNCH,REGUL","프리미엄 TV 새판 짠다…삼성전자, 세계 최초 ‘마이크로 RGB TV’ 공개",https://www.mk.co.kr/article/11391591
2025-08-12,LAUNCH,"삼성전자, 세계 최초 '마이크로 RGB TV' 출시-프리미엄 TV 기술 새 기준...",http://www.techholic.co.kr/news/articleView.html?idxno=217773
2025-08-12,LAUNCH,"""프리미엄 TV의 새 기준""...삼성전자, '마이크로 RGB TV' 출시",https://www.pinpointnews.co.kr/news/articleView.html?idxno=367703
2025-08-12,"CERT,LAUNCH,REGUL","""색 재현력 135% 향상""⋯삼성전자, '마이크로 RGB TV'로 프리미엄 시장 ...",https://www.etoday.co.kr/news/view/2496343
2025-08-12,"CERT,LAUNCH,REGUL","삼성전자, 세계 최초 '마이크로 RGB TV' 출시...4990만원",https://www.joongangenews.com/news/articleView.html?idxno=442365
2025-08-12,"CERT,LAUNCH,REGUL",프리미엄 TV 새 기준… 삼성전자 '마이크로 RGB TV',https://www.newsclaim.co.kr/news/articleView.html?idxno=3047855
2025-08-12,"CERT,LAUNCH,REGUL","삼성전자, 세계 최초 '마이크로 RGB TV' 출시…""프리미엄 TV 기술의 새 기...",http://www.bizwnews.com/news/articleView.html?idxno=109157
2025-08-12,"CERT,LAUNCH,REGUL","삼성전자, 세계 최초 '마이크로 RGB TV' 출시…""기술 초격차 전략 강화""",http://www.iminju.net/news/articleView.html?idxno=137638
2025-08-12,"CERT,LAUNCH","[시사이슈] 삼성전자, 세계 첫 '마이크로 RGB TV' 공개… 초프리미엄 화...",https://www.mediafine.co.kr/news/articleView.html?idxno=71170
2025-08-12,"CERT,LAUNCH,REGUL","삼성전자, 세계 최초 '마이크로 RGB TV' 출시… 프리미엄 TV 기술 새 기준...",https://www.ngonews.kr/news/articleView.html?idxno=211661
2025-08-12,"CERT,LAUNCH,REGUL",[써볼까]삼성 마이크로 RGB TV…115형 대화면·색재현력과 명암 표현력 ...,https://www.nspna.com/news/?mode=view&newsid=771081
2025-08-12,"CERT,LAUNCH,REGUL","삼성전자, 세계 최초 '마이크로 RGB TV' 출시 .... 중국 공세에 선도 기...",http://www.worktoday.co.kr/news/articleView.html?idxno=72477
2025-08-12,"CERT,LAUNCH,REGUL","[현장] ""새 카테고리""… 삼성전자 '마이크로 RGB TV' 출시",https://www.newscj.com/news/articleView.html?idxno=3304477
2025-08-12,"CERT,LAUNCH","삼성전자, 세계 첫 ‘마이크로 RGB TV’ 출시…“초미세 RGB·AI로 프리미...",https://www.kukinews.com/article/view/kuk202508120096
2025-08-12,LAUNCH,삼성전자 ‘초정밀 컬러’ LCD TV 세계 첫 출시,https://www.munhwa.com/article/11525422?ref=naver
2025-08-12,LAUNCH,"삼성전자, '마이크로 RGB TV' 출시…초프리미엄 시장 공략 가속",http://www.srtimes.kr/news/articleView.html?idxno=183376
2025-10-12,"CERT,INVEST,ORDER","PCB·FPCB 관련주, '봄바람 살랑' 대덕전자·코리아써키트·심텍... '찬바...",http://www.finomy.com/news/articleView.html?idxno=240547
2025-10-11,LAUNCH,삼성 '트라이폴드폰' 어떡하나? … 공개 앞두고 3중 위기,https://wemakenews.co.kr/news/view.php?no=23332
2025-10-11,LAUNCH,"""디스플레이와 배터리 3개 적용?"" 삼성전자, '트라이 폴더블 폰' 특허 공개...",https://www.autodaily.co.kr/news/articleView.html?idxno=537510
2025-10-11,LAUNCH,Z플립8에 삼성 CPU 빼고 개선된 퀄컴 CPU 쓴다?,https://www.betanews.net/article/view/beta202510110015
2025-10-11,LAUNCH,"은퇴가 우울한 S21 사용자, 그들의 다음 선택지는 '이것'",https://www.betanews.net/article/view/beta202510110011
2025-10-11,LAUNCH,"접는 아이폰, ‘폴드’ 아니고 ‘울트라’…이유는?",https://zdnet.co.kr/view/?no=20251011071801
2025-10-11,"INVEST,LAUNCH","LG이노텍, ASP 개선·북미  폴더블  라인업으로 실적 호조 기대",https://www.pinpointnews.co.kr/news/articleView.html?idxno=383846
2025-10-11,LAUNCH,""" 폴더블  아이폰, 티타늄+알루미늄 프레임 채택""",https://zdnet.co.kr/view/?no=20251010195733
2025-10-11,"CERT,LAUNCH","[실리콘 디코드] 퀄컴, 삼성전자 2나노 칩 시험…TSMC 독점 구도 '흔들'",https://www.g-enews.com/view.php?ud=202510110826237026fbbec65dfb_1
2025-10-11,LAUNCH,아이폰 가을 출시 전략 바뀔까…아이폰18 순차 출시 가능성,https://www.news1.kr/it-science/general-it/5937218
2025-10-10,LAUNCH,“한국서 하루 1대도 안 팔려” 망한 줄 알았더니…삼성 제친 ‘초강수...,https://biz.heraldcorp.com/article/10591103?ref=naver
2025-10-10,"CERT,LAUNCH","삼성 갤럭시 트라이폴드, 배터리 '3개' 넣는다…용량 5000mAh 넘을 듯",https://www.widedaily.com/news/articleView.html?idxno=279858
2025-10-10,LAUNCH,"KT '미리보상 프로그램', 10년 전 과징금 제도와 유사 지적",http://www.finomy.com/news/articleView.html?idxno=240509
2025-10-10,LAUNCH,"KT ‘미리보상’, 10년 전 과징금 제도와 판박이…“50대 이상 가입자 절...",https://www.mydaily.co.kr/page/view/2025101014572953077
2025-10-10,INVEST,"삼성전자, 반도체·AI· 폴더블 폰으로 3분기 영업익 9조 돌파 기대",http://www.ftoday.co.kr/news/articleView.html?idxno=348866
2025-10-10,LAUNCH,비도 막지 못한 팬심…원신 앞세운 '호요랜드2025' 개막 [현장+],https://www.bloter.net/news/articleView.html?idxno=645327
2025-10-10,INVEST,"노바텍, IT 넘고 전기차로 간다…자석 기술로 新성장판 열다",https://www.pinpointnews.co.kr/news/articleView.html?idxno=383684
2025-10-10,LAUNCH,10년 전 과징금 받은 ‘중고폰 선보상’ 다시 고개… KT 가입자 절반이...,https://biz.chosun.com/it-science/ict/2025/10/10/OXNEKDDU7VEYHLWYWLS6NMZWVE/?utm_source=naver&utm_medium=original&utm_campaign=biz
2025-10-10,LAUNCH,세계 정상들 앞에 공개되는 삼성 두번 접는 폰…배터리 3개 탑재,https://www.news1.kr/it-science/general-it/5936727
2025-10-10,LAUNCH,"호요버스, 종합 게임 축제 '호요랜드' 개최…빗속에도 팬 북적",https://www.yna.co.kr/view/AKR20251010060300017?input=1195m
2025-10-10,"CERT,INVEST,LAUNCH,REGUL","삼성 ‘트라이폴드폰’, 배터리 3개 탑재한다···폴드보다 대용량 예...",https://www.mk.co.kr/article/11438206
2025-10-10,LAUNCH,"삼성, ‘갤럭시 Z 트라이폴드’ 특허 공개…세계 첫 ‘3중 배터리’ 폴...",https://www.g-enews.com/view.php?ud=2025101010262467240c8c1c064d_1
2025-10-10,LAUNCH,"삼성, 트라이 폴더블 폰 특허 공개…디스플레이도 3개, 배터리도 3개",https://www.digitaltoday.co.kr/news/articleView.html?idxno=596167
2025-10-10,"INVEST,LAUNCH,REGUL","아이폰 폴드, 앱 최적화 없이는 '반쪽짜리 혁신'",https://www.digitaltoday.co.kr/news/articleView.html?idxno=596152
2025-10-10,LAUNCH,"가을에 나오던 신상 아이폰, '봄'에 출시?…갤럭시 견제하나",https://www.hankyung.com/article/202510100174g
2025-10-10,"LAUNCH,ORDER",[단독] '고공 행진' 삼성전자 주가에 '대형 수주' 청신호 … 퀄컴에 '2나...,https://biz.newdaily.co.kr/site/data/html/2025/10/10/2025101000069.html
2025-10-10,LAUNCH,삼성 ‘갤럭시Z 트리폴드’ 특허 문서...삼중 접이 설계 눈길,https://zdnet.co.kr/view/?no=20251010092305
2025-10-10,LAUNCH,중국에 밀린 삼성... 결국 '공짜 신형 워치'로 역공 [지금이뉴스],https://www.ytn.co.kr/_ln/0134_202510100852386140
2025-10-10,INVEST,"[핀포인트] [파인그룹] 900억 쏟아부은 베트남 자회사, 매년 적자폭 증가",https://news.dealsitetv.com/articles/159929
2025-10-10,LAUNCH,"스마트폰, 스펙 경쟁 끝…초슬림이 대세",https://www.ziksir.com/news/articleView.html?idxno=107133
2025-10-10,LAUNCH,아이폰 17 판매 호조에 韓 기업들 '미소',https://news.dealsitetv.com/articles/159834
2025-10-10,LAUNCH,"“반도체 슈퍼사이클 진입”…삼성전자, 상반기 부진 벗고 3분기 ‘영업...",https://www.ceoscoredaily.com/page/view/2025100210454333626
2025-10-10,"INVEST,ORDER,PARTNERSHIP","'초격차 vs 체질개선'…3분기 희비 삼성·LG, 실적 승부수 갈린다",http://www.hansbiz.co.kr/news/articleView.html?idxno=781548
2025-10-10,LAUNCH,"두 번 접는  폴더블 폰 내달 출시, 삼성 '휴대폰 혁신' 펼친다",https://www.mt.co.kr/tech/2025/10/10/2025100917571938181
2025-10-10,"INVEST,LAUNCH,REGUL",날개 접힌 회사도 부활시켰다…'접는 폰' 춘추전국시대 오나,https://www.joongang.co.kr/article/25372744
2025-10-10,LAUNCH,"6mm 미만 두께의 모토로라 엣지70, 갤럭시S25 엣지·아이폰17 에어와 초슬...",https://www.insight.co.kr/news/523488
2025-10-09,LAUNCH,“접는폰 사면 50만원 신형 워치 준다” 갑자기 무슨 일이…1위 뺏긴 삼...,https://biz.heraldcorp.com/article/10590552?ref=naver
2025-10-09,LAUNCH,모토로라 가성비 초슬림폰 '엣지70' 띄운다,http://www.fnnews.com/news/202510091810459685
2025-10-09,LAUNCH,모토로라도 초슬림폰 시장 참전…'갤S25 엣지'와 두께 비슷할 듯,http://www.fnnews.com/news/202510091152056721
2025-10-09,LAUNCH,삼성전자 3분기 영업익 시장 전망치 10조 달해...11조 이상 가능성도 나...,https://www.financialpost.co.kr/news/articleView.html?idxno=234545
2025-10-09,LAUNCH,새 폼팩터 시동거는 삼성…두번접는 폰은 11월·무한은 10월 출시,https://www.news1.kr/it-science/general-it/5933149
2025-10-09,LAUNCH,"삼성전자, 3Q 영업익 '11조'까지 가능…'반도체 회복' 순풍",http://www.shinailbo.co.kr/news/articleView.html?idxno=2126693
2025-10-09,LAUNCH,"삼성 갤 폴드7-플립7, 美-유럽 소비자평가 최고점",https://www.donga.com/news/Economy/article/all/20251008/132526896/2
2025-10-08,LAUNCH,삼성전자 폴드·플립7 해외 소비자 최고 평가…트라이폴드 공개도 임박,https://www.imaeil.com/page/view/2025100811262320383
2025-10-08,"CERT,LAUNCH,ORDER","[Biz&Law] 협력사 기술 탈취?…삼성전자, 무선충전 기술 특허침해 피소",http://www.seoulwire.com/news/articleView.html?idxno=674277
2025-10-08,LAUNCH,"ESG와 첨단 소재 결합…소니드, 차세대 전자재료 사업 확장",https://www.pinpointnews.co.kr/news/articleView.html?idxno=383308
2025-10-08,"INVEST,LAUNCH","삼성전자 갤럭시 Z 폴드7·플립7, 美 소비자 평가서 최고점",https://www.mk.co.kr/article/11437162
2025-10-08,LAUNCH,폴드7·플립7 해외서 최고 평가…'두 번 접히는' 트라이폴드 공개 임박,http://www.m-i.kr/news/articleView.html?idxno=1289823
2025-10-08,LAUNCH,삼성전자 폴드7·플립7 해외 소비자지 최고 평가…트라이폴드 출격 임박,https://www.tfmedia.co.kr/news/article.html?no=196284
2025-10-08,LAUNCH,"갤럭시 폴드7·플립7, 美·유럽 소비자평가 1위…‘세번 접는 폰’ 연내...",https://www.donga.com/news/Economy/article/all/20251008/132524666/1
2025-10-08,LAUNCH,폴드7·플립7 해외 소비자지 최고 평가,https://www.econovill.com/news/articleView.html?idxno=714058
2025-10-08,LAUNCH,"中 아너, 올해 스마트폰 판매 목표치 달성 전망…내년 2000만대 상향",https://www.etnews.com/20251008000021
2025-10-08,LAUNCH,"삼성 갤럭시 Z 폴드7·플립7, 美·유럽서 '최고  폴더블 폰' 평가",https://www.tokenpost.kr/news/tech/292430
2025-10-08,LAUNCH,'트라이폴드' 앞두고 호평 받은 폴드7·플립7,http://www.smedaily.co.kr/news/articleView.html?idxno=340054
2025-10-08,"INVEST,PARTNERSHIP","유티아이, 삼성 협력·코닝 기술에 이어 'Flexible Glass'로 신시장 연다",https://www.pinpointnews.co.kr/news/articleView.html?idxno=383272
2025-10-08,LAUNCH,폴드7·플립7 해외 소비자지 호평…트라이폴드 출격 임박,http://www.yonhapnewstv.co.kr/AKR20251008104330KMw
2025-10-08,LAUNCH,폴드7·플립7 해외 소비자 최고 평가…트라이폴드 출격 임박,https://www.betanews.net/article/view/beta202510080007
2025-10-08,LAUNCH,"삼성 갤럭시Z 폴드7·플립7, 해외 소비자지 최고 평가",https://www.newscj.com/news/articleView.html?idxno=3325703
2025-10-08,LAUNCH,"갤럭시 폴드7·플립7, 해외 소비자지 최고 평가",https://www.ebn.co.kr/news/articleView.html?idxno=1681507
2025-10-08,LAUNCH,"삼성 갤럭시Z 폴드·플립7, 해외 소비자연맹도 호평",https://www.busan.com/view/busan/view.php?code=2025100809501241641
2025-10-08,LAUNCH,"삼성 갤럭시 폴드7·플립7, 해외 소비자지 최고 평가…트라이폴드 출격...",https://www.youthdaily.co.kr/news/article.html?no=198357
2025-10-08,"LAUNCH,REGUL","중국, 에너지 저장기술 판도 바꾼다",http://www.choicenews.co.kr/news/articleView.html?idxno=154981
2025-10-08,INVEST,5년만 '9만전자' 터치한 삼성전자…3Q 영업이익 10조원 안팎 예상,https://www.ddaily.co.kr/page/view/2025100321252722040
2025-10-08,LAUNCH,"갤Z폴드7, 미국·EU 주요 소비자연맹지 품질 평가에서 1위 '올 킬'",https://www.news1.kr/it-science/general-it/5933849
2025-10-08,LAUNCH,"삼성 갤럭시 Z 폴드7∙플립7, 세계 소비자 평가 최고 석권... 혁신적인 ...",https://www.gokorea.kr/news/articleView.html?idxno=842247
2025-10-08,LAUNCH,폴드7·플립7 해외 소비자지 최고 평가…트라이폴드 출격 임박,https://www.yna.co.kr/view/AKR20251002126100017?input=1195m
2025-10-07,LAUNCH,"“얼마나 안 팔렸으면” 삼성 제쳤다, 난리더니…‘70만원’ 파격 인하",https://biz.heraldcorp.com/article/10590064?ref=naver
2025-10-07,LAUNCH,"삼성이 만들면 다르다? 삼성, ‘두 번 접는’ 폰 실물 공개 임박",https://www.segye.com/newsView/20251007505030?OutUrl=naver
2025-10-07,LAUNCH,"""삼성 또 일 낸다"" 中화웨이 따돌릴 '치트키' APEC서 선보여",https://magazine.hankyung.com/business/article/202510077598b
2025-10-07,LAUNCH,"삼성전자, 갤럭시 트라이폴드 APEC서 첫 공개…세계 정상들 사로 잡는다",https://www.g-enews.com/view.php?ud=2025100700192141326ed0c62d49_1
2025-10-07,LAUNCH,"삼성 vs 애플, 스마트폰 1위 쟁탈전...승부처는 블프·광군제의 4분기",http://www.opinionnews.co.kr/news/articleView.html?idxno=125190
2025-10-07,LAUNCH,"앞서는 삼성, 뒤쫒는 애플…AI 주도권 싸움 본격화",https://it.chosun.com/news/articleView.html?idxno=2023092148426
2025-10-07,LAUNCH,"삼성전자, 中 시장용  폴더블  폰 'W26' 11일 출시",https://www.g-enews.com/view.php?ud=2025100614302181926ed0c62d49_1
2025-10-06,LAUNCH,"삼성, 이달 中 전용  폴더블 폰 'W26' 출격",https://www.etnews.com/20251006000044
2025-10-06,LAUNCH,"갤럭시의 한국, 로컬의 중국, 아이폰의 일본···한중일 ‘삼국삼색’...",https://www.khan.co.kr/article/202510061335001
2025-10-06,LAUNCH,"삼성, 추석 직후 '트리폴드폰' 공개···'두 번 접는 폰' 시대 개막",http://www.enewstoday.co.kr/news/articleView.html?idxno=2337944
2025-10-06,LAUNCH,"""접고 한번 더 접는다""…삼성 '트라이폴드' vs 화웨이 '메이트XT' 승자는",https://www.newsis.com/view/NISX20251002_0003353572
2025-10-05,"INVEST,LAUNCH",아이폰 17 시리즈 흥행 속 '에어'만 부진... 폴더블  아이폰으로 대체되나,https://www.autodaily.co.kr/news/articleView.html?idxno=537397
2025-10-05,INVEST,연휴에 모인 가족들의 최대 고민 “삼전 주식 팔까? 둘까?”…‘11만 전...,https://www.donga.com/news/Economy/article/all/20251005/132510145/1
2025-10-05,LAUNCH,"폴더블  넘은 트리폴드…삼성, APEC서 신형 스마트폰 첫선",http://www.newstomato.com/ReadNews.aspx?no=1277115&inflow=N
2025-10-05,"INVEST,LAUNCH","추석 끝나면 ‘두 번 접는 폰’ 시대 열린다…삼성, 트리폴드폰 출시 임...",https://www.mk.co.kr/article/11436251
2025-10-05,LAUNCH,"""깃털처럼"" 스마트폰 두께 전쟁의 서막…삼성 '엣지' vs 애플 '에어'",https://www.newsis.com/view/NISX20250930_0003351079
2025-10-05,"INVEST,LAUNCH","제프리스, 애플 투자의견 '매도'로 하향...""아이폰 교체사이클 기대감 ...",https://www.insight.co.kr/news/523157
2025-10-04,"INVEST,LAUNCH","""아이폰 교체사이클 기대감 과해""…제프리스, 애플 투자의견 '매도'로 하...",https://www.bloter.net/news/articleView.html?idxno=645252
2025-10-04,LAUNCH,삼성 원UI 8.5 업데이트를 받을 갤럭시기기 총정리,https://www.betanews.net/article/view/beta202510040012
2025-10-04,LAUNCH,"'두 번 접는' 트라이폴드 스마트폰, 경주 APEC에서 공개",http://www.kookje.co.kr/news2011/asp/newsbody.asp?code=0200&key=20251004.99099001169
2025-10-04,LAUNCH,"삼성, 세상에 없던 황금색 갤럭시 출시",https://www.betanews.net/article/view/beta202510040006
2025-10-04,LAUNCH,"아이폰17 프로 맥스, '마지막 최대 화면'일까…왜? [MOVIEW]",https://www.ddaily.co.kr/page/view/2025100409063020377
2025-10-04,LAUNCH,"[추석기획] 애플 모멘텀-부품사…LG이노텍·삼성전기, 아이폰 특수 누릴...",http://www.srtimes.kr/news/articleView.html?idxno=186155
2025-10-04,"INVEST,LAUNCH","아이폰17 초반 강세…""내년 18모델 기대감 더 커졌다""",https://zdnet.co.kr/view/?no=20251003132314
2025-10-04,INVEST,"제프리스, 애플 투자의견 '비중 유지→축소'…주가 20% 하락 전망",https://news.einfomax.co.kr/news/articleView.html?idxno=4377552
2025-10-04,LAUNCH,"삼성 또 대박 예고…400만원 '두번 접는 폰' 나온다, 예상 스펙은?",https://www.mt.co.kr/tech/2025/10/10/2025100210594058394
2025-10-04,"INVEST,LAUNCH","KH바텍, 단기 실적+장기 전장 진출 '투트랙 성장' 기대",https://www.pinpointnews.co.kr/news/articleView.html?idxno=382811
2025-10-03,LAUNCH,"""펼치면 태블릿처럼""…삼성·中 '두 번 접는 폰' 진검승부 시작",https://www.sedaily.com/NewsView/2GZ1A7Y6CQ
2025-10-03,LAUNCH,"'영포티' 묻은 애플…삼성, 기회 잡아 젊은층 공략",https://news.mtn.co.kr/news-detail/2025100114011536930
2025-10-03,LAUNCH,"'곧 등장' 갤럭시 Z 트라이폴드, 100배 줌에 PC급 멀티태스킹",https://www.etnews.com/20251003000019
2025-10-03,"CERT,INVEST,ORDER","PCB·FPCB 관련주, '덩실덩실' 심텍·이수페타시스·대덕전자·코리아써...",http://www.finomy.com/news/articleView.html?idxno=240415
2025-10-02,LAUNCH,"창의성과 효율을 동시에, AIGC가 바꾸는 중국 광고의 미래",http://dream.kotra.or.kr/kotranews/cms/news/actionKotraBoardDetail.do?SITE_NO=3&MENU_ID=180&CONTENTS_NO=1&bbsGbn=243&bbsSn=243&pNttSn=234927
2025-10-02,"LAUNCH,PARTNERSHIP","[생활경제 이슈] 바른치킨, 신메뉴 ‘모짜크런치’ 출시 기념 특별 프로...",http://www.lawissue.co.kr/view.php?ud=202510021753115800204ead0791_12
2025-10-02,"INVEST,LAUNCH,ORDER","""사상 최초 동반 '10조 클럽' 눈앞""…삼성·SK하닉, 3Q 실적 '활짝', '불기...",https://www.financialpost.co.kr/news/articleView.html?idxno=234455
2025-10-02,"INVEST,LAUNCH,ORDER","삼성전자, 3분기 실적 반격...반도체 호조에 '영업익 10조' 탈환 전망",https://daily.hankooki.com/news/articleView.html?idxno=1279638
2025-10-02,LAUNCH,갤럭시Z 폴드7 중국 전용 'W26' 10월 11일 중국 출시 발표,https://kbench.com/?q=node/272014
2025-10-02,"INVEST,LAUNCH","[데일리 산업 단신] SK렌터카, 제주 이용객 대상 로컬 기업 탄산수 샘플...",https://biz.newdaily.co.kr/site/data/html/2025/10/02/2025100200282.html
2025-10-02,INVEST,"[체크!공시] 유티아이, 베트남법인에 112억원 출자",https://www.moneys.co.kr/article/2025100214495775600
2025-10-02,"INVEST,LAUNCH","삼성·애플 시장에 도전장 내밀었다…가격도 절반대, 확 얇아진 모토로...",https://www.mk.co.kr/article/11435023
2025-10-02,LAUNCH,"[인터뷰] 유봉현 유비랩 대표 ""첨단방열소재 개발로 원가 절감·고품질...",https://www.ebn.co.kr/news/articleView.html?idxno=1681223
2025-10-02,LAUNCH,"[단독] 美  폴더블 폰 1위 모토로라, 접는 폰 ‘레이저 60’ 10월 중순 국내...",https://biz.chosun.com/it-science/ict/2025/10/02/BVVS4JL5NBBU3L6JSJGM5F74TE/?utm_source=naver&utm_medium=original&utm_campaign=biz
2025-10-02,"INVEST,LAUNCH,ORDER,PARTNERSHIP",[박정식의 국내 주식시황] 美 셧다운 속.. Fed 금리인하 기대감 키우며...,https://www.newsquest.co.kr/news/articleView.html?idxno=254123
2025-10-02,INVEST,"""LG이노텍, 내년 아이폰發 이익 증가 기대…목표가↑""-한국",https://www.hankyung.com/article/2025100220706
2025-10-02,"INVEST,LAUNCH,ORDER","""삼성전자, 3분기 영업이익 10조원 안팎될 듯""",http://www.inews24.com/view/1893111
2025-10-02,"INVEST,LAUNCH","“애플 주가, 20% 더 오를 여력 있다”…아이폰17 흥행 기대감 고조",https://www.g-enews.com/view.php?ud=202510020123292531be84d87674_1
2025-10-02,"INVEST,LAUNCH","[뉴욕증시] 미 연방정부 셧다운에도 나흘째 상승…다우·S&P500, 사상 최고",http://www.fnnews.com/news/202510020541202255
2025-10-02,INVEST,"반도체·디스플레이 업계, 3분기 ‘실적 훈풍’ 기대",https://www.etoday.co.kr/news/view/2512118
2025-10-01,"INVEST,LAUNCH,ORDER","반도체·갤럭시 동반 호조… 삼성, 3분기 영업익 10兆 전망",https://www.asiatoday.co.kr/view.php?key=20251002010000723
2025-10-01,LAUNCH,"정부 ""8월 소비 감소는 일시적 '착시'…반등 흐름 이어진다""",https://www.news1.kr/economy/trend/5932291
2025-10-01,"CERT,LAUNCH",요즘 효도폰으로 AI 장착한 '초슬림  폴더블 폰' 뜬다,https://www.hankyung.com/article/2025100193991
2025-10-01,LAUNCH,"불확실성 시대, 빨라진 재계 인사",http://www.newstomato.com/ReadNews.aspx?no=1276899&inflow=N
2025-10-01,LAUNCH,삼성 '트라이폴드폰' 공개 시간표 윤곽…출시 가격은?,https://news.tf.co.kr/read/economy/2249520.htm
2025-10-01,LAUNCH,"갤폴드VS아이폰…삼성·애플, 추석 앞둔 서울역서 광고로 '한 판'",https://www.news1.kr/it-science/general-it/5931610
2025-10-01,INVEST,"HBSC ""삼성전자 내년 상반기 HBM4 격차 줄일 전망, 유럽·중동 투자자들...",https://www.businesspost.co.kr/BP?command=article_view&num=414388
2025-10-01,LAUNCH,"삼성, APEC서 '트라이폴드폰' 공개…애플·화웨이에 맞불",http://news.bizwatch.co.kr/article/industry/2025/10/01/0010
2025-10-01,"CERT,INVEST,LAUNCH,REGUL",“인구구조를 보면 성장 산업이 보인다…1등주가 손실 최소화 해법”,https://magazine.hankyung.com/money/article/202509118515c
2025-10-01,"LAUNCH,PARTNERSHIP",세계 정상 모이는 APEC서 공개하는 삼성 야심작 '두번 접는 폰',https://www.news1.kr/it-science/general-it/5931180
2025-10-01,"INVEST,LAUNCH,ORDER","[애널픽] KH바텍, 높아지는 이익 추정치...내년엔 전장도 추가",http://theviewers.co.kr/View.aspx?No=3803758
2025-10-01,"LAUNCH,ORDER","[아침밥] 키움증권 ""KH바텍, 두 번 접는 갤럭시·전장사업 기대감""",https://www.moneys.co.kr/article/2025100108075520607
2025-10-01,"INVEST,LAUNCH","KH바텍, ""트라이폴드폰 수혜주""…목표주가 1만7000원-키움",https://www.mt.co.kr/stock/2025/10/01/2025100108000990259
2025-10-01,LAUNCH,"삼성, '트라이폴드' 스마트폰 APEC서 첫 공개…폼팩터 전쟁 본격화",https://www.tokenpost.kr/news/tech/290644
2025-10-01,"INVEST,LAUNCH,PARTNERSHIP","매경이 전하는 세상의 지식 (매-세-지, 10월 1일)",https://www.mk.co.kr/article/11433171
2025-10-01,"CERT,INVEST","PCB·FPCB 관련주, '껑충껑충' 코리아써키트·대덕전자·우리바이오·이...",http://www.finomy.com/news/articleView.html?idxno=240180
2025-09-30,LAUNCH,"삼성전자, APEC서 두 번 접는 '트라이폴드' 공개할 듯",https://www.etoday.co.kr/news/view/2512055
2025-09-30,LAUNCH,"삼성, APEC에서 두번 접는 '트라이폴드' 실물 첫 공개",http://www.edaily.co.kr/news/newspath.asp?newsid=04355846642305368
2025-09-30,"INVEST,LAUNCH",[단독] 세계 최초 ‘두번 접는’ 스마트폰…삼성 기술력 뽐낼 무대는?,https://www.mk.co.kr/article/11433276
2025-09-30,"CERT,INVEST,LAUNCH",[단독] “화웨이와 격차 보여주겠다”…세계정상 모인 무대서 삼성이 꺼...,https://www.mk.co.kr/article/11433275
2025-09-30,LAUNCH,"""영포티는 아이폰?"" 삼성 갤럭시 '아재폰' 옛말…10~30대 이용자 급증",https://www.newsworks.co.kr/news/articleView.html?idxno=813260
2025-09-30,LAUNCH,"""펼치면 태블릿"" 두번 접는 '갤Z 트라이폴드폰' 내달 나온다",http://www.fnnews.com/news/202509301815008723
2025-10-12,"PARTNERSHIP,REGUL","대형마트 휴무일, 이마트·롯데마트·홈플러스·코스트코 ‘10월 파격 할...",https://www.bntnews.co.kr/article/view/bnt202510110082
2025-10-11,LAUNCH,지친 피부를 끌어올리는 뷰티 솔루션,https://www.wkorea.com/2025/10/11/%ec%a7%80%ec%b9%9c-%ed%94%bc%eb%b6%80%eb%a5%bc-%eb%81%8c%ec%96%b4%ec%98%ac%eb%a6%ac%eb%8a%94-%eb%b7%b0%ed%8b%b0-%ec%86%94%eb%a3%a8%ec%85%98/?utm_source=naver&utm_medium=partnership
2025-10-11,LAUNCH,"[주간 대형마트 할인템] ""'캐치티니핑'부터 신선식품까지""…대형마트 3...",https://www.youthdaily.co.kr/news/article.html?no=198414
2025-10-11,"PARTNERSHIP,REGUL",대형마트 휴무일? 이마트·롯데마트·홈플러스·코스트코 ‘할인! 포스...,https://www.bntnews.co.kr/article/view/bnt202510100042
2025-10-10,LAUNCH,"롯데마트 토이저러스, '해피 토이저러스 데이' 진행…12일까지 완구 최...",http://www.econonews.co.kr/news/articleView.html?idxno=408406
2025-10-10,"INVEST,LAUNCH","""AR안경 상용화시대 곧 온다  LED  탑재 반도체 수요 늘것""",https://www.mk.co.kr/article/11438672
2025-10-10,"INVEST,LAUNCH",삼성전자 주가에 올라타도 될까... 외국인 16거래일 연속 매수폭발,https://www.pinpointnews.co.kr/news/articleView.html?idxno=383646
2025-10-10,LAUNCH,"롯데마트 토이저러스, 해피 토이저러스 데이 최대 40% 할인",https://www.e-science.co.kr/news/articleView.html?idxno=113215
2025-10-10,LAUNCH,"1년에 딱 2번만 열리는데…롯데마트, 엄마·아빠들 환호할 '이 소식' 전...",https://www.wikitree.co.kr/articles/1087012
2025-10-10,LAUNCH,"[주말쇼핑정보] 홈플러스·이마트·롯데마트, ‘포스트 추석’ 할인 전...",https://www.news2day.co.kr/article/20251010500064
2025-10-10,"INVEST,LAUNCH,REGUL","“이종집적 필수인 시대, 각 기술 장점만 취해 최고 성능 추구”",https://shindonga.donga.com/3/all/13/5883274/1
2025-10-10,LAUNCH,"롯데마트 토이저러스, 12일까지 완구 최대 40% 할인",https://www.newsis.com/view/NISX20251010_0003357491
2025-10-10,ORDER,"[위기의 한국TV]③삼성·LG, RGB TV로 中견제…'콘텐츠'로 차별화",https://www.news1.kr/industry/electronics/5935994
2025-10-09,INVEST,'피부 관리=정신건강 관리' 한국인의 피부 철학에 전 세계가 주목 [전은...,http://www.fnnews.com/news/202510091914008396
2025-10-09,PARTNERSHIP,"롯데마트 토이저러스, 12일까지 '해피 토이저러스 데이' 개최",https://www.enetnews.co.kr/news/articleView.html?idxno=42922
2025-10-09,INVEST,"“명절 용돈 받았으면 써야지”…롯데마트 토이저러스, 완구 할인 행사",https://www.mk.co.kr/article/11437537
2025-10-09,LAUNCH,"롯데마트, 캐릭터 완구 등 2000여 종 최대 40% 할인",https://www.startuptoday.co.kr/news/articleView.html?idxno=521359
2025-10-09,"INVEST,LAUNCH,ORDER,PARTNERSHIP","[유통가 레이더] 신동빈 롯데 회장, 미국 바이오 현장경영... 롯데바이오...",https://www.greened.kr/news/articleView.html?idxno=331877
2025-10-09,LAUNCH,"롯데마트 토이저러스, 추석 맞이 완구 할인 행사",https://www.kgnews.co.kr/news/article.html?no=868325
2025-10-09,LAUNCH,"롯데마트 토이저러스, ‘해피 토이저러스 데이’ 진행",https://www.viva100.com/article/20251009500058
2025-10-09,"LAUNCH,REGUL",'수백억 매출 대박' 日 메가와리 휩쓴 K-뷰티…톱3 브랜드는,https://www.news1.kr/industry/fashion/5930576
2025-10-09,"INVEST,REGUL","韓 미래산업, 핵심 부품은 여전히 해외 의존…""구동은 日, 제어는 中에...",https://view.asiae.co.kr/article/2025100110380991537
2025-10-08,INVEST,"LED  기술 혁신 앞장…서울반도체, 차세대 고효율 제품 개발 박차",https://www.pinpointnews.co.kr/news/articleView.html?idxno=383314
2025-10-08,"CERT,LAUNCH,REGUL",[테크 리포트] 의료기기 설계를 위한 최적의 배터리 선택 방법,https://www.epnc.co.kr/news/articleView.html?idxno=322362
2025-10-08,INVEST,[현장취재] 화합물반도체 핵심 ‘에피웨이퍼’ 국산화 나선 웨이브로드,https://shindonga.donga.com/3/all/13/5881150/1
2025-10-08,"INVEST,LAUNCH,PARTNERSHIP","화합물반도체, 대한민국 지킬 경제안보의 방패",https://shindonga.donga.com/3/all/13/5881135/1
2025-10-07,LAUNCH,"'긴 명절, 어떤 스마트워치 차고 러닝할까'…'초경량화'삼성 VS '긴 배터...",https://www.ajunews.com/view/20251002113352997
2025-10-07,"INVEST,LAUNCH,REGUL","세계는 화합물반도체 전쟁 중, 韓 생태계 육성부터",https://shindonga.donga.com/3/all/13/5883196/1
2025-10-07,LAUNCH,"""안방은 못 내준다""…삼성·LG 대응책은?[中 가전이 몰려온다③]",https://www.newsis.com/view/NISX20250928_0003347336
2025-10-06,LAUNCH,"삼성·LG, 왕좌 흔들 … TV이어 로봇청소기까지 '메이드인 차이나'에 급...",https://biz.newdaily.co.kr/site/data/html/2025/10/02/2025100200344.html
2025-10-06,"LAUNCH,ORDER","국내 넘어 해외로…삼성·LG, 디지털 사이니지 수주 '大戰'",https://it.chosun.com/news/articleView.html?idxno=2023092148286
2025-10-04,"LAUNCH,PARTNERSHIP","삼성전자, 니오와 생성형 디지털 아트 설치 작품 ' 코드 오브 네이처' 공...",https://www.theguru.co.kr/news/article.html?no=92405
2025-10-03,"CERT,LAUNCH",[2025 네트워크 스위치 제품&솔루션 리포트] 네트워크 스위치가 만드는...,http://www.boannews.com/media/view.asp?idx=139550&kind=
2025-10-03,INVEST,"차세대 반도체 소재 '웨이브로드', 130억 투자 유치",https://www.newstopkorea.com/news/articleView.html?idxno=40219
2025-10-02,INVEST,"HB솔루션, OLED 넘어  마이크로LED  공정 장비 선도한다",https://www.pinpointnews.co.kr/news/articleView.html?idxno=382604
2025-10-02,LAUNCH,선명한 4K 해상도에 AI 더한 IP 카메라... 티피링크 타포 C260,https://www.ilovepc.co.kr/news/articleView.html?idxno=56305
2025-10-02,"INVEST,LAUNCH,PARTNERSHIP,REGUL","[더벨]스틱벤처스, 웨이브로드 팔로우온 투자",https://www.thebell.co.kr/free/content/ArticleView.asp?key=202510011524297080109388
2025-10-02,LAUNCH,"[현장]가전 매장인가, 갤러리인가…기술과 예술이 만난 청담동의 LG 플래...",https://www.hankookilbo.com/News/Read/A2025090415470003453?did=NA
2025-10-01,LAUNCH,"중앙대, 고강도 단열난연 경량 복합소재 개발",https://www.thebk.co.kr/news/articleView.html?idxno=302797
2025-10-01,"CERT,LAUNCH,REGUL",[1일 대학가] 고려대·이화여대·중앙대·성균관대,https://www.asiatime.co.kr/article/20251001500425
2025-10-01,"CERT,LAUNCH,PARTNERSHIP","[대학가 오늘] 중앙대, 고강도 단열·난연 경량 복합소재 개발 外",http://www.metroseoul.co.kr/article/20251001500523
2025-10-01,"CERT,INVEST,LAUNCH",[기획]전 산업 위협하는 中…대안은 초격차·프리미엄,http://www.m-i.kr/news/articleView.html?idxno=1288965
2025-10-01,LAUNCH,최신 스마트폰 렌즈 '폰 마이크로 ' 300배 확대 기능으로 미세 세계 탐험...,https://www.cbci.co.kr/news/articleView.html?idxno=534665
2025-10-01,INVEST,코세스 주가 불 뿜는다... 고속·고정밀 제어 기술로 미래 성장동력 확...,https://www.pinpointnews.co.kr/news/articleView.html?idxno=382064
2025-10-01,"LAUNCH,PARTNERSHIP,REGUL",아이디어가 현실이 되는 곳: 유럽 디스플레이 쇼룸 '프랑크푸르트 삼성...,http://www.issuenbiz.com/news/articleView.html?idxno=66821
2025-10-01,"LAUNCH,ORDER","진화하는 사이니지, 2030년 시장규모 58조…삼성·LG, TV 구원투수",https://www.news1.kr/industry/general-industry/5930754
2025-10-01,LAUNCH,"' LED  혁명' 노벨상 수상자의 일침 ""당신 연구는 세상에 보탬 되나"" [창간...",https://www.joongang.co.kr/article/25371392
2025-09-30,LAUNCH,"SKT·KT, 'AI 페스타'서 최신 AI 기술 집중 조명",https://daily.hankooki.com/news/articleView.html?idxno=1278327
2025-09-30,"CERT,LAUNCH,REGUL",삼성은 자동차·LG는 축구장…글로벌 사이니지 맞대결,https://www.asiatime.co.kr/article/20250930500345
2025-09-30,LAUNCH,"삼성전자 DX부문, 3분기 B2C·B2B 공세 강화…TV·가전, 실적 반등 '총력...",https://www.techm.kr/news/articleView.html?idxno=145043
2025-09-30,"CERT,LAUNCH",미 무바늘 혈당 패치 첫 승인,http://www.bosa.co.kr/news/articleView.html?idxno=2259007
2025-09-30,INVEST,"작지만 강한 칩…사피엔반도체, 차세대 디스플레이 숨은 주역",https://www.pinpointnews.co.kr/news/articleView.html?idxno=381606
2025-09-30,"INVEST,LAUNCH,ORDER,PARTNERSHIP",[증시 시황] 상한가 일정실업·동양우선주 급등… AI·우주항공 테마 동...,https://www.topstarnews.net/news/articleView.html?idxno=15824247
2025-09-29,ORDER,"삼성전자, 40개국 토요타 매장에 스마트 사이니지 2만3000대 공급",https://www.gpkorea.com/news/articleView.html?idxno=134409
2025-09-29,LAUNCH,"삼성전자, 전 세계 1250개 토요타 매장에 스마트 사이니지 공급",http://www.e2news.com/news/articleView.html?idxno=323691
2025-09-29,LAUNCH,"현대모비스, 車반도체 국산화 시동…삼성전자·LX세미콘 등 협력",http://www.thelec.kr/news/articleView.html?idxno=41577
2025-09-29,LAUNCH,"라온텍 ""엘코스 기반 AR 광학 모듈 공급""",http://www.thelec.kr/news/articleView.html?idxno=41586
2025-09-29,"CERT,LAUNCH","삼성전자, 토요타에 '스마트 사이니지' 공급",https://www.startuptoday.co.kr/news/articleView.html?idxno=517584
2025-09-29,"CERT,LAUNCH,PARTNERSHIP,REGUL",[AT 산업 단신] 삼성전자·LG전자·대한전선·대한화섬·로보락,https://www.asiatime.co.kr/article/20250929500358
2025-09-29,INVEST,"삼성전자, 도요타에 스마트 사이니지 2만3000대 공급",https://www.mk.co.kr/article/11431917
2025-09-29,LAUNCH,"삼성전자, 전 세계 토요타 매장에 스마트 사이니지 2.3만대 공급",https://www.koit.co.kr/news/articleView.html?idxno=202505
2025-09-29,INVEST,도요타 매장에 초대형 삼성전자 사이니지,https://www.mk.co.kr/article/11431901
2025-09-29,LAUNCH,"삼성전자, 토요타와 손잡고 전세계 매장 디지털화",https://www.ezyeconomy.com/news/articleView.html?idxno=222582
2025-09-29,INVEST,"충남TP, 유기반도체 기업 ‘클랩’ 충남 유치",http://amenews.kr/news/view.php?idx=64025
2025-09-29,LAUNCH,"라온텍, 고성능 AR용 광학 모듈 공급 개시",https://www.widedaily.com/news/articleView.html?idxno=279342
2025-09-29,"CERT,LAUNCH,ORDER,PARTNERSHIP","[재계는 지금] KT, GPT-4o 기반 'SOTA K' 공개 外",https://dealsite.co.kr/articles/148991
2025-09-29,PARTNERSHIP,"삼성전자, 日토요타에 스마트 사이니지 2.3만대 공급…시장 점유율 17년...",http://www.wikileaks-kr.org/news/articleView.html?idxno=175536
2025-09-29,LAUNCH,"삼성전자, 토요타에 스마트 사이니지 2만3000대 공급",https://www.econovill.com/news/articleView.html?idxno=713152
2025-09-29,"CERT,REGUL",[오늘의 전자] 삼성전자·LG전자,http://www.financialreview.co.kr/news/articleView.html?idxno=37319
2025-09-29,LAUNCH,"'車 매장도 디지털 전환'···삼성전자, 토요타 전시장 스마트 사이니...",http://www.enewstoday.co.kr/news/articleView.html?idxno=2335375
2025-09-29,LAUNCH,"삼성전자, 日 토요타에 스마트 시니지 2만3000대 및 솔루션 공급",https://www.ddaily.co.kr/page/view/2025092909134485587
2025-09-29,INVEST,"삼성전자, 토요타 전시장에 스마트 사이니지 2만3천 대 공급",https://www.businesspost.co.kr/BP?command=article_view&num=413909
2025-09-29,PARTNERSHIP,"삼성전자, 토요타와 손잡고 40개국 매장 '디지털 전환' 주도",http://www.newslock.co.kr/news/articleView.html?idxno=116619
2025-09-29,"INVEST,LAUNCH","'연간 흑자' 기대감 커진 LGD…정철동 사장 ""韓 디스플레이 미래는 OLED""",https://www.bloter.net/news/articleView.html?idxno=644851
2025-09-29,ORDER,"삼성전자, 日 토요타 40개국 전시장 '스마트 사이니지' 공급",https://www.news1.kr/industry/electronics/5928032
2025-09-29,"LAUNCH,PARTNERSHIP","삼성전자, 토요타 매장에 스마트 사이니지 공급",http://theviewers.co.kr/View.aspx?No=3799958
2025-09-29,PARTNERSHIP,"삼성전자, 日 토요타와 맞손…스마트 사이니지 공급",http://www.m-i.kr/news/articleView.html?idxno=1287545
2025-09-29,"INVEST,LAUNCH","“중국 말고, 스마트안경 부품 기업 어디 없나?”…애타는 메타, 결국 찾...",https://www.mk.co.kr/article/11431343
2025-09-28,"INVEST,LAUNCH","메타 ""스마트안경 부품, 중국보다 한국서""",https://www.mk.co.kr/article/11431116
2025-09-28,LAUNCH,[오늘 뭐했니?] LG전자·LG유플러스·LG생활건강,http://www.financialreview.co.kr/news/articleView.html?idxno=37301
2025-09-28,LAUNCH,"""요즘 폰 다 똑같다""며 등장한 낫싱 폰(3)…스마트폰에 현대미술을 얹다",https://www.newsis.com/view/NISX20250926_0003345651
2025-09-27,"CERT,INVEST,LAUNCH,PARTNERSHIP","LS일렉트릭, LG전자·한전과 직류 기반 스마트팩토리 사업 본격화",http://www.bizwnews.com/news/articleView.html?idxno=112659
2025-10-10,LAUNCH,[브리프] 현대차 S-OIL 한국타이어 바디프랜드 제주신라호텔 제주항공 ...,http://www.biztribune.co.kr/news/articleView.html?idxno=341380
2025-10-10,"LAUNCH,PARTNERSHIP",[부산ㆍ경남 대학 브리핑 모음(10월10일)] 경상국립대학교 컴퓨터공학부...,https://www.dnews.co.kr/uhtml/view.jsp?idxno=202510092033414290196
2025-10-08,"CERT,INVEST",[The First 리뷰] 매일 10분이면 두피 관리 끝... 바디프랜드  미니  '두피...,http://www.thefirstmedia.net/news/articleView.html?idxno=182838
2025-10-05,INVEST,"""농어촌 기본소득 시범사업, 화순으로!"" 화순군, 유치 결의대회 개최로...",http://www.breaknews.com/1152552
2025-10-03,LAUNCH,"도쿄게임쇼 2025, 한국 게임의 '글로벌 진격'",https://www.gamevu.co.kr/news/articleView.html?idxno=52110
2025-10-03,LAUNCH,"원도어 모여라~! 멜론 스포트라이트, 보이넥스트도어  미니  5집 ‘The Acti...",https://sports.khan.co.kr/article/202510030858003?pt=nv
2025-10-02,"CERT,LAUNCH",[Today Auto]현대차그룹 'H-점프스쿨 인도네시아' 2기 발대식 개최 外,http://www.press9.kr/news/articleView.html?idxno=67716
2025-10-02,LAUNCH,"""신제품 총 정리"" 애플, 10월 'M5 아이패드 프로·비전 프로' 등 5종 공개...",https://www.autodaily.co.kr/news/articleView.html?idxno=537314
2025-10-02,LAUNCH,"동아대 공두형 박사과정생, 'IMID 2025' 우수포스터상 수상",http://www.enewstoday.co.kr/news/articleView.html?idxno=2337349
2025-10-02,LAUNCH,보이넥스트도어 쇼케이스 가고 싶다면 ‘멜론 스포트라이트’로,https://www.kukinews.com/article/view/kuk202510020118
2025-10-02,LAUNCH,"동아대 화학공학과 공두형 박사과정생, ‘IMID 2025’ 우수포스터상 받...",https://www.busan.com/view/busan/view.php?code=2025100214372289031
2025-10-02,LAUNCH,"원도어 시선집중!…멜론 스포트라이트, 보넥도 팬 위한 '특별 선물'",https://www.etnews.com/20251002000198
2025-10-02,LAUNCH,"멜론 스포트라이트, 보이넥스트도어 함께 '독점 콘텐츠 & 이벤트' 선물",http://www.fnnews.com/news/202510021448433991
2025-10-02,LAUNCH,동아대 화학공학과 공두형 박사과정생 'IMID 2025' 우수포스터상 수상,http://www.veritas-a.com/news/articleView.html?idxno=575852
2025-10-02,"CERT,LAUNCH","올 10월, 애플 5개 이상 신제품 선보인다…기대작 총정리",https://www.digitaltoday.co.kr/news/articleView.html?idxno=595618
2025-10-02,CERT,"TCL, QD- 미니 LED  TV로 ‘EISA 어워즈’ 및 ’IFA 2025’ 동시 수상",https://www.dnews.co.kr/uhtml/view.jsp?idxno=202510021325059620999
2025-10-02,LAUNCH,"멜론 스포트라이트, 보이넥스트도어 컴백 앞두고 이벤트 쏟아진다",https://www.tenasia.co.kr/article/2025100232134
2025-10-02,LAUNCH,"동아대 화학공학과 공두형 박사과정생, 'IMID 2025' 우수포스터상 받아",http://www.kyosu.net/news/articleView.html?idxno=145720
2025-10-02,LAUNCH,"애플, 이번 달 행사 열고 M5 칩 공개할까",https://zdnet.co.kr/view/?no=20251002072215
2025-10-02,CERT,"TCL, QD- 미니 LED  TV로 ‘EISA 어워즈’ 및 ’IFA 2025’에서 동시 수상",http://www.edaily.co.kr/news/newspath.asp?newsid=02807686642328984
2025-10-02,CERT,"TCL, QD- 미니 LED  TV로 'EISA 어워즈'·'IFA 2025' 동시 수상",https://www.ajunews.com/view/20251002094313822
2025-10-02,CERT,"TCL, QD- 미니 LED  TV로 ‘EISA 어워즈’·‘IFA 2025’ 수상",https://www.dailian.co.kr/news/view/1556766/?sc=Naver
2025-10-02,CERT,"TCL, QD- 미니 LED  TV로 'EISA 어워즈'·'IFA 2025'에서 동시 수상",https://view.asiae.co.kr/article/2025100209301738944
2025-10-02,LAUNCH,"""보이넥스트도어 열기 가득""… 미니  5집 'The Action' 컴백→멜론 스포트...",https://www.topstarnews.net/news/articleView.html?idxno=15826851
2025-10-02,LAUNCH,"멜론 스포트라이트, 보이넥스트도어  미니  5집 'The Action' 발매 기념 콘...",https://www.stardailynews.co.kr/news/articleView.html?idxno=503287
2025-10-02,LAUNCH,"보이넥스트도어, 20일 멜론 뮤직웨이브 실시간 채팅 등 'The Action' 컴백 ...",https://www.slist.kr/news/articleView.html?idxno=682766
2025-10-02,LAUNCH,"‘中 스마트홈 역습’⋯ 삼성·LG, 안방마저 ‘사정권’",https://www.viva100.com/article/20251001500698
2025-10-01,LAUNCH,"[현장] '두근두근타운'에 발길이 멈췄다… XD, TGS 2025서 생활형·시네...",https://www.gokorea.kr/news/articleView.html?idxno=841618
2025-10-01,"INVEST,LAUNCH,PARTNERSHIP",[Today Auto]현대자동차 '아이오닉 6 N' 판매 개시 外,http://www.press9.kr/news/articleView.html?idxno=67660
2025-10-01,REGUL,"""TV가 안 나와요""…한국선 먹통인 中 샤오미, 알고보니 '황당'",https://www.hankyung.com/article/202509306602g
2025-09-30,INVEST,"""2036 전주올림픽, 시민이 먼저 뛰다"" 범시민 문화축제 성료",https://www.thefairnews.co.kr/news/articleView.html?idxno=57280
2025-09-30,INVEST,'전주올림픽 유치 붐 조성'…범시민 문화축제 개최,http://www.jeollailbo.com/news/articleView.html?idxno=780063
2025-09-30,INVEST,전주시민 '올림픽 유치' 열망 활~활,http://www.jjn.co.kr/news/articleView.html?idxno=1019163
2025-09-30,"CERT,LAUNCH","""쇼핑하러 왔다가 캠핑하고 가요!"" 가을 캠핑장으로 변신한 롯데 아울렛...",https://www.asiatoday.co.kr/view.php?key=20250930001641389
2025-09-30,LAUNCH,"작지만 강하다… 크나우스, 3000만원대 다용도 초소형 캠핑카 출시",https://www.thedrive.co.kr/news/newsview.php?ncode=1065585463986651
2025-09-30,PARTNERSHIP,"저가형TV 중국업체에 아웃 소싱... LG전자, 비주력 제품 가격 경쟁력 강...",https://www.autodaily.co.kr/news/articleView.html?idxno=537123
2025-09-29,"CERT,INVEST,LAUNCH,ORDER,PARTNERSHIP","데브시스터즈, 롯데 아울렛서 가을 팝업 ‘쿠키캠프’ 개최…10월 의왕...",https://www.xportsnews.com/article/2059409
2025-09-29,"CERT,LAUNCH","데브시스터즈, 롯데 프리미엄 아울렛에서 '쿠키캠프' 팝업 개최",http://www.worktoday.co.kr/news/articleView.html?idxno=74894
2025-09-29,LAUNCH,'블루 프로토콜: 스타 레조넌스'와 '두근두근 타운'으로 꾸며진 '도쿄게...,https://www.stardailynews.co.kr/news/articleView.html?idxno=502959
2025-09-29,"CERT,LAUNCH","데브시스터즈, 롯데 프리미엄 아울렛서 ‘쿠키캠프’ 팝업 개최",http://www.metroseoul.co.kr/article/20250929500493
2025-09-29,LAUNCH,축제로 물든 인천의 가을…도시 곳곳 흥겨운 무대,https://www.hankyung.com/article/2025092941031
2025-09-29,"CERT,LAUNCH",[게임in도쿄] 서브컬처 전성기·멀티플랫폼 가속…韓中 강세·日 주춤,https://www.bloter.net/news/articleView.html?idxno=644842
2025-09-29,"CERT,LAUNCH","데브시스터즈, 롯데 프리미엄 아울렛서 '쿠키캠프' 팝업 개최",https://www.digitaltoday.co.kr/news/articleView.html?idxno=594717
2025-09-29,"CERT,LAUNCH","데브시스터즈, 롯데 프리미엄 아울렛에 가을 맞이 팝업 행사 '쿠키캠프...",http://www.maniareport.com/view.php?ud=202509291534109048cecffa9387_19
2025-09-29,"INVEST,PARTNERSHIP","""건물 안에서 농작물 키워요"" 장수군, 전국 최초 공공 수직농장 눈길",https://www.hankookilbo.com/News/Read/A2025092911210003366?did=NA
2025-09-29,"CERT,LAUNCH","데브시스터즈, 롯데 프리미엄 아울렛에 '쿠키캠프' 팝업 개최",https://www.inven.co.kr/webzine/news/?news=310086
2025-09-29,CERT,"데브시스터즈, 롯데 프리미엄 아울렛에서 ‘쿠키캠프’ 팝업 개최",https://biz.chosun.com/it-science/ict/2025/09/29/VPNLMRUQYRFTDJNTXT7OZMQRNE/?utm_source=naver&utm_medium=original&utm_campaign=biz
2025-09-29,REGUL,"부천시, 재개발·재건축 사업성 대폭 개선... 도시·주거환경정비 기본...",http://www.breaknews.com/1151124
2025-09-29,"CERT,LAUNCH","데브시스터즈, 가을맞이 롯데 프리미엄 아울렛에서 '쿠키캠프' 팝업 개...",https://www.onews.tv/news/articleView.html?idxno=260070
2025-09-29,"CERT,LAUNCH","데브시스터즈, 롯데 프리미엄 아울렛에서 쿠키캠프 팝업 열어",https://www.fomos.kr/redirect/news_view?news_cate_id=2&entry_id=147675
2025-09-29,"CERT,LAUNCH","애플, M5 탑재 맥북 생산 돌입…2026년 초 출시 예정",https://www.digitaltoday.co.kr/news/articleView.html?idxno=594566
2025-09-29,"CERT,LAUNCH","데브시스터즈, 롯데 프리미엄 아울렛과 협업…'쿠키캠프' 팝업 오픈",https://zdnet.co.kr/view/?no=20250929101814
2025-09-29,"CERT,LAUNCH","데브시스터즈, 롯데 프리미엄 아울렛서 가을 팝업 행사 '쿠키캠프' 개최",https://www.ngetnews.com/news/articleView.html?idxno=537508
2025-09-29,"CERT,LAUNCH","데브시스터즈, 롯데 프리미엄 아울렛에서 '쿠키캠프' 이벤트",http://www.hansbiz.co.kr/news/articleView.html?idxno=780322
2025-09-29,"CERT,LAUNCH","데브시스터즈-롯데 프리미엄 아울렛, 가을 맞이 팝업 '쿠키캠프' 오픈 ...",https://gamefocus.co.kr/detail.php?number=169744
2025-09-29,INVEST,"LG전자 ""OLED TV는 중국 공동생산 안한다"" … 기술유출 우려 차단",https://www.ilovepc.co.kr/news/articleView.html?idxno=56209
2025-09-29,"CERT,LAUNCH","데브시스터즈, 롯데프리미엄아울렛에 '쿠키캠프' 팝업 연다",https://www.newspim.com/news/view/20250929000146
2025-09-28,LAUNCH,무섭게 파고드는 ‘中 가전’⋯ 초격차 시험대 오른 ‘삼성·LG전자’,https://www.viva100.com/article/20250928500535
2025-09-26,"INVEST,LAUNCH","정철동 LG디스플레이 사장 ""韓 미래는 OLED… 하반기 실적 개선 확대 전...",https://www.newscj.com/news/articleView.html?idxno=3322517
2025-09-26,"INVEST,LAUNCH","[현장] 韓 IT산업 기둥 '디스플레이', 미래 청사진은",https://www.sisaweek.com/news/articleView.html?idxno=229427
2025-09-26,INVEST,"정철동 LGD 사장 ""하반기 실적 개선… 연간 흑자 전환 위해 노력""",https://www.moneys.co.kr/article/2025092618224898705
2025-09-26,"INVEST,LAUNCH",삼성·LG디스플레이 수장들 “하반기 실적 긍정적”,http://www.newstomato.com/ReadNews.aspx?no=1276417&inflow=N
2025-09-26,"INVEST,LAUNCH","K-디스플레이 양대 수장, '하반기 실적 확대' 전망",https://www.ajunews.com/view/20250926183508185
2025-09-26,INVEST,"정철동 ""OLED의 미래도 OLED""…LGD 흑자 전환 가속",http://news.bizwatch.co.kr/article/industry/2025/09/26/0055
2025-09-26,"INVEST,LAUNCH","정철동 LGD 사장 ""마이크로· 미니  RGB  LED , 올레드 못 따라올 기술""",https://daily.hankooki.com/news/articleView.html?idxno=1276974
2025-09-26,"INVEST,LAUNCH",삼성D “8.6세대 2분기 양산” LGD “8.6세대 열려있다”,https://www.etnews.com/20250926000345
2025-09-26,"INVEST,LAUNCH","삼성D·LGD 사장, '하반기 실적 개선' 한목소리…전통적 성수기 기대",https://www.mt.co.kr/industry/2025/09/26/2025092618155981728
2025-09-26,INVEST,"삼성·LG 디스플레이 양대 수장, 실적 반등 자신…中 추격엔 “기술·제...",https://www.mk.co.kr/article/11430457
2025-09-26,"INVEST,LAUNCH","한국 양대 디스플레이 수장 ""하반기 실적 긍정적""",https://www.dailian.co.kr/news/view/1554601/?sc=Naver
2025-09-26,"INVEST,LAUNCH","LGD 정철동 "" 미니 LED 도 결국 LCD…OLED 못 이긴다""",http://www.edaily.co.kr/news/newspath.asp?newsid=03945846642304056
2025-09-26,INVEST,"정철동 LGD 사장, OLED 패널 초격차 자신...""하반기 실적 확대 전망""",https://zdnet.co.kr/view/?no=20250926181735
2025-09-26,"INVEST,LAUNCH","정철동 LGD 사장 ""연간 흑자 가능성 있다"" 자신감",https://www.newspim.com/news/view/20250926000946
2025-09-26,INVEST,정철동 LGD 사장 “올레드 기술력 자신…하반기 흑자 전환 최선”,https://www.etoday.co.kr/news/view/2510794
2025-09-26,INVEST,"정철동 LGD 대표 "" 미니 LED 도 결국 LCD, OLED 못 이겨…8.6세대 투자 중장...",https://www.ddaily.co.kr/page/view/2025092617511318533
2025-09-26,LAUNCH,"OLED 넘어 RGB  LED …TV 기술 경쟁, 새 판 열린다",https://www.mediapen.com/news/view/1045740
2025-09-26,"INVEST,LAUNCH",[브리프] 신라면세점 조선호텔 대명소노 놀유니버스 야놀자 여기어때 에...,http://www.biztribune.co.kr/news/articleView.html?idxno=340901
2025-09-26,"INVEST,LAUNCH,REGUL",저가 이미지 벗은 中 스마트폰 … 갤럭시도 위험하다 [취재수첩],https://www.newdaily.co.kr/site/data/html/2025/09/26/2025092600113.html
2025-09-26,"INVEST,LAUNCH","[빅테크 코리아 러시④] 오프라인 거점 넓히는 샤오미…""연내 추가 확장...",https://www.ntoday.co.kr/news/articleView.html?idxno=119886
2025-09-25,"CERT,INVEST,LAUNCH,PARTNERSHIP",[브리프] 넥슨 넷마블 크래프톤 스마일게이트 엔씨소프트 컴투스 위메이...,http://www.biztribune.co.kr/news/articleView.html?idxno=340862
2025-09-25,"INVEST,LAUNCH,PARTNERSHIP","'공세 강화' 中 샤오미, '신제품·오프라인 매장' 앞세워 韓 시장 공략",https://www.bloter.net/news/articleView.html?idxno=644693
2025-09-25,LAUNCH,"점유율 0% 굴욕에도…샤오미, 2·3호 매장에 ‘틈새 공략’ 신제품 공세",https://www.joongang.co.kr/article/25369978
2025-09-25,"INVEST,LAUNCH,PARTNERSHIP",얼마전에 첫 매장 오픈했는데 벌써 2·3호점…한국서 ‘폭풍 성장’ 이...,https://www.mk.co.kr/article/11429241
2025-09-25,LAUNCH,'가성비 프리미엄' 내건 中 샤오미…한국 시장 공략 박차,https://www.hankyung.com/article/202509257451g
2025-09-25,"CERT,LAUNCH","[재계는 지금] 삼성전자, AI 업무 생산성 지표 '트루벤치' 공개 外",https://dealsite.co.kr/articles/148842
2025-09-25,"INVEST,LAUNCH,PARTNERSHIP","샤오미의 한국 공략 2막 전략은... ""최대한 접점 넓힌다""",https://www.dailian.co.kr/news/view/1553896/?sc=Naver
2025-09-25,"INVEST,LAUNCH","샤오미, 향후 5년간 AI·OS·칩셋 분야에 39조원 투자",https://zdnet.co.kr/view/?no=20250925132005
2025-09-25,LAUNCH,"""국내 판매 스마트폰 40% 고급형""…샤오미, 韓 공략 강화",https://zdnet.co.kr/view/?no=20250925125934
2025-09-25,"CERT,LAUNCH","20년 왕좌 지킨 삼성, 글로벌 TV 시장 초격차로 달린다",https://www.the-pr.co.kr/news/articleView.html?idxno=54212
2025-09-25,"CERT,LAUNCH",韓 공략 속도 내는 샤오미 … 용산에 '익스클루시브 서비스 센터' 짓는...,https://biz.newdaily.co.kr/site/data/html/2025/09/25/2025092500161.html
2025-09-24,LAUNCH,노랗게 물들어가는 9~10월 이색 잔치마당으로 오세요,http://www.kihoilbo.co.kr/news/articleView.html?idxno=1160288
2025-09-24,"INVEST,PARTNERSHIP",혁신이 현실이 되는 곳: 삼성전자 상업용 디스플레이 전시장 '어바인 CE...,http://www.issuenbiz.com/news/articleView.html?idxno=66567
2025-09-23,LAUNCH,"넥슨 '블루 아카이브', 4주년 앞두고 IP 확장 계획 공개",https://www.gamevu.co.kr/news/articleView.html?idxno=51920
2025-09-23,LAUNCH,LCD TV 끝판왕 ‘RGB’ 놓고 한·중 격돌…승부처는 ‘차별화’,https://www.hani.co.kr/arti/economy/economy_general/1220148.html
2025-09-23,"INVEST,LAUNCH","같은 OLED, 다른 성적표…LG전자 '저조' LGD는 '호조'",https://it.chosun.com/news/articleView.html?idxno=2023092147822
2025-09-23,LAUNCH,"낫싱, 플래그십 모델 ‘폰 (3)’ 발표",https://www.dt.co.kr/article/12019442?ref=naver
2025-09-22,LAUNCH,"낫싱, 플래그십 스마트폰 '폰 (3)' 공개...109만9천원부터",https://zdnet.co.kr/view/?no=20250922115707
2025-09-22,LAUNCH,250만원→129만원 '반값 TV' 반응 폭발…가성비에 지갑 연다,https://www.hankyung.com/article/202509228696g
2025-09-22,LAUNCH,"낫싱, 플래그십 스마트폰 '폰(3)' 공개…창의력 자극하는 신 기준 제시",https://www.epnc.co.kr/news/articleView.html?idxno=322747
2025-09-22,LAUNCH,"'삼성이냐, LG냐' 고민하더니 '돌변'…""중국 TV 어딨어요?"" [트렌드+]",https://www.hankyung.com/article/202509228232g
2025-09-21,INVEST,[진영전자] 김기자 청소 고민 1순위 '먼지'···'로보락 H60 Hub Ultra'로 ...,http://www.enewstoday.co.kr/news/articleView.html?idxno=2332035
2025-09-20,LAUNCH,"현대차, 자원순환 체험 전시회 '컬러풀 라이프-RE:Color' 개최",https://www.apnews.kr/news/articleView.html?idxno=3040207
2025-09-20,LAUNCH,"현대차, 자원순환 체험 전시회 개최",https://www.newscj.com/news/articleView.html?idxno=3319983
2025-09-19,LAUNCH,"[리뷰] ‘미쿠미쿠’한 게이밍기어, 에이수스 TUF 하츠네 미쿠 에디션 3...",https://www.donga.com/news/It/article/all/20250919/132425614/1
2025-09-19,LAUNCH,"현대차, 자원순환 체험 전시회 '컬러풀 라이프 - RE:Color' 개최",https://www.autodaily.co.kr/news/articleView.html?idxno=536600
2025-09-19,LAUNCH,"현대차, 자원순환 중요성 알린다… 체험 전시회 개최",https://www.moneys.co.kr/article/2025091916522680939
2025-09-19,LAUNCH,"현대차, 21일까지 자원순환 체험 전시회 '컬러풀 라이프' 개최",https://news.tf.co.kr/read/economy/2245823.htm
2025-09-19,LAUNCH,현대차 '리:컬러' 전시 개막…폐기물의 새로운 가능성 조명,http://www.whitepaper.co.kr/news/articleView.html?idxno=252239
2025-09-19,"INVEST,LAUNCH,PARTNERSHIP","[Today Auto]현대차, 첨단 전동화 기술력 앞세워 글로벌 車산업 위기 정...",http://www.press9.kr/news/articleView.html?idxno=67263
2025-09-19,LAUNCH,"[위클리오늘] 현대차, 자원순환 체험 전시회 '컬러풀 라이프 - RE:Color' 개...",http://www.weeklytoday.com/news/articleView.html?idxno=726345
2025-09-19,LAUNCH,"현대차, 친환경 신소재·자원순환 전시 '컬러풀 라이프' 개최",http://news.mt.co.kr/mtview.php?no=2025091915302726161
2025-09-19,LAUNCH,"현대차, 자원순환 전시회 '컬러풀 라이프' 개최",http://www.finomy.com/news/articleView.html?idxno=239357
2025-09-19,LAUNCH,"현대차, 자원순환 체험 전시회 ‘컬러풀 라이프–리:컬러’ 개최",https://www.sentv.co.kr/article/view/sentv202509190132
2025-09-19,LAUNCH,"현대차, 자원순환 체험 전시회 '컬러플 라이프 - RE:Color' 개최",https://www.wolyo.co.kr/news/articleView.html?idxno=301435
2025-09-19,LAUNCH,"현대차, 자원순환 체험 전시회 '컬러풀 라이프 - 리:컬러' 개최",https://www.pinpointnews.co.kr/news/articleView.html?idxno=378461
2025-09-19,LAUNCH,"현대자동차, '컬러풀 라이프 - RE:Color' 친환경 신소재·자원순환 전시...",http://www.queen.co.kr/news/articleView.html?idxno=442678
2025-09-19,LAUNCH,"현대차, 친환경 자원순환 전시회 '컬러풀 라이프 - RE:Color' 개최",http://www.g-enews.com/ko-kr/news/article/news_all/2025091914191452023fe8821aee_1/article.html
2025-09-19,LAUNCH,"현대차, 친환경 자원순환 전시 'RE:Color' 개최",https://www.getnews.co.kr/news/articleView.html?idxno=841400
2025-09-19,LAUNCH,"현대차, 탄소중립 위한 자원순환 체험 전시회 개최",https://www.ebn.co.kr/news/articleView.html?idxno=1679300
2025-09-19,LAUNCH,"현대차, 자원순환 체험 전시회 '컬러풀 라이프 – RE:Color' 개최",http://www.m-i.kr/news/articleView.html?idxno=1284316
2025-09-19,LAUNCH,"현대차, 자원순환 전시회 '컬러풀 라이프 – RE:Color' 개최",http://www.ferrotimes.com/news/articleView.html?idxno=43677
2025-09-19,LAUNCH,"현대차, 자원순환 전시회 컬러풀 라이프 RE:Color 개최",https://www.kgnews.co.kr/news/article.html?no=865733
2025-09-19,LAUNCH,"현대차, 자원순환 체험 전시회 '컬러풀 라이프' 개최",http://www.smarttimes.co.kr/news/articleView.html?idxno=37701
2025-09-19,LAUNCH,"현대차, 자원순환 체험 전시회 ‘컬러풀 라이프-RE:Color’ 개최",http://www.breaknews.com/1148950
2025-09-19,LAUNCH,"오스템임플란트, GAMEX 2025 관람객 호평",https://www.dentalnews.or.kr/news/article.html?no=45252
2025-09-19,"LAUNCH,ORDER",효성 GS건설 外(산업 동향),https://www.newsclaim.co.kr/news/articleView.html?idxno=3049193
2025-09-19,LAUNCH,"현대차, '흙과 회복' 주제 자원순환 전시회 '컬러풀 라이프 RE:Color' 개최",https://www.financialpost.co.kr/news/articleView.html?idxno=233481
2025-09-19,LAUNCH,"현대차, 서울 성동구에서 '컬러풀 라이프 - RE:Color' 개최",https://www.lcnews.co.kr/news/articleView.html?idxno=111705
2025-09-19,LAUNCH,"현대차, 자원순환 중요성 전시로 알린다",http://autotimes.co.kr/detail.php?number=684747&thread=27
2025-09-19,"CERT,INVEST,LAUNCH,REGUL",[AT 오토 단신] 마세라티·현대차·벤츠코리아·만트럭버스코리아·기아,https://www.asiatime.co.kr/article/20250919500276
2025-09-19,LAUNCH,"현대차, 자원순환 전시회 '컬러풀 라이프 - RE:Color' 21일까지 개최",http://www.ttlnews.com/news/articleView.html?idxno=3032260
2025-09-19,LAUNCH,"현대차, '컬러풀 라이프-RE:Color' 전시회로 자원순환 가치 알린다",https://www.insight.co.kr/news/520776
2025-10-05,"INVEST,LAUNCH","의료용 디스플레이 시장, 2032년 40억4000만 달러 예상",https://www.theguru.co.kr/news/article.html?no=92406
2025-10-04,LAUNCH,"추석 아트는 하이테크를 입는다..아트코리아랩,아르떼,모나용평,제주시...",https://biz.heraldcorp.com/article/10589378?ref=naver
2025-09-30,LAUNCH,"Axon, 초경량 바디 카메라 ABW  Mini  출시… 안전의 새 시대 열어간다",https://www.cbci.co.kr/news/articleView.html?idxno=533664
2025-09-19,LAUNCH,"아이유, ‘Love wins all’ 뮤비 1억뷰 돌파..통산 9번째 억대 조회수",http://www.breaknews.com/1148866
2025-09-18,"CERT,INVEST,LAUNCH,PARTNERSHIP","GC녹십자 독감백신 지씨플루, 누적 생산량 4억 도즈 돌파 外",http://www.newsmp.com/news/articleView.html?idxno=248870
2025-09-18,"CERT,LAUNCH,PARTNERSHIP",[의료기기업계 소식] 9월 18일,http://www.doctorstimes.com/news/articleView.html?idxno=234464
2025-09-18,PARTNERSHIP,"동아참메드, '태국 방콕 의료기기 전시회' 참가",https://www.rapportian.com/news/articleView.html?idxno=226381
2025-09-18,PARTNERSHIP,"동아참메드, 태국 의료기기 전시회 참가",https://mdtoday.co.kr/news/view/1065585707497095
2025-09-18,PARTNERSHIP,"이비인후과 장비로 승부... 동아참메드, 태국 전시회 참여",https://www.hinews.co.kr/view.php?ud=2025091810074457616aa9cc43d0_48
2025-09-18,PARTNERSHIP,동아참메드 'Medical Fair Thailand 2025' 참가,http://www.hitnews.co.kr/news/articleView.html?idxno=69085
2025-09-18,PARTNERSHIP,"동아참메드, 'Medical Fair Thailand 2025' 참가",https://www.pharmnews.com/news/articleView.html?idxno=263223
2025-09-17,INVEST,"집으로 들어온 극장, 벤큐 W4100i 시네마 빔프로젝터",https://www.ilovepc.co.kr/news/articleView.html?idxno=56069
2025-09-12,LAUNCH,[르포] 獨 양강에 현대차·폭스바겐까지…‘유럽 심장부 전기차 대전’...,https://biz.heraldcorp.com/article/10573993?ref=naver
2025-09-12,"INVEST,LAUNCH",미래형 차 완성하는 삼성·LG디스플레이,https://www.wolyo.co.kr/news/articleView.html?idxno=300941
2025-09-11,LAUNCH,"[Biz-inside,China] IFA 2025, 中 기업 ‘기술 혁신’으로 글로벌 시장에...",https://www.joongang.co.kr/article/25366262
2025-09-11,"CERT,LAUNCH","2025년 8월 써클차트, 헌트릭스 7관왕·스트레이 키즈 3관왕..독보적 인...",http://www.breaknews.com/1146883
2025-09-10,REGUL,"미니프 MINIF, '2025 대한민국 소비자만족지수1위' 수상",http://news.mt.co.kr/mtview.php?no=2025090814261625075
2025-09-09,"LAUNCH,REGUL","""AI·친환경 혁신의 경영장""…IFA 2025, 닷새간 여정 마무리[폐막]",https://www.dailian.co.kr/news/view/1546119/?sc=Naver
2025-09-08,"CERT,INVEST,LAUNCH,PARTNERSHIP,REGUL",[브리프] 삼성전자 LG유플러스 삼성디스플레이 한국타이어 넥센타이어 ...,http://www.biztribune.co.kr/news/articleView.html?idxno=339780
2025-09-08,"CERT,INVEST,LAUNCH,PARTNERSHIP","[Today Auto]폭스바겐, IAA 모빌리티 2025서 'ID.크로스 콘셉트' 세계 최초...",http://www.press9.kr/news/articleView.html?idxno=66848
2025-09-08,"INVEST,LAUNCH","삼성D, 獨 'IAA 모빌리티 2025' 참가",http://www.smedaily.co.kr/news/articleView.html?idxno=337146
2025-09-08,"INVEST,LAUNCH","삼성디스플레이, 세계 최대 모빌리티 전시 獨 'IAA 모빌리티 2025' 참가",http://www.popcornnews.net/news/articleView.html?idxno=93232
2025-09-08,"INVEST,LAUNCH","'IAA 2025' 삼성D, 차량용 OLED로 영토 확장",http://www.shinailbo.co.kr/news/articleView.html?idxno=2112567
2025-09-08,"LAUNCH,PARTNERSHIP",SPC 정관장 유한킴벌리 外(오늘의 유통망),https://www.newsclaim.co.kr/news/articleView.html?idxno=3048723
2025-09-08,"CERT,INVEST,LAUNCH,REGUL",[AT 산업 단신] 삼성전자·삼성디스플레이·LS전선·오텍캐리어·하이센...,https://www.asiatime.co.kr/article/20250908500267
2025-09-08,"INVEST,LAUNCH","삼성디스플레이, 'IAA 2025'서 차량용 OLED 제품·기술력 뽐낸다",https://www.pointdaily.co.kr/news/articleView.html?idxno=268227
2025-09-08,"INVEST,LAUNCH","삼성디스플레이, 獨 'IAA 모빌리티 2025' 참가",https://biz.newdaily.co.kr/site/data/html/2025/09/08/2025090800164.html
2025-09-08,"INVEST,LAUNCH","삼성디스플레이, 독일 'IAA 모빌리티' 참가… 패널업체 유일",http://www.seoulwire.com/news/articleView.html?idxno=669651
2025-09-08,"INVEST,LAUNCH","삼성디스플레이, 'IAA 모빌리티' 출격…OLED 영토 확장 가속",http://www.m-i.kr/news/articleView.html?idxno=1279202
2025-09-08,LAUNCH,다음은 '모빌리티'... 삼성디스플레이 차세대 OLED 기술 선봬,https://www.pressman.kr/news/articleView.html?idxno=93859
2025-09-08,"INVEST,LAUNCH","삼성디스플레이, IAA 모빌리티 참가...""차량용 OLED 기술 총망라""",http://www.ftoday.co.kr/news/articleView.html?idxno=347216
2025-09-08,"INVEST,LAUNCH","삼성디스플레이, OLED로 만든 미래형 '디지털콕핏' 첫 공개",https://zdnet.co.kr/view/?no=20250908092906
2025-09-08,LAUNCH,"삼성디스플레이, 獨 IAA 모빌리티 참가…OLED 영토 확장",http://www.srtimes.kr/news/articleView.html?idxno=185363
2025-09-08,LAUNCH,"삼성D, 'IAA 모빌리티 2025' 참가…혁신 기술 대거 공개",https://www.econovill.com/news/articleView.html?idxno=710421
2025-09-08,"INVEST,LAUNCH","삼성D, 'IAA 모빌리티 2025' 참가…전세계 패널 업체 중 '유일'",http://www.datanews.co.kr/news/article.html?no=140599
2025-09-08,"INVEST,LAUNCH","[IAA 모빌리티 2025] 삼성디스플레이, 미래형 '디지털콕핏' 첫 공개…OLE...",https://www.financialpost.co.kr/news/articleView.html?idxno=232670
2025-09-08,LAUNCH,“IFA 보니 유럽 경기 안좋네” 가성비 중국산 부스 북적,https://www.joongang.co.kr/article/25365007
2025-09-07,LAUNCH,"유럽 IFA, 관람객은 가성비에 눈길...삼성·LG 아닌 中 로봇·청에 '우와...",https://www.joongang.co.kr/article/25364941
2025-09-07,LAUNCH,"국내 가전업계, 마이크로  LED  TV로 프리미엄 시장 공략",https://www.mediapen.com/news/view/1041182
2025-09-07,LAUNCH,[IFA 2025]유럽 전통 강호 본고장서 삼성·LG vs 중국 신흥강자 AI 기술력...,https://www.newsway.co.kr/news/view?ud=2025090709182099894
2025-09-07,"LAUNCH,PARTNERSHIP","LG전자 조주완 ""RGB TV 내년 출시…B2B 성장도 속도""[IFA 2025]",https://www.dailian.co.kr/news/view/1545420/?sc=Naver
2025-09-07,LAUNCH,"""OLED는 잊어라"" 中 TV업체, RGB TV로 삼성·LG '저격' [IFA 2025]",https://www.sedaily.com/NewsView/2GXT5E1O4R
2025-09-05,LAUNCH,"TCL, 제미나이 탑재 구글 TV 출시…'QM9K' 시리즈 공개",https://www.digitaltoday.co.kr/news/articleView.html?idxno=589739
2025-09-04,LAUNCH,"좁혀진 격차, 한·중 가전 ‘기술 대전’…IFA 2025 5일 베를린서 개막",https://www.khan.co.kr/article/202509042027025
2025-09-04,LAUNCH,TV·로봇청소기 둘러싸고 한·중 ‘기술 대결’[IFA 2025],https://www.khan.co.kr/article/202509041830001
2025-09-04,LAUNCH,"2025년 35주차 써클차트, ‘케데헌’ 헌트릭스·임영웅·아이브·스키즈...",http://www.breaknews.com/1145182
2025-09-03,LAUNCH,"HDR을 넘어섰다는 돌비 비전2, 도입 확정은 하이센스만..",https://kbench.com/?q=node/270944
2025-09-01,LAUNCH,[뉴스줌인] MSI의 '듀얼모드' 지원 게이밍 모니터 출시...주목할 점은?,https://it.donga.com/107488/
2025-09-01,LAUNCH,"12% + 5% MSI 모니터 세일, 11번가 9월 십일절 행사로 여름 특가 시작!",https://kbench.com/?q=node/270880
2025-09-01,"CERT,ORDER","스페클립스, 인모드와 레이저 의료기기 ODM 공급 계약 체결",https://www.venturesquare.net/1002213
2025-09-01,LAUNCH,"에스파, ‘3만 관객 매료’ 세 번째 단독 콘서트 성료..물오른 ‘쇠 맛...",http://www.breaknews.com/1144212
2025-08-31,LAUNCH,"TV명가 일본의 귀환 … 삼성·LG, 프리미엄 전략 '적신호' [N-경제포커스...",https://biz.newdaily.co.kr/site/data/html/2025/08/28/2025082800220.html
2025-08-29,LAUNCH,"‘워크맨’ 아이브 리즈·키키 지유, 피자 가게 아르바이트 성공..스타...",http://www.breaknews.com/1143911
2025-08-29,"CERT,LAUNCH","MSI, 게이밍 모니터 'MAG 274UPDF E16M' 출시... 27인치 4K  Mini - LED  패널,...",https://kr.aving.net/news/articleView.html?idxno=1803473
2025-08-29,LAUNCH,"MSI, 4K  Mini - LED 와 듀얼 모드를 갖춘 차세대 게이밍 모니터 'MAG 274UPDF E1...",https://kbench.com/?q=node/270818
2025-08-28,LAUNCH,"세계 최대 유럽 가전 시장 공략하는 삼성·LG, IFA 2025서 'AI 홈' 선보인...",https://www.lcnews.co.kr/news/articleView.html?idxno=109523
2025-08-25,ORDER,"엑스큐어, 피플멀티와 실외 스마트 AED 보관함 총판 계약",https://www.newsis.com/view/NISX20250825_0003302104
2025-08-25,ORDER,"엑스큐어, 피플멀티와 ‘실외 스마트 AED 보관함’ 총판 계약 체결",https://www.etoday.co.kr/news/view/2499785
2025-08-25,ORDER,"엑스큐어, 피플멀티와 '실외 스마트 AED 보관함' 총판 계약 체결",http://www.popcornnews.net/news/articleView.html?idxno=91363
2025-08-25,ORDER,"엑스큐어, 피플멀티와 ‘실외 스마트 AED 보관함’ 총판 계약",http://www.edaily.co.kr/news/newspath.asp?newsid=02663366642270928
2025-08-24,LAUNCH,"‘25일 컴백’ 아이브, 미니 4집 ‘아이브 시크릿’ 기대 포인트 살펴보...",http://www.breaknews.com/1142397
2025-08-24,"CERT,INVEST","[시승기] 올-일렉트릭  MINI  쿠퍼 ""더 길어진 주행거리로 장거리도 거뜬...",http://www.efnews.co.kr/news/articleView.html?idxno=122672
2025-08-22,LAUNCH,"에스파, 세 번째 단독 콘서트서 ‘Rich Man’ 최초 공개+‘쇠 맛’ 밴드...",http://www.breaknews.com/1142174
2025-08-22,"CERT,INVEST,LAUNCH,REGUL",남아공 모니터 시장 동향,http://dream.kotra.or.kr/kotranews/cms/news/actionKotraBoardDetail.do?SITE_NO=3&MENU_ID=190&CONTENTS_NO=2&bbsGbn=254&bbsSn=254&pNttSn=232879
2025-08-22,LAUNCH,“당신 미쳤어? 왜 이따위 차를”…타보더니 “다른 차 필요없다” 이런...,https://www.mk.co.kr/article/11399922
2025-08-20,"LAUNCH,ORDER","웬디, ‘웬디의 영스트리트’ DJ 1주년 소감..“즐거운 저녁 책임질 것...",http://www.breaknews.com/1141411
2025-08-20,"CERT,LAUNCH",LG전자 희망퇴직에서 본 국내 TV 산업의 위기,https://www.smartfn.co.kr/news/articleView.html?idxno=117770
2025-08-19,"INVEST,LAUNCH","기회의 서울반도체, 중국 공세 넘는다···전장·마이크로  LED 로 '턴어라...",http://www.enewstoday.co.kr/news/articleView.html?idxno=2317212
2025-08-14,LAUNCH,'펀 드라이빙' 궁금하다면… 정답은 '일렉트릭  MINI  쿠퍼' [시승기],https://biz.newdaily.co.kr/site/data/html/2025/08/14/2025081400369.html
2025-10-09,"LAUNCH,PARTNERSHIP","삼성, 모든 기기의 'AI화'…로봇·HVAC·전장 등 미래사업 박차",https://www.hankyung.com/article/2025100990161
2025-10-04,LAUNCH,"中, 소형 넘어 대형 가전 도전장… 추석 지나 연말 특수 노린다",https://www.ajunews.com/view/20251002132427039
2025-10-04,"INVEST,LAUNCH,PARTNERSHIP,REGUL",[이런 구독 저런 구독] ①가전·車·콘텐츠 다 '구독'…구독으로 꾸린 일...,https://www.newsquest.co.kr/news/articleView.html?idxno=253888
2025-09-30,"CERT,LAUNCH","세계 첫 마이크로 RGB 출시, 글로벌기관 인증 취득",https://www.donga.com/news/Economy/article/all/20250929/132474554/2
2025-09-30,"CERT,LAUNCH,PARTNERSHIP","삼성전자, 인공지능 TV 앞세워 글로벌 시장서 선전",https://www.mk.co.kr/article/11431987
2025-09-29,"LAUNCH,PARTNERSHIP","""영상통화부터 명화 감상까지""…삼성·LG TV, 콘텐츠로 차별화 꾀한다",https://www.newsquest.co.kr/news/articleView.html?idxno=253923
2025-09-26,LAUNCH,"삼성전자, 군인 '50% 할인' 방법은?... 경찰·소방도 혜택 제공",https://www.ggilbo.com/news/articleView.html?idxno=1115769
2025-09-26,LAUNCH,"LG전자, 시니어 겨냥 'LG 이지 TV' 출시…왜 OLED 아닌 LCD 택했나",https://www.ngetnews.com/news/articleView.html?idxno=537270
2025-09-25,LAUNCH,"""가전 큰손 온다""… LG전자 조주완, '5070' 집중공략 나선 이유는?",https://www.pinpointnews.co.kr/news/articleView.html?idxno=380178
2025-09-24,REGUL,"""UHD 방송 안 나오는데 UHD TV?""…中 광고에 소비자 '혼란'",http://www.edaily.co.kr/news/newspath.asp?newsid=03657206642303400
2025-09-24,LAUNCH,"삼성전자, ‘K-히어로 페스타’ 진행… 군인·공무원 대상 최대 50% 할인",https://www.hinews.co.kr/view.php?ud=202509241143478577dacadd0fca_48
2025-09-23,LAUNCH,"삼성전자, 군인·경찰·소방·교정 공무원 대상 제2회 'K-히어로 페스타...",https://www.dailysportshankook.co.kr/news/articleView.html?idxno=414999
2025-09-23,"CERT,LAUNCH,PARTNERSHIP",[브리프] 삼성전자 현대기아차 LG유플러스 LG화학 LG디스플레이 삼성SDS...,http://www.biztribune.co.kr/news/articleView.html?idxno=340661
2025-09-23,LAUNCH,"삼성전자, 군·경·소방·교정 공무원 위한 감사 프로모션 진행",https://www.e-science.co.kr/news/articleView.html?idxno=112430
2025-09-23,"INVEST,LAUNCH","6년 연속 최고 자리 지켰다…에미레이트 항공, APEX 어워즈 수상",https://www.mk.co.kr/article/11426634
2025-09-23,LAUNCH,"삼성전자, 제2회 'K-히어로 페스타' 실시…일반 병사까지 확대",https://www.apnews.kr/news/articleView.html?idxno=3040316
2025-09-23,"INVEST,PARTNERSHIP",[오늘의 브리핑_항공사｜9월23일] 오랜 비행에도 심심할 틈 없다,https://www.traveltimes.co.kr/news/articleView.html?idxno=414155
2025-09-22,LAUNCH,"삼성전자, 제2회 'K-히어로 페스타' 실시",https://www.smarttoday.co.kr/news/articleView.html?idxno=91995
2025-09-22,"INVEST,LAUNCH","에미레이트항공, '월드 클래스 어워즈' 6년 연속 수상",http://www.inews24.com/view/1889818
2025-09-22,LAUNCH,"삼성, 군인·경찰·소방 등 'K-히어로'에 50% 할인 혜택",http://www.econotelling.com/news/articleView.html?idxno=17966
2025-09-22,LAUNCH,"삼성전자, 군인·경찰·소방·교정 공무원 대상 '최대 50% 할인'",https://www.job-post.co.kr/news/articleView.html?idxno=179314
2025-09-22,LAUNCH,"삼성전자, 군인·경찰 등에 최대 50% 할인…'K-히어로 페스타' 실시",https://www.newsquest.co.kr/news/articleView.html?idxno=253369
2025-09-22,LAUNCH,"삼성전자, 국가안보 영웅들에 TV·스마트폰 등 반값 보답! 제 2회 K-히어...",https://www.autodaily.co.kr/news/articleView.html?idxno=536695
2025-09-22,LAUNCH,"삼성전자, 제 2회 'K-히어로 페스타' 실시… 일반 병사도 98형  QLED  4K TV 반...",http://www.lkp.news/news/articleView.html?idxno=69567
2025-09-22,LAUNCH,"삼성전자, 군인·경찰·소방 공무원 등에 '최대 50% 할인' 혜택 제공",https://www.delighti.co.kr/news/articleView.html?idxno=102916
2025-09-22,LAUNCH,"삼성전자, 군인·경찰·소방·교정 대상 ‘K-히어로 페스타’ 실시",http://www.segyebiz.com/newsView/20250922514158?OutUrl=naver
2025-09-22,LAUNCH,"""군인·소방관은 우리의 영웅""... 삼성전자, '이 조건' 충족시 최대 50% ...",https://www.insight.co.kr/news/521214
2025-09-22,LAUNCH,"삼성전자, 군인·경찰·소방 공무원 대상 'K-히어로 페스타'…일반 병사...",http://www.updownnews.co.kr/news/articleView.html?idxno=314282
2025-09-22,"CERT,LAUNCH,REGUL",[AT 산업 단신] 삼성전자·삼성전자서비스·삼성SDS·로보락·소니코리아,https://www.asiatime.co.kr/article/20250922500326
2025-09-22,"INVEST,LAUNCH","에미레이트 항공, ‘월드 클래스 어워즈’ 6년 연속 수상",https://www.segye.com/newsView/20250922512923?OutUrl=naver
2025-09-22,"CERT,LAUNCH","삼성전자, 군인·경찰·소방 대상 ‘최대 50% 할인’…제2회 K-히어로 페...",https://www.todayeconomic.com/news/article.html?no=28357
2025-09-22,LAUNCH,"삼성전자, 군인·경찰·소방·교정 공무원 대상 'K-히어로 페스타' 진행",http://www.finomy.com/news/articleView.html?idxno=239475
2025-09-22,"CERT,LAUNCH","[재계 투데이] 삼성전자, 군인∙경찰∙소방 등에 신제품 최대 50% 할인 外",https://news.dealsitetv.com/articles/159459
2025-09-22,LAUNCH,"삼성전자, 군·경·소방·교정 공무원에 역대급 할인…최대 50%",http://www.m-i.kr/news/articleView.html?idxno=1285045
2025-09-22,LAUNCH,"삼성전자, 제 2회 'K-히어로 페스타' 진행",https://www.discoverynews.kr/news/articleView.html?idxno=1073987
2025-09-22,LAUNCH,"삼성전자, 군인·경찰·소방·교정 공무원에 최대 반값 할인",https://www.kpinews.kr/newsView/1065591263346060
2025-09-22,LAUNCH,"삼성전자, 군인∙경찰∙소방∙교정 공무원 대상 제 2회 'K-히어로 페스타...",http://www.worktoday.co.kr/news/articleView.html?idxno=74479
2025-09-22,LAUNCH,"삼성전자 ""육·해·공군 일반병사까지 TV·스마트폰·PC 최대50% 할인""",https://www.nbnews.kr/news/articleView.html?idxno=114803
2025-09-22,LAUNCH,“육·해·공군 일반 병사까지 반값에 드려요”…삼성전자 ‘히어로’ ...,https://www.mk.co.kr/article/11425945
2025-09-22,LAUNCH,"삼성전자, 군인·경찰·소방·교정 공무원 대상 제2회 ‘K-히어로 페스타...",https://www.cnbnews.com/news/article.html?no=751716
2025-09-22,INVEST,"삼성전자, 군인·경찰·소방·교정 공무원 대상 'K-히어로 페스타' 실시",https://www.businesspost.co.kr/BP?command=article_view&num=412923
2025-09-22,LAUNCH,"삼성전자, 군인∙경찰∙소방∙교정 공무원 대상...제2회 'K-히어로 페스...",https://www.pointe.co.kr/news/articleView.html?idxno=56560
2025-09-22,LAUNCH,"삼성전자, 군인·경찰·소방 공무원 할인…""최대 50%+추가 쿠폰까지""",http://www.kdfnews.com/news/articleView.html?idxno=166353
2025-09-22,LAUNCH,"삼성전자, 군인∙경찰∙소방∙교정 공무원 대상 '제2회 K-히어로 페스타...",https://www.cstimes.com/news/articleView.html?idxno=668513
2025-09-22,LAUNCH,"삼성전자, 'K-히어로 페스타' 실시…일반 병사도 혜택 확대",https://www.ziksir.com/news/articleView.html?idxno=105365
2025-09-22,LAUNCH,"삼성전자, 제2회 'K-히어로 페스타'…군·경·소방·교정에 일반 병사까...",https://www.thepublic.kr/news/articleView.html?idxno=277473
2025-09-22,LAUNCH,"삼성전자, ‘제2회 K 히어로 페스타’ 진행…국민안전 지킴이 ‘최대 5...",https://www.swtvnews.com/news/newsview.php?ncode=1065572927703171
2025-09-22,LAUNCH,"“군인·경찰·소방 공무원에 감사 전한다”…삼성, K-히어로 페스타 실...",https://www.ceoscoredaily.com/page/view/2025092212284787741
2025-09-22,LAUNCH,"삼성전자, 군인·경찰·소방·교정 공무원 대상 ‘K-히어로 페스타’ 진...",http://www.thevaluenews.co.kr/news/view.php?idx=192655
2025-09-22,"INVEST,LAUNCH","에미레이트 항공, APEX ‘월드클래스 어워즈’ 6년 연속 수상",https://biz.heraldcorp.com/article/10580597?ref=naver
2025-09-22,LAUNCH,"삼성전자, 'K-히어로 페스타' 실시...군인·경찰·소방·교정 공무원 대...",http://www.metroseoul.co.kr/article/20250922500152
2025-09-22,"CERT,INVEST,LAUNCH,REGUL","[산업 이모저모] LG디스플레이, 국내 전 사업장 '폐기물 매립 제로' 플래...",https://www.greened.kr/news/articleView.html?idxno=331371
2025-09-22,LAUNCH,군인·경찰·소방·교정 공무원이면 삼성 제품 최대 50% 할인,http://www.fnnews.com/news/202509220903344238
2025-09-22,LAUNCH,"삼성전자, 군인·경찰 등 공무원 대상 ‘K-히어로 페스타’ 진행",https://weekly.cnbnews.com/news/article.html?no=190726
2025-09-22,LAUNCH,"삼성전자, 군인·경찰·소방 공무원에 ‘최대 50% 할인’",https://sports.khan.co.kr/article/202509221111003?pt=nv
2025-09-22,"CERT,LAUNCH","삼성전자, 군·경·소방·교정 공무원 위한 'K-히어로 페스타' 개최…일...",http://www.queen.co.kr/news/articleView.html?idxno=442727
2025-09-22,LAUNCH,"삼성전자, 군인·경찰·소방 등 대상 'K-히어로 페스타' 실시",https://www.businessplus.kr/news/articleView.html?idxno=97654
2025-09-22,LAUNCH,삼성전자가 우리 사회 '숨은 영웅'을 응원합니다,http://www.opinionnews.co.kr/news/articleView.html?idxno=124603
2025-09-22,LAUNCH,"삼성전자, 'K-히어로 페스타' 실시…올해 일반 병사까지 확대",https://www.goodkyung.com/news/articleView.html?idxno=272941
2025-09-22,LAUNCH,"삼성전자, 'K-히어로 페스타' 열어…일반 병사까지 혜택 확대",https://www.globale.co.kr/news/articleView.html?idxno=34718
2025-09-22,LAUNCH,"'일반병사도 할인' 삼성전자, K히어로 페스타 진행",http://www.shinailbo.co.kr/news/articleView.html?idxno=2120177
2025-09-22,LAUNCH,"삼성전자, 군인‧경찰‧소방‧교정 공무원 대상 제2회 ‘K-히어로 페스...",http://journal.kobeta.com/?post_type=post&p=60407
2025-09-22,LAUNCH,"삼성전자, 군인?경찰?소방?교정 공무원에 최대 50% 할인",http://thetracker.co.kr/View.aspx?No=3790641
2025-09-22,LAUNCH,"삼성전자, 군인∙경찰∙소방 공무원 최대 50% 할인…'K-히어로 페스타'...",http://www.g-enews.com/ko-kr/news/article/news_all/202509221009289666ed0c62d49_1/article.html
2025-09-22,LAUNCH,"삼성전자, 공무원 대상 'K-히어로 페스타' 실시",http://www.inews24.com/view/1889419
2025-09-22,LAUNCH,"삼성전자, 군인·경찰 등 최대 50% 할인 혜택",https://www.jnilbo.com/news/articleView.html?idxno=90000006164
2025-09-22,LAUNCH,"삼성전자, 군인·경찰·소방·교정 공무원 대상 'K-히어로 페스타' 실시...",http://www.popcornnews.net/news/articleView.html?idxno=95117
2025-09-22,LAUNCH,"삼성전자, 군인·경찰·소방 등 50% 할인…일반 병사까지 확대",https://www.econovill.com/news/articleView.html?idxno=712199
2025-09-22,"INVEST,LAUNCH","에미레이트 항공, 2026 APEX '월드 클래스 어워즈' 6년 연속 수상",http://www.enewstoday.co.kr/news/articleView.html?idxno=2332120
2025-09-22,LAUNCH,"삼성전자, 'K-히어로 페스타' 실시… 군인·경찰·소방 등 대상",http://www.mhj21.com/169524
2025-09-22,LAUNCH,"삼성전자, 군인·경찰·소방·교정 공무원 대상 최대 50% 할인",https://www.inthenews.co.kr/news/article.html?no=77207
2025-09-22,"CERT,LAUNCH","[N2 전자 정보통] LG전자, 콜센터품질지수 최우수 평가…삼성전자, 'K-히...",https://www.news2day.co.kr/article/20250922500039
2025-09-22,LAUNCH,"삼성전자, 군인·경찰·소방·교정 공무원 대상 'K-히어로 페스타' 진행...",http://www.hansbiz.co.kr/news/articleView.html?idxno=778318
2025-09-22,LAUNCH,[E Works] 삼성전자·LG전자,http://www.newsprime.co.kr/news/article.html?no=705234
2025-09-22,LAUNCH,"삼성전자, 히어로 페스타 실시...""군인·경찰 등 50% 할인""",http://www.ftoday.co.kr/news/articleView.html?idxno=348007
2025-09-22,LAUNCH,"삼성전자, 군인∙경찰∙소방∙교정 공무원 대상 'K-히어로 페스타' 실시",https://www.nextdaily.co.kr/news/articleView.html?idxno=242568
2025-09-22,"INVEST,LAUNCH","에미레이트 항공, APEX '월드 클래스 어워드' 6년 연속 수상",https://www.econovill.com/news/articleView.html?idxno=712187
2025-09-22,LAUNCH,삼성 'K-히어로' 가전 최대 50% 할인…경찰·소방관에 일반 군인까지 확...,https://view.asiae.co.kr/article/2025092209450056675
2025-09-22,LAUNCH,"삼성전자, 제2회 'K-히어로 페스타'..군인∙경찰∙소방∙교정 공무원 대...",http://www.4th.kr/news/articleView.html?idxno=2095862
2025-09-22,LAUNCH,"삼성전자, 군인∙경찰∙소방∙교정 공무원 대상 2회 'K-히어로 페스타'...",https://www.asiaa.co.kr/news/articleView.html?idxno=224455
2025-09-22,LAUNCH,"“군인·경찰 등에 최대 50% 할인”…삼성전자, ‘K히어로 페스타’",https://www.dt.co.kr/article/12019217?ref=naver
2025-09-22,LAUNCH,삼성전자 'K-히어로 페스타' 실시… 군인·경찰·소방 등 50% 할인,https://www.newscj.com/news/articleView.html?idxno=3320374
2025-09-22,LAUNCH,"""군인·경찰·소방 50% 할인 혜택'...삼성전자, 제 2회 'K-히어로 페스타...",http://www.newslock.co.kr/news/articleView.html?idxno=116156
2025-09-22,LAUNCH,"삼성전자, 군인·경찰·소방·교정 공무원 대상 ‘최대 50% 할인’ 행사",https://www.ekn.kr/web/view.php?key=20250922021569336
2025-09-22,LAUNCH,"[위클리오늘] 삼성전자, 군인∙경찰∙소방∙교정 공무원 대상 제 2회 'K...",http://www.weeklytoday.com/news/articleView.html?idxno=726417
2025-09-22,LAUNCH,"""최대 50% 할인""…삼성전자, 'K-히어로 페스타' 프로모션 진행",http://www.srtimes.kr/news/articleView.html?idxno=186342
2025-09-22,LAUNCH,"삼성전자, 군인∙경찰∙소방관 등에 '최대 50% 할인' 프로모션",https://www.dailian.co.kr/news/view/1552077/?sc=Naver
2025-09-22,LAUNCH,"일반 병사까지 포함…삼성전자, ‘이 조건’ 해당하면 ‘최대 50% 할인’...",https://www.wikitree.co.kr/articles/1082820
2025-09-22,LAUNCH,"""군인·경찰·소방관 최대 50% 할인""…삼성전자, 'K-히어로 페스타' 실시",https://www.youthdaily.co.kr/news/article.html?no=196931
2025-09-22,LAUNCH,"""일반 병사도""… 삼성전자, 'K-히어로 페스타' 실시",https://www.newsclaim.co.kr/news/articleView.html?idxno=3049230
2025-09-22,LAUNCH,"삼성전자, 군인·경찰·소방 등에 최대 50% 할인",https://www.busan.com/view/busan/view.php?code=2025092209022170008
2025-09-22,LAUNCH,"삼성전자, 군인∙경찰∙소방 등 대상 'K-히어로 페스타' 실시",https://www.sentv.co.kr/article/view/sentv202509220018
2025-09-22,LAUNCH,"삼성전자, 군인·경찰·소방 최대 50% 할인…'히어로 페스타'",https://www.newsis.com/view/NISX20250922_0003337765
2025-09-22,LAUNCH,"삼성전자, 'K-히어로 페스타' 실시… 군인·경찰·소방 등 최대 50% 할인",https://www.moneys.co.kr/article/2025092208510210535
2025-09-22,LAUNCH,"삼성전자, 제2회 'K-히어로 페스타'…올해 일반 병사까지 확대",https://www.seoultimes.news/news/article.html?no=2000080948
2025-09-22,ORDER,"삼성전자, 군인·경찰·소방·교정 등 '최대 50% 할인'…일반병사도 혜택",https://www.news1.kr/industry/general-industry/5919893
2025-09-22,LAUNCH,"삼성전자, 'K-히어로 페스타' 실시...""올해 일반 병사도 혜택""",https://daily.hankooki.com/news/articleView.html?idxno=1273911
2025-09-22,LAUNCH,"삼성전자, 군인∙경찰∙소방∙교정공무원 대상 'K-히어로 페스타'",https://www.slist.kr/news/articleView.html?idxno=679759
2025-09-21,LAUNCH,"삼성전자, 군인·경찰·소방 등에 신제품 ‘최대 50% 할인’ 행사 진행",https://biz.chosun.com/it-science/ict/2025/09/22/PL67WIFGEFBPDFO3FTNHQN6UHU/?utm_source=naver&utm_medium=original&utm_campaign=biz
2025-09-22,LAUNCH,"삼성전자, 제 2회 'K-히어로 페스타' … 올해 일반 병사까지 확대",https://www.etnews.com/20250922000012
2025-09-22,LAUNCH,"삼성전자, 군인·경찰·소방 공무원 대상 'K-히어로 페스타' 혜택 확대",https://www.ebn.co.kr/news/articleView.html?idxno=1679415
2025-09-22,LAUNCH,"삼성전자, 군인·경찰·소방관 '최대 50% 할인'…일반 병사까지 확대",https://www.etoday.co.kr/news/view/2508723
2025-09-22,LAUNCH,"""군인∙경찰∙소방 50% 할인""...삼성전자, 제2회 'K-히어로 페스타' 실시",https://www.pinpointnews.co.kr/news/articleView.html?idxno=378820
2025-09-22,LAUNCH,"삼성전자, 'K-히어로 페스타' 실시…올해 일반 병사도 혜택 적용",https://zdnet.co.kr/view/?no=20250922082359
2025-09-22,LAUNCH,"삼성, 군인·경찰·소방관 '최대 50% 할인'…일반 병사도 혜택",http://www.edaily.co.kr/news/newspath.asp?newsid=02059846642302744
2025-09-22,LAUNCH,"삼성전자, 군인·경찰·소방 등에 '최대 50% 할인' 혜택 제공",https://www.yna.co.kr/view/AKR20250922020000003?input=1195m
2025-09-19,"LAUNCH,PARTNERSHIP","'희망퇴직' LG전자, 승부수 통할까?",https://www.econovill.com/news/articleView.html?idxno=711976
2025-09-19,LAUNCH,"中 추격 속 TV사업 재편⋯ 삼성·LG, AI·플랫폼 ‘투 트랙’",https://www.viva100.com/article/20250918500954
2025-09-18,PARTNERSHIP,"삼성, 인도 비디오텍스 생산 TV에 타이젠OS 적용…보급형 시장 라이선싱...",https://www.theguru.co.kr/news/article.html?no=91923
2025-09-17,"CERT,LAUNCH","탐투스, 2025 에듀테크 코리아 페어서 '미래 교실' 구현",https://kr.aving.net/news/articleView.html?idxno=1804192
2025-09-16,LAUNCH,수업 준비 쉬워지는 전자칠판,https://www.hangyo.com/news/article.html?no=105373
2025-09-14,"LAUNCH,PARTNERSHIP","삼성전자, 美서 ESPN과 맞손…스포츠 마케팅 확대",https://www.theguru.co.kr/news/article.html?no=91740
2025-09-12,"CERT,REGUL",미국 컴퓨터 모니터 시장동향,http://dream.kotra.or.kr/kotranews/cms/news/actionKotraBoardDetail.do?SITE_NO=3&MENU_ID=190&CONTENTS_NO=2&bbsGbn=254&bbsSn=254&pNttSn=234114
2025-09-11,LAUNCH,"삼성전자 TV, 美 소비자 만족도 1위…2년 연속",http://www.edaily.co.kr/news/newspath.asp?newsid=02542006642299136
2025-09-10,LAUNCH,[르포]영국 산업혁명 중심지에서 'AI 홈' 전진기지로…삼성 킹스크로스,https://www.etnews.com/20250910000266
2025-09-10,PARTNERSHIP,"삼성, 산업혁명 심장 런던서 'AI 홈'으로 과거와 미래를 잇다",https://www.dailian.co.kr/news/view/1546840/?sc=Naver
2025-09-10,PARTNERSHIP,"체험형 매장 '삼성전자 킹스크로스', 런던 랜드마크로 우뚝 [르포]",https://biz.newdaily.co.kr/site/data/html/2025/09/10/2025091000106.html
2025-09-10,"LAUNCH,PARTNERSHIP",런던 사로잡은 삼성…'AI 홈' 만나보는 디지털 놀이터,https://view.asiae.co.kr/article/2025091005143111690
2025-09-10,PARTNERSHIP,"[르포] 석탄 나르던 '산업혁명 상징' 런던 킹스크로스, '삼성 AI홈' 거점...",https://www.moneys.co.kr/article/2025091009562186453
2025-09-08,CERT,삼성전자 OLED TV '눈부심 방지' 역대급,https://www.joongboo.com/news/articleView.html?idxno=363702833
2025-09-08,"INVEST,LAUNCH,ORDER",모디 총리 인도 최대 규모 세금 개혁...삼성·LG 혜택 전망,https://www.theguru.co.kr/news/article.html?no=91460
2025-09-07,LAUNCH,"갤럭시AI 성공 주역 삼성전자 노태문 ""가전도 AI로 차별화"" [IFA 2025]",https://www.joongang.co.kr/article/25364892
2025-09-07,"INVEST,LAUNCH","삼성전자-하만, CEDIA 엑스포 2025서 공동 몰입형 AV 쇼케이스",https://www.theguru.co.kr/news/article.html?no=91458
2025-09-06,LAUNCH,[IFA 2025] 삼성이 보여준 '일상의 AI'…집·밖 어디서든 동일한 경험을,http://www.biztribune.co.kr/news/articleView.html?idxno=339693
2025-09-06,LAUNCH,삼성전자가 제안하는 ‘바람처럼 스며드는’ AI홈[IFA 2025],https://www.khan.co.kr/article/202509061433001
2025-09-06,"CERT,LAUNCH","“AI가 집 안으로 들어 왔다”…삼성·LG, IFA서 ‘AI 홈’ 진검승부",https://www.ceoscoredaily.com/page/view/2025090515430771269
2025-09-06,LAUNCH,흔들리는 ‘글로벌 TV 왕좌’...중국 2강에 新 경쟁자까지 ['치지직' 위...,https://economist.co.kr/article/view/ecn202509020034
2025-09-06,LAUNCH,"[2025 IFA] 삼성-LG전자, AI기술 입힌 첨단 제품으로 유럽 가전시장 사로...",https://www.news2day.co.kr/article/20250905500227
2025-09-06,"INVEST,LAUNCH",‘유럽의 하이마트’까지 갖겠다는 중국…삼성·LG 어쩌나 [IFA 2025],https://biz.heraldcorp.com/article/10569725?ref=naver
2025-09-05,LAUNCH,[IFA 2025] '비전 AI'로 미래 일상 체험… 관람객 홀린 삼성전자 전시장,https://www.moneys.co.kr/article/2025090523244552875
2025-09-05,LAUNCH,[IFA 2025] 獨 IFA 성대한 개막…삼성·LG 'AI홈' 공세에 中기업도 기술 ...,https://www.newsworks.co.kr/news/articleView.html?idxno=810042
2025-09-05,LAUNCH,"삼성전자 “ QLED , 우리가 진짜”…허위광고 논란 중국 기업 겨냥",https://www.hani.co.kr/arti/economy/economy_general/1217220.html
2025-09-05,"LAUNCH,REGUL",[IFA 2025] AI가 만든 나만의 집…삼성·LG 'IFA 2025' 부스 미리 가보니,https://www.asiatoday.co.kr/view.php?key=20250905010003198
2025-09-05,LAUNCH,"""냉장고가 말을 해"" 입이 쩍!…삼성·LG 'AI 가전 신제품' 감탄 쏟아져",http://news.mt.co.kr/mtview.php?no=2025090423162047047
2025-09-05,LAUNCH,"삼성·LG, 유럽서 AI 가전 패러다임 새로 쓴다… 150조 시장 쟁탈전 [IFA...",https://biz.newdaily.co.kr/site/data/html/2025/09/05/2025090500114.html
2025-09-05,"LAUNCH,ORDER","[코스닥 히든챔피언] ②에이텀, 'EV·선박·DB센터' 등 발빠른 변신으로...",https://www.fetv.co.kr/news/article.html?no=199693
2025-09-05,LAUNCH,"[IFA 2025] '따로 또 같이'…삼성, 'AI 홈'에 가용성 꽉꽉 눌러 담았다",https://www.ddaily.co.kr/page/view/2025090506063630766
2025-09-05,LAUNCH,미래가 생활이 되는 순간… 삼성이 그려낸 AI 일상[르포] [IFA 2025],https://biz.newdaily.co.kr/site/data/html/2025/09/05/2025090500008.html
2025-09-05,LAUNCH,"삼성전자, IFA 2025서 'AI 홈' 공개…미래형 스마트가전 생태계 과시",https://www.tokenpost.kr/news/ai/283065
2025-09-04,LAUNCH,바람처럼 펼쳐진 미래…삼성 'AI 홈'이 그려낸 일상의 모습은,https://www.yna.co.kr/view/AKR20250904175300003?input=1195m
2025-09-04,LAUNCH,"""편리함 넘어 돌봄 받는다""…삼성전자, AI홈 '미래 일상 현실로'",https://www.news1.kr/industry/general-industry/5902091
2025-09-04,"CERT,LAUNCH","삼성전자, IFA 2025서 현실이 된 미래의 일상 'AI 홈' 선보여",http://www.popcornnews.net/news/articleView.html?idxno=92902
2025-09-04,"CERT,LAUNCH","삼성전자, 'IFA 2025'서 현실이 된 미래의 일상 'AI 홈' 공개",https://www.thepublic.kr/news/articleView.html?idxno=275520
2025-09-04,CERT,"삼성전자, 베를린 ‘IFA 2025’서 AI 홈 실현",https://www.busan.com/view/busan/view.php?code=2025090416435870967
2025-09-04,"CERT,LAUNCH","삼성전자, IFA 2025에서 현실이 된 미래의 일상 'AI 홈' 선보인다",https://www.joongangenews.com/news/articleView.html?idxno=447974
2025-09-04,LAUNCH,"삼성·LG전자, IFA 2025 출격…'AI 홈'으로 글로벌 시장 공략",http://www.ftoday.co.kr/news/articleView.html?idxno=347085
2025-09-04,"CERT,LAUNCH","삼성전자, IFA 2025에서 현실이 된 미래의 일상 'AI 홈' 선 봬",http://www.paxetv.com/news/articleView.html?idxno=244823
2025-09-04,"CERT,LAUNCH","삼성전자, IFA 2025에서 현실이 된 미래의 일상 'AI 홈' 선보여",http://www.econonews.co.kr/news/articleView.html?idxno=403340
2025-10-01,LAUNCH,"[기획]심상찮은 中공습…韓, 안방도 불안하다",http://www.m-i.kr/news/articleView.html?idxno=1288959
2025-09-26,LAUNCH,"포화된 가전시장, '시니어'로 돌파구…실버 가전 경쟁 격화",https://news.mtn.co.kr/news-detail/2025092611461197333
2025-09-26,CERT,최고 11.3대 1… ‘서면 어반센트 데시앙’ 청약에 실수요 대거 몰렸다,https://www.viva100.com/article/20250926500196
2025-09-26,CERT,'서면 어반센트 데시앙' 청약 흥행…부산 부동산 반등세에 실수요층 몰...,https://www.ksilbo.co.kr/news/articleView.html?idxno=1037897
2025-09-26,CERT,최고 11.3대 1… '서면 어반센트 데시앙' 청약에 실수요 대거 몰렸다,https://www.sedaily.com/NewsView/2GY1VKITN1
2025-09-25,LAUNCH,"""시니어 고객 잡는다""…LG전자, 생활 밀착형 '이지 TV' 출시",http://www.womentimes.co.kr/news/articleView.html?idxno=91066
2025-09-26,LAUNCH,"시니어 세대 위한 TV 등장, “쉽게 쓰고, 가족과 교류”",https://bravo.etoday.co.kr/view/atc_view/17412
2025-09-26,LAUNCH,"LG전자, '이지 TV' 출시...시니어 맞춤형 TV시장 연다",https://www.slist.kr/news/articleView.html?idxno=681042
2025-09-26,"INVEST,LAUNCH",“아버님 댁에 ‘쉬운 TV’ 하나 놔드려야겠어”…LG의 ‘시니어 가전’...,https://www.mk.co.kr/article/11429656
2025-09-26,LAUNCH,"LG전자 '이지 TV', 큰 글씨·쉬운 홈화면 '효자TV' ON",https://www.mt.co.kr/industry/2025/09/26/2025092519131356519
2025-09-26,LAUNCH,‘단순한 조작에 큰 글씨’ 시니어TV 나왔다,https://www.joongang.co.kr/article/25370057
2025-09-25,LAUNCH,영상통화에 치매예방 게임까지…‘효자보다 시니어 TV’,https://www.khan.co.kr/article/202509252100025
2025-09-25,LAUNCH,"'헬프' 버튼 하나로 효도…LG전자, 노인용 스마트 TV 출시",https://weekly.hankooki.com/news/articleView.html?idxno=7130104
2025-09-25,"INVEST,LAUNCH","'약 복용 알림', '자녀와 영상 통화'...1,000만 노년층 맞춤 TV 나왔다",https://www.hankookilbo.com/News/Read/A2025092515340005714?did=NA
2025-09-25,LAUNCH,"[현장] LG전자, '시니어 시장' 공략 본격화…'조작 쉽고 약 먹는 시간' ...",https://www.news2day.co.kr/article/20250925500252
2025-09-25,"CERT,LAUNCH","[현장] LG전자, '시니어 전용 TV' 첫 공개… '시니어 시장 신호탄'",http://www.economytalk.kr/news/articleView.html?idxno=412357
2025-09-25,LAUNCH,"LG, 효도폰 같은 TV 내놓는다",https://www.hankyung.com/article/2025092584621
2025-09-25,LAUNCH,"LG, '이지 TV' 출시…시니어 시장 노린다",https://dealsite.co.kr/articles/148822
2025-09-25,"CERT,INVEST,LAUNCH,ORDER,PARTNERSHIP","[DD퇴근길] ""에이닷부터 AI DC까지""…SKT표 통합 AI 조직 방향성은",https://www.ddaily.co.kr/page/view/2025092516574225438
2025-09-25,LAUNCH,"[WIKI 현장] TV가 약먹는 시간까지?…LG전자, 시니어 중심 UI 혁신해 맞춤...",http://www.wikileaks-kr.org/news/articleView.html?idxno=175387
2025-09-25,LAUNCH,"""TV로 영상통화 하고 가족사진 찍는다""...LG전자, 시니어 맞춤형 TV 출시",https://www.getnews.co.kr/news/articleView.html?idxno=842346
2025-09-25,"LAUNCH,PARTNERSHIP","""엄마 편하게 임영웅·이찬원 봐""… LG전자, 시니어 TV로 1천만 베이비부...",https://www.econovill.com/news/articleView.html?idxno=712710
2025-09-25,LAUNCH,"“영양제 먹을 시간이에요”…LG전자, 이지 TV로 시니어 시장 이끈다",http://www.segyebiz.com/newsView/20250925514787?OutUrl=naver
2025-09-25,LAUNCH,"""TV로 카톡 보내고 영상통화""…LG전자, '이지 TV' 출시",https://www.hankyung.com/article/202509258024i
2025-09-25,LAUNCH,"어르신, TV 기능이 너무 많아 복잡하시죠?...LG전자, 시니어 전용 TV 출시",https://www.greened.kr/news/articleView.html?idxno=331568
2025-09-25,LAUNCH,"TV로 영상통화, 치매예방 게임···부모님 케어하는 ‘시니어 TV’ 나왔...",https://www.khan.co.kr/article/202509251556001
2025-09-25,LAUNCH,"어르신, 갑자기 TV 켜더니 자식들과 영상통화를?...1000만 시니어 시장 ...",https://www.mk.co.kr/article/11429227
2025-09-25,LAUNCH,"[현장] LG전자 ""부모님도 쉽게 즐기도록···시니어 전용 '이지 TV'가 해...",http://www.enewstoday.co.kr/news/articleView.html?idxno=2334165
2025-09-25,LAUNCH,"""시니어 시장 선도"" LG전자, 시니어 케어 특화 'LG 이지 TV' 출시",https://www.thepublic.kr/news/articleView.html?idxno=278023
2025-09-25,LAUNCH,"LG전자, 기억 돌봄부터 가족 대화까지···효도가 된 TV",http://www.finomy.com/news/articleView.html?idxno=239840
2025-09-25,LAUNCH,"TV로 자녀와 화상통화, 리모컨 눌러 카톡 전송...LG전자 시니어 맞춤 TV...",https://www.joongang.co.kr/article/25369938
2025-09-25,"CERT,LAUNCH","LG전자, 1천만 시니어 고객 타깃 'LG 이지 TV' 출시",https://www.itbiznews.com/news/articleView.html?idxno=181777
2025-09-25,LAUNCH,"LG전자, '이지 TV'로 시니어 TV 시장 뛰어든다",http://www.hansbiz.co.kr/news/articleView.html?idxno=779465
2025-09-25,LAUNCH,시니어 TV 내놓은 LG전자...라이프사이클 맞춤 전략 강화,https://www.mediapen.com/news/view/1045405
2025-09-25,LAUNCH,[해설] ‘케어형 TV·가전’ 시장 여는 LG전자,https://www.dnews.co.kr/uhtml/view.jsp?idxno=202509251216101460079
2025-09-25,LAUNCH,"LG전자, 시니어 고객 위한 'LG 이지 TV' 출시…""글씨 키우고 앱 단순화""",https://www.newsway.co.kr/news/view?ud=2025092510061702010
2025-09-25,LAUNCH,"[현장] LG전자, 시니어 맞춤형 TV 공개…""쉽게·케어·재미""로 효도 수요...",http://www.popcornnews.net/news/articleView.html?idxno=95727
2025-09-25,LAUNCH,"""쉬운 TV, 따뜻한 케어""…LG가 시니어 일상에 건넨 작은 배려 [현장에서...",http://www.sisaon.co.kr/news/articleView.html?idxno=175778
2025-09-25,LAUNCH,"LG전자, '이지 TV'로 시니어 시장 개척...""모바일·가전까지 확장""",http://www.thelec.kr/news/articleView.html?idxno=41356
2025-09-25,LAUNCH,"LG전자, 시니어 맞춤형 'LG 이지 TV' 출시…""고객 목소리 듣고 개발""",https://www.straightnews.co.kr/news/articleView.html?idxno=282476
2025-09-25,LAUNCH,"""1000만 시니어 노린 LG의 승부수""... 'LG 이지 TV' 출시 화제",https://www.insight.co.kr/news/521762
2025-09-25,LAUNCH,"LG전자, ‘LG 이지 TV’ 출시… 시니어 맞춤형 TV 시장 본격 진출",https://www.hinews.co.kr/view.php?ud=202509251432014758dacadeb388_48
2025-09-25,LAUNCH,"TV는 시작에 불과…LG전자, 가전 포트폴리오에 '시니어' 추가",https://www.ddaily.co.kr/page/view/2025092512102004557
2025-09-25,LAUNCH,"""시니어 고객이 보다 쉽게 사용하는 TV""…LG전자, 'LG 이지 TV' 출시",http://www.efnews.co.kr/news/articleView.html?idxno=123595
2025-09-25,LAUNCH,"LG전자, 시니어 맞춤형 TV로 중국 저가 공세 돌파구 모색",https://it.chosun.com/news/articleView.html?idxno=2023092148013
2025-09-25,LAUNCH,"[이슈] ""TV로 영상통화, 복약 알림까지""...LG전자, '이지TV'로 시니어 공...",http://www.paxetv.com/news/articleView.html?idxno=247375
2025-09-25,LAUNCH,"“글씨 키우고 화면 단순화”…LG전자, 첫 시니어 전용 ‘이지 TV’ 공개",https://www.kukinews.com/article/view/kuk202509250109
2025-09-25,LAUNCH,"[현장] LG전자, 시니어 맞춤형 TV 신규 개발...주요 기능 살펴보니",https://www.ekoreanews.co.kr/news/articleView.html?idxno=82337
2025-09-25,LAUNCH,"LG전자, 1천만 시니어와 자녀층 겨냥한 'LG 이지 TV' 출시",https://www.ngonews.kr/news/articleView.html?idxno=214842
2025-09-25,LAUNCH,"LG전자, 국내 첫 시니어 특화 'LG 이지 TV' 출시…1000만 시니어 시장 정...",https://www.etnews.com/20250925000309
2025-09-25,LAUNCH,"'1000만명 고령층 시장을 잡아라'…LG, 시니어 맞춤 TV 첫 출시",https://www.ajunews.com/view/20250925110704130
2025-09-25,LAUNCH,"[현장] LG전자 '이지 TV' 시니어 시장 공략…""라이프스타일 제품군 확대...",https://www.ebn.co.kr/news/articleView.html?idxno=1680038
2025-09-25,LAUNCH,"LG전자, 시니어 고객 특화 'LG 이지 TV' 출시-시니어 TV 시장 연다",http://www.techholic.co.kr/news/articleView.html?idxno=218332
2025-09-25,LAUNCH,"LG전자 백선필 ""시니어TV, 동급  QNED  TV와 가격차 거의 없어""",http://www.shinailbo.co.kr/news/articleView.html?idxno=2122750
2025-09-25,LAUNCH,"LG전자 ""'신제품 LG 이지 TV', 시니어 고객 니즈 반영…기존 기능 전면 ...",https://www.megaeconomy.co.kr/news/newsview.php?ncode=1065573244764181
2025-09-25,LAUNCH,"LG전자, 시니어 맞춤형 '이지 TV' 출시… 헬프 버튼으로 사용 편의성 강...",https://www.topstarnews.net/news/articleView.html?idxno=15818519
2025-09-25,LAUNCH,"LG전자, 시니어 맞춤형 'LG 이지 TV' 출시… 시니어 TV 시장 본격 진입",https://www.ngetnews.com/news/articleView.html?idxno=537246
2025-09-25,LAUNCH,"LG전자, 시니어 타깃으로 TV 돌파구 찾는다…""생활가전도 적용할 것""",https://www.newsworks.co.kr/news/articleView.html?idxno=812586
2025-09-25,LAUNCH,"[현장 직썰] 'LG 이지 TV' 공개···""시니어 시장 공략""",https://www.ziksir.com/news/articleView.html?idxno=105929
2025-09-25,LAUNCH,"LG전자, 시니어 맞춤형 '이지 TV'로 활로 모색",http://www.fntimes.com/html/view.php?ud=2025092511460422187de3572ddd_18
2025-09-25,LAUNCH,"[현장] ""시니어 고객이 쉽게 쓰고, 가족과 함께 케어받는 'LG 이지 TV'""",https://www.smartfn.co.kr/news/articleView.html?idxno=121253
2025-09-25,LAUNCH,"[현장] LG, 시니어 전용 ‘이지 TV’ 첫 공개…""효도 TV로 안성맞춤""",https://www.fetv.co.kr/news/article.html?no=202054
2025-09-25,LAUNCH,"가족 도움 요청 기능에 복약 알림까지… LG전자, 시니어 겨냥 ‘이지 TV...",https://sports.khan.co.kr/article/202509251138013?pt=nv
2025-09-25,"LAUNCH,PARTNERSHIP","고령층 위한 '이지 TV'…LG전자, 시니어 시장 공략 본격화",http://theviewers.co.kr/View.aspx?No=3795902
2025-09-25,LAUNCH,"[현장] ""쉬운데 재미에 케어까지""… LG전자, 시니어 맞춤 TV 출시",https://www.newscj.com/news/articleView.html?idxno=3321909
2025-09-25,LAUNCH,"‘헬프’만 누르면 알아서 척척…LG전자, ‘시니어 전용 TV’ 출시",https://www.dt.co.kr/article/12020085?ref=naver
2025-09-25,LAUNCH,'노인을 위한 나라는 있다' LG전자 시니어 이지 TV 출시,https://www.polinews.co.kr/news/articleView.html?idxno=708566
2025-09-25,LAUNCH,"위기의 LG전자, LCD 기반 '시니어 TV'로 반전 노린다",https://www.sisajournal-e.com/news/articleView.html?idxno=415546
2025-09-25,LAUNCH,"'효도 수요' 노리는 LG전자…""시니어 맞춤형 '이지 TV' 출시""",http://www.edaily.co.kr/news/newspath.asp?newsid=03060246642303728
2025-09-25,LAUNCH,"LG전자, 시니어 고객 사로잡는다···'LG 이지 TV' 출시",https://www.tournews21.com/news/articleView.html?idxno=116477
2025-09-25,LAUNCH,"[위클리오늘] LG전자, 'LG 이지 TV' 출시···시니어 TV 시장 연다",http://www.weeklytoday.com/news/articleView.html?idxno=727661
2025-09-25,LAUNCH,"LG전자, 'LG 이지 TV' 출시···1천만 시니어 시장 '정조준'",https://www.seoulfn.com/news/articleView.html?idxno=608090
2025-09-25,LAUNCH,"“버튼은 크고 조작은 쉽고""…LG전자, 어르신 위한 ‘이지 TV’ 공개",https://www.etoday.co.kr/news/view/2510187
2025-09-25,"LAUNCH,ORDER",'실버 시장' 뛰어든 LG전자…첫 시니어 가전 '이지TV' 출시(종합),https://www.news1.kr/industry/electronics/5924638
2025-09-25,LAUNCH,"[A 현장] ""쉽게 사용하세요""...LG전자, 시니어 대상 TV 신제품 선보인다",https://www.asiaa.co.kr/news/articleView.html?idxno=224895
2025-09-25,LAUNCH,"'노인 1000만명 시대' LG, 시니어 특화 TV 출시…새 시장 연다",https://www.mt.co.kr/industry/2025/09/26/2025092511043013090
2025-09-25,LAUNCH,"[현장] “TV가 약까지 챙겨준다”…LG전자, ‘이지 TV’로 시니어 시장 ...",https://www.mydaily.co.kr/page/view/2025092510401948891
2025-09-25,LAUNCH,"“노안 부모님도 쉽게 조작” LG전자, 시니어 맞춤 ‘이지 TV’ 출시",https://biz.heraldcorp.com/article/10583321?ref=naver
2025-09-25,LAUNCH,"LG전자, 시니어 특화 '이지 TV' 출시…""영상통화까지 쉽게""",https://www.dailian.co.kr/news/view/1553794/?sc=Naver
2025-09-25,LAUNCH,"LG전자, 'LG 이지 TV' 출시...시니어 TV 시장 연다",http://www.financialreview.co.kr/news/articleView.html?idxno=37263
2025-09-25,LAUNCH,"LG전자, 'LG 이지 TV' 출시...큰 글씨·헬프 버튼 적용 등 시니어 친화적...",http://www.consumernews.co.kr/news/articleView.html?idxno=741154
2025-09-25,LAUNCH,"[현장] LG전자, 시니어 맞춤 '이지 TV' 공개…""간편·돌봄·즐거움 한 화...",http://www.newswatch.kr/news/articleView.html?idxno=73154
2025-09-25,"INVEST,LAUNCH","""TV가 약먹는 시간 알려준다""..LG전자, 시니어 TV 시장 연다(종합)",http://www.4th.kr/news/articleView.html?idxno=2096271
2025-09-25,LAUNCH,"LG전자, 시니어 대상 'LG 이지 TV' 출시…TV 주 고객인 고령층 소비자 공...",https://www.nextdaily.co.kr/news/articleView.html?idxno=242736
2025-09-25,"LAUNCH,PARTNERSHIP","침체된 TV 시장, 효도 수요가 답 될까...LG전자, 시니어 TV 승부수",https://www.newspim.com/news/view/20250925000453
2025-09-25,LAUNCH,"LG전자, 시니어 위한 '헬프' 기능 넣은 맞춤형 TV 공개",http://www.datanews.co.kr/news/article.html?no=140959
2025-09-25,LAUNCH,"""추석 효도선물로 딱이네"" LG전자, 신제품 'LG 이지 TV' 출시..1000만 시니...",https://www.industrynews.co.kr/news/articleView.html?idxno=72033
2025-09-25,LAUNCH,시니어 겨냥 LG TV 나온다…화면 단순화·리모컨도 크게,https://www.nocutnews.co.kr/news/6405763?utm_source=naver&utm_medium=article&utm_campaign=20250925105952
2025-09-25,LAUNCH,“리모콘 조작이 어려워”…‘LG 이지 TV’ 출시,https://www.busan.com/view/busan/view.php?code=2025092508014983177
2025-09-25,LAUNCH,"""여보! 아버님 댁에 TV 한 대 사드려야겠어요""...LG, 시니어 맞춤형 TV 출...",https://www.raonnews.com/news/article.html?no=51497
2025-09-25,LAUNCH,"LG전자, 1000만 시니어 시장 정조준…'이지 TV'로 실버가전 선도",http://www.m-i.kr/news/articleView.html?idxno=1286497
2025-09-25,LAUNCH,"LG전자, '이지 TV' 출시…시니어 TV 시장 개척",https://www.koit.co.kr/news/articleView.html?idxno=202409
2025-09-25,LAUNCH,"""어려운 조작 덜고 편의기능 더했다"" LG전자, 시니어 TV 출시",https://www.newsquest.co.kr/news/articleView.html?idxno=253592
2025-09-25,LAUNCH,"LG전자, 시니어 특화 제품 'LG 이지 TV' 출시...""아버님 댁에 TV 하나 놔...",http://www.newslock.co.kr/news/articleView.html?idxno=116419
2025-09-25,LAUNCH,"포화한 TV 시장…LG전자, '시니어 맞춤형 TV'로 돌파구 찾는다",https://news.einfomax.co.kr/news/articleView.html?idxno=4376216
2025-09-25,LAUNCH,"LG전자, 시니어 특화 ‘LG 이지 TV’ 29일 출시…시니어 가전 시장 본격...",https://www.nspna.com/news/?mode=view&newsid=779156
2025-09-25,LAUNCH,"LG전자, 시니어 고객 맞춤형 'LG 이지 TV' 출시",http://www.inews24.com/view/1890824
2025-09-25,LAUNCH,"LG전자, 'LG 이지 TV' 출시… 시니어 시장 겨냥",https://it.chosun.com/news/articleView.html?idxno=2023092147998
2025-09-25,"INVEST,LAUNCH","LG전자, '시니어 맞춤 TV'로 불황 돌파구 모색",https://www.newstopkorea.com/news/articleView.html?idxno=30780
2025-09-25,LAUNCH,"LG전자, 시니어 고객 케어 'LG 이지 TV' 출시",http://www.wsobi.com/news/articleView.html?idxno=290990
2025-09-25,LAUNCH,"LG전자, 시니어만을 위한 TV, ‘LG 이지 TV’ 국내 첫선…고령층 시장 공...",https://www.socialvalue.kr/news/view/1065576530868107
2025-09-25,LAUNCH,"LG전자, ‘LG 이지 TV’ 출시… 시니어 시장 공략 본격화",http://www.g-enews.com/ko-kr/news/article/news_all/202509251009236198e8350d33db_1/article.html
2025-09-25,LAUNCH,"LG전자, 시니어 고객 위한 'LG 이지 TV' 국내 출시…시니어 TV 시장 연다",https://www.goodkyung.com/news/articleView.html?idxno=273283
2025-09-25,LAUNCH,"'시니어 TV 시장 열렸다'…LG전자, '이지 TV' 출시",https://www.it-b.co.kr/news/articleView.html?idxno=84320
2025-09-25,LAUNCH,"'시니어 TV 출사표' LG전자, 분위기 반전 묘수될까",https://biz.newdaily.co.kr/site/data/html/2025/09/25/2025092500111.html
2025-09-25,LAUNCH,"""TV 바꾸더니 엄마가 영상통화를""…LG가 또 일냈다",https://www.hankyung.com/article/202509256530g
2025-09-25,LAUNCH,"LG전자, 시니어 맞춤 'LG 이지 TV' 출시…리모컨 전면 재설계",http://www.newsdream.kr/news/articleView.html?idxno=96049
2025-09-25,LAUNCH,"복약시간 알려주고 영상통화까지…LG전자, ‘이지 TV’로 시니어 시장 ...",https://www.sedaily.com/NewsView/2GY1FO2JJH
2025-09-25,LAUNCH,"'시니어 TV' 시장 연다 .... LG전자, 시니어 고객에 중점 둔 '이지 TV' 출...",http://www.worktoday.co.kr/news/articleView.html?idxno=74662
2025-09-25,LAUNCH,"LG전자, 시니어 맞춤형 'LG 이지 TV' 출시… ""쉽고 편하게, 가족과 더 가...",https://www.gpkorea.com/news/articleView.html?idxno=134247
2025-09-25,LAUNCH,"LG전자, 시니어 맞춤형 ‘LG 이지 TV’ 공개…1000만 시니어 시장 공략",https://www.inthenews.co.kr/news/article.html?no=77418
2025-09-25,LAUNCH,"LG전자, '이지TV'로 시니어 TV 시장 연다",https://www.smarttoday.co.kr/news/articleView.html?idxno=92297
2025-09-25,LAUNCH,"'마이크 대신 리모컨 잡고 노래'…LG전자, 시니어 맞춤 TV 출시",https://www.mt.co.kr/industry/2025/09/25/2025092508295499315
2025-09-25,LAUNCH,"""시니어도 스마트하게""…LG전자, '이지 TV' 출시",http://www.srtimes.kr/news/articleView.html?idxno=186581
2025-09-25,"INVEST,LAUNCH","LG전자 고령화 시대 발맞춰 시니어 TV 시장 열어, 'LG 이지 TV' 출시",https://www.businesspost.co.kr/BP?command=article_view&num=413461
2025-09-25,LAUNCH,'부모님도 손쉽게' 1000만 시니어 맞춤 'LG 이지 TV' 출격,https://www.theguru.co.kr/news/article.html?no=92279
2025-09-25,LAUNCH,"LG전자, 시니어 맞춤형 ‘이지 TV’ 출시",https://www.bigtanews.co.kr/article/view/big202509250004
2025-09-25,LAUNCH,"LG전자, 'LG 이지 TV' 출시…시니어 TV 시장 연다",https://www.dizzotv.com/site/data/html_dir/2025/09/25/2025092580028.html
2025-09-25,"INVEST,LAUNCH,REGUL","'LG 이지 TV' 출시, 시니어 TV 시장 연다",https://www.asiatime.co.kr/article/20250925500038
2025-09-25,LAUNCH,"LG전자, '시니어 맞춤' 이지 TV 국내 출시",https://news.mtn.co.kr/news-detail/2025092509015420150
2025-09-25,LAUNCH,"“노안 부모님도 쉽게 조작” LG전자, 시니어 위한 ‘이지 TV’ 출시",https://biz.heraldcorp.com/article/10583110?ref=naver
2025-09-25,LAUNCH,"""시니어 TV 시장 열었다""…LG전자 '이지 TV', 시니어 맞춤 간편한 조작·...",https://www.ddaily.co.kr/page/view/2025092508211777239
2025-09-25,LAUNCH,"LG전자, 시니어 특화 ‘이지TV’ 출시...리모콘 키우고 가족 도움 요청도",https://www.chosun.com/economy/tech_it/2025/09/25/HJACAGLS5VB27MWDX32T7LWIJ4/?utm_source=naver&utm_medium=referral&utm_campaign=naver-news
2025-09-25,LAUNCH,"고령층 위한 맞춤형 기능…LG전자, '시니어 TV' 내놨다",http://www.edaily.co.kr/news/newspath.asp?newsid=02643686642303728
2025-09-25,LAUNCH,"LG전자, 시니어 맞춤형 TV 출시…EASY·FUN·CARE 담겼다",http://news.bizwatch.co.kr/article/industry/2025/09/25/0008
2025-09-25,LAUNCH,"LG전자, 시니어 맞춤형 '이지 TV' 출시로 신규 시장 공략",https://www.newspim.com/news/view/20250925000032
2025-09-25,LAUNCH,시니어 TV 시장 여는 LG전자…더 크고 더 쉬운 '이지 TV' 출시,https://www.newsworks.co.kr/news/articleView.html?idxno=812560
2025-09-25,LAUNCH,"LG전자, '이지 TV' 출시…시니어 시장 연다",https://www.ebn.co.kr/news/articleView.html?idxno=1679980
2025-09-25,LAUNCH,"""시니어 고객이 쉽게 사용하고, 시니어 고객을 케어하는 TV"" 'LG 이지 TV' ...",http://www.issuenbiz.com/news/articleView.html?idxno=66617
2025-09-25,"LAUNCH,ORDER","""글씨 키우고 화면도 단순화""…LG전자, 시니어 전용 '이지 TV' 출시",https://www.news1.kr/industry/electronics/5924267
2025-09-25,LAUNCH,"시니어 TV 시장 활짝...LG전자, 'LG 이지 TV' 출시",https://www.bizwork.co.kr/news/articleView.html?idxno=407064
2025-09-25,LAUNCH,"LG전자, 시니어 고객 편의성 높인다… 'LG 이지 TV' 첫 선",https://www.moneys.co.kr/article/2025092508164013533
2025-09-25,LAUNCH,"""시니어 TV 시장 연다""…LG전자, '이지 TV' 국내 출시",https://www.asiatoday.co.kr/view.php?key=20250925010013792
2025-09-25,LAUNCH,"LG전자, 시니어 특화 'LG 이지 TV' 국내 출시",https://isplus.com/article/view/isp202509250007
2025-09-25,LAUNCH,"LG전자, 'LG 이지 TV' 출시…""시니어 TV 시장 연다""",https://www.businessplus.kr/news/articleView.html?idxno=98013
2025-09-25,LAUNCH,"LG전자, 'LG 이지 TV' 출시...시니어 TV 시장 연",https://www.joongangenews.com/news/articleView.html?idxno=453274
2025-09-25,LAUNCH,"LG전자, '이지 TV' 출시…시니어 시장 공략",http://www.wowtv.co.kr/NewsCenter/News/Read?articleId=A202509250345&t=NN
2025-09-25,LAUNCH,"LG전자, 시니어 고객 특화 'LG 이지 TV' 출시… 시니어 TV 시장 개척",https://www.financialpost.co.kr/news/articleView.html?idxno=233830
2025-09-25,LAUNCH,"어르신 맞춤 TV 등장! LG, '이지 TV'로 시니어 시장 연다",https://www.autodaily.co.kr/news/articleView.html?idxno=536900
2025-09-25,LAUNCH,"‘큰 글씨에 특화기능까지’ LG전자, 6070 겨냥 ‘LG 이지TV’ 출격",http://www.shinailbo.co.kr/news/articleView.html?idxno=2122456
2025-09-25,"INVEST,LAUNCH","1000만 시니어 고객 겨냥한 LG전자, 'LG 이지 TV' 출시",https://www.techm.kr/news/articleView.html?idxno=144876
2025-09-25,LAUNCH,"LG전자, 이지 TV' 출시⋯시니어 TV 시장 연다",https://www.epnc.co.kr/news/articleView.html?idxno=322902
2025-09-25,LAUNCH,"영상통화·복약 알림까지… LG전자, 시니어 TV 시장 연다",https://www.newsclaim.co.kr/news/articleView.html?idxno=3049376
2025-09-25,LAUNCH,"LG전자, ‘LG 이지TV’ 출시...시니어 TV시장 연다",https://www.seoultimes.news/news/article.html?no=2000081329
2025-09-25,"INVEST,LAUNCH,PARTNERSHIP","""시니어 TV 시장 연다""..LG전자 'LG 이지 TV' 출시",http://www.4th.kr/news/articleView.html?idxno=2096223
2025-09-25,LAUNCH,"LG전자, 'LG 이지 TV' 국내 출시…시니어 TV 시장 공략",https://www.cstimes.com/news/articleView.html?idxno=669288
2025-09-25,LAUNCH,"""시니어 TV 시장 연다""...LG전자, ‘LG 이지 TV’ 출시",http://thetracker.co.kr/View.aspx?No=3795759
2025-09-24,CERT,1순위 최고 경쟁률 6.13대 1… ‘서면 어반센트 데시앙’ 금일 2순위 청...,https://biz.heraldcorp.com/article/10582161?ref=naver
2025-09-24,CERT,1순위 최고 경쟁률 6.13대 1… '서면 어반센트 데시앙' 금일 2순위 청약...,https://www.rcast.co.kr/news/articleView.html?idxno=29092
2025-09-23,"CERT,INVEST,LAUNCH",'서면 어반센트 데시앙' 금일 1순위 청약 접수 실시,https://view.asiae.co.kr/article/2025092309481410848
2025-09-22,"INVEST,LAUNCH,REGUL","삼성·LG, 디자인 어워드 석권…글로벌 위상 강화",https://www.asiatime.co.kr/article/20250922500260
2025-09-22,"CERT,LAUNCH","태영건설, '서면 어반센트 데시앙' 본격 청약 시작",https://www.ziksir.com/news/articleView.html?idxno=105296
2025-09-22,"CERT,LAUNCH","'서면 어반센트 데시앙' 22일 특별공급, 23일 1순위 청약 접수 진행",http://www.ikld.kr/news/articleView.html?idxno=320739
2025-09-20,LAUNCH,"LG전자, 세계 3대 디자인 어워드서 賞 100개 휩쓸어",https://www.thepublic.kr/news/articleView.html?idxno=277283
2025-09-19,LAUNCH,"LG전자, 3대 디자인 어워드에서 총 100개 상 받아",https://www.dailysportshankook.co.kr/news/articleView.html?idxno=414748
2025-09-19,LAUNCH,"LG전자, 올해 글로벌 3대 디자인상 '100관왕' 달성",https://idsn.co.kr/news/view/1065597949435048
2025-09-19,LAUNCH,"LG전자, 레드닷·IDEA·iF 등 글로벌 디자인 어워드서 올해 총 100개 수상",https://www.straightnews.co.kr/news/articleView.html?idxno=281965
2025-09-19,LAUNCH,"LG전자, 글로벌 디자인 어워드서 연이어 수상",https://www.smarttoday.co.kr/news/articleView.html?idxno=91809
2025-09-19,LAUNCH,"LG전자, 3대 디자인 어워드서 '100개 상' 수상···디자인 경쟁력 입증",https://www.tournews21.com/news/articleView.html?idxno=116071
2025-09-19,LAUNCH,"LG전자, 세계 3대 디자인 어워드서 100개 수상…'올레드 T'로 디자인 혁...",http://www.queen.co.kr/news/articleView.html?idxno=442659
2025-09-19,LAUNCH,"LG전자, 3대 글로벌 디자인 어워드서 올해만 100개 수상…디자인 혁신 인...",https://www.thedailypost.kr/news/articleView.html?idxno=111041
2025-09-19,LAUNCH,"LG전자, 글로벌 3대 디자인 어워드서 100개상 ‘싹쓸이’",https://www.mydaily.co.kr/page/view/2025091913325471661
2025-09-19,LAUNCH,"LG전자, 레드닷·IDEA·iF 3대 디자인 어워드에서 총 100개 상 받아 ... 디...",http://www.worktoday.co.kr/news/articleView.html?idxno=74378
2025-09-19,LAUNCH,"[오늘의 전자] 삼성전자·LG전자, 글로벌 디자인 공모전 '싹쓸이'",http://www.financialreview.co.kr/news/articleView.html?idxno=37156
2025-09-19,LAUNCH,"삼성·LG, IDEA 2025 휩쓸었다…'디자인 혁신' 성과 인정(종합)",https://view.asiae.co.kr/article/2025091911460151978
2025-09-19,LAUNCH,"LG전자, 세계 3대 디자인 어워드서 총 100개 상 받아",http://www.smarttimes.co.kr/news/articleView.html?idxno=37691
2025-09-19,LAUNCH,"LG전자, 3대 디자인 어워드 휩쓸어…총 100개 상 수상",http://www.g-enews.com/ko-kr/news/article/news_all/2025091911013873166ed0c62d49_1/article.html
2025-09-19,LAUNCH,"LG전자, 세계 3대 디자인 어워드서 '100관왕' 달성",https://www.newsinside.kr/news/articleView.html?idxno=4022042
2025-09-19,LAUNCH,"LG전자, 글로벌 디자인 어워드서 연이어 수상 쾌거...""디자인 경쟁력 입...",https://www.industrynews.co.kr/news/articleView.html?idxno=71736
2025-09-19,LAUNCH,"LG전자, 3대 디자인 어워드 석권…'100관왕' 영예",https://news.tf.co.kr/read/economy/2245636.htm
2025-09-19,LAUNCH,"""3대 디자인 어워드서 100개상 휩쓸다""…LG전자, 디자인 경쟁력 입증",https://www.financialpost.co.kr/news/articleView.html?idxno=233465
2025-09-19,LAUNCH,"LG전자, 글로벌 디자인 어워드서 잇따라 수상...디자인 경쟁력 입증",https://www.todayenergy.kr/news/articleView.html?idxno=289004
2025-09-19,LAUNCH,"LG전자, 글로벌 디자인 어워드서 수상 석권…디자인 경쟁력 입증",https://www.youthdaily.co.kr/news/article.html?no=196765
2025-09-19,LAUNCH,"LG전자, 올해 세계 3대 디자인 어워드서 총 100개 상 받아",https://news.tvchosun.com/site/data/html_dir/2025/09/19/2025091990074.html
2025-09-19,"CERT,LAUNCH",부산 '2호선 황금라인' 입지… '서면 어반센트 데시앙' 주목,https://www.apnews.kr/news/articleView.html?idxno=3040202
2025-09-19,LAUNCH,"LG전자, 올해 세계 3대 디자인 어워드서 100개상 '싹쓸이'",https://www.sedaily.com/NewsView/2GXYOSWVM9
2025-10-12,"INVEST,LAUNCH","자율주행차 관련주, '산바람난' 삼현·팸텍·한라캐스트·MDS테크·유진로...",http://www.finomy.com/news/articleView.html?idxno=240548
2025-10-10,"INVEST,LAUNCH,REGUL","스마트팩토리·스마트공장 관련주, '맑음' 팸텍·휴림로봇·MDS테크·스맥...",http://www.finomy.com/news/articleView.html?idxno=240531
2025-10-10,"CERT,INVEST,ORDER","'HBM 개선' 삼성전자 3분기 '맑음', '가전 의존' LG전자 '흐림'",https://www.sisajournal-e.com/news/articleView.html?idxno=415895
2025-10-01,"CERT,INVEST,LAUNCH,ORDER,PARTNERSHIP,REGUL",미래로 향한 초격차…인재·기술로 재도약 이끈다,https://magazine.hankyung.com/money/article/202509194859c
2025-10-10,"INVEST,LAUNCH","게임 엔진이 바꾼 자동차의 얼굴, 디지털 경험으로 완성되다",https://www.sedaily.com/NewsView/2GZ4H2G35I
2025-10-09,INVEST,"HBM 공급 2배 확대, VCT D램 등 미래제품 선도",https://www.hankyung.com/article/2025100990171
2025-10-09,"INVEST,LAUNCH,ORDER,REGUL",[10월10일자] 비즈니스포스트 아침의 주요기사,https://www.businesspost.co.kr/BP?command=article_view&num=414828
2025-10-09,"CERT,LAUNCH","DDI ‘원툴’ LX세미콘, 공급망 다변화 ‘직격탄’",http://www.newstomato.com/ReadNews.aspx?no=1276878&inflow=N
2025-10-08,LAUNCH,'이걸 차 안에서?' 뜻밖의 돌풍…현대·기아차 천하에 도전장 [신차털기...,https://www.hankyung.com/article/202510022540g
2025-10-08,"LAUNCH,ORDER","LG전자, 글로벌 완성차 10대 중 8곳 품었다…SDV 시장 '정조준'",https://www.polinews.co.kr/news/articleView.html?idxno=709607
2025-10-08,"INVEST,LAUNCH","이미지스, 터치·햅틱 IC 설계로 모바일 시장 공략 강화",https://www.pinpointnews.co.kr/news/articleView.html?idxno=383281
2025-10-08,LAUNCH,"LG 디스플레이 , 고객경험 혁신 차  디스플레이 로 미래시장 정조준",http://www.datanews.co.kr/news/article.html?no=141107
2025-10-08,LAUNCH,볼보 세단 마지막 자존심 'S90'…완성형 외모·UX로 승부[시승기],https://www.news1.kr/industry/auto-industry/5935473
2025-10-06,"LAUNCH,REGUL","추석 연휴 이후 더 바쁘다…재계 총수, 휴식 없이 '열일'",https://www.straightnews.co.kr/news/articleView.html?idxno=283210
2025-10-04,LAUNCH,"""그랜저에 제네시스 램프 적용"" 현대차, '그랜저 페이스리프트' 파격 변...",https://www.autodaily.co.kr/news/articleView.html?idxno=537388
2025-10-03,"INVEST,LAUNCH,REGUL","[특집] '베이밸리 메가시티' 대한민국 경제심장으로… '초광역 혁신, 미...",https://www.bzeronews.com/news/articleView.html?idxno=802408
2025-10-03,"INVEST,LAUNCH","자율주행차 관련주, '봄꽃만개' 앤씨앤·퀄리타스반도체·라닉스·아이에...",http://www.finomy.com/news/articleView.html?idxno=240420
2025-10-02,"INVEST,LAUNCH,ORDER,PARTNERSHIP","시스템반도체 관련주, '함박웃음' 시그네틱스·윈팩·에이엘티·싸이닉...",http://www.finomy.com/news/articleView.html?idxno=240407
2025-10-02,LAUNCH,"대형  디스플레이 ·신규 대시보드 적용…신형 싼타페, 기존 모델과 차이...",https://www.autodaily.co.kr/news/articleView.html?idxno=537301
2025-10-02,LAUNCH,"TI, 8.9MP 해상도 DLP 디바이스로 고성능 반도체 패키징 지원",https://www.hellot.net/news/article.html?no=106009
2025-10-02,LAUNCH,"TI, 새로운 DLP 기술로 첨단 패키징용 고정밀 디지털 리소그래피 지원",https://zdnet.co.kr/view/?no=20251002093156
2025-10-02,"INVEST,ORDER","[특징주] 탑런토탈솔루션, LG 디스플레이  첫 양산 장비 수주 소식에 주가...",https://www.widedaily.com/news/articleView.html?idxno=279618
2025-10-02,"INVEST,LAUNCH,PARTNERSHIP","[더벨]LG의 반도체 재도전, 키워드 AI·소부장",https://www.thebell.co.kr/free/content/ArticleView.asp?key=202509301328549680106576
2025-10-02,"INVEST,LAUNCH,PARTNERSHIP","[주간IPO] 10월 셋째 주, 노타·이노테크·비츠로넥스텍·그린광학 수요...",http://www.consumernews.co.kr/news/articleView.html?idxno=741580
2025-10-02,"INVEST,LAUNCH","자율주행차 관련주, '봄날의 햇살' 켐트로닉스·한라캐스트... ' 먹구름...",http://www.finomy.com/news/articleView.html?idxno=240298
2025-10-01,LAUNCH,대시보드 갈아 엎었나? 신형 싼타페 페이스리프트 실내 디테일 포착,https://www.autodaily.co.kr/news/articleView.html?idxno=537200
2025-10-01,ORDER,"[특징주] 탑런토탈솔루션, ""中 완성차 업체와 대형  디스플레이  공급 계...",https://www.widedaily.com/news/articleView.html?idxno=279515
2025-10-01,LAUNCH,대형차임에도 뛰어난 가속력… 연비 또한 놀라울 정도,https://www.busan.com/view/busan/view.php?code=2025093018014599431
2025-10-01,CERT,‘200조 시장’  차량용  반도체⋯ 韓  디스플레이  새 무대 되나,https://www.viva100.com/article/20250930500855
2025-09-30,INVEST,"한울소재과학, 한울반도체 2대 주주 지분 전량 인수",http://www.thelec.kr/news/articleView.html?idxno=41688
2025-09-30,"CERT,LAUNCH","ams OSRAM, 고출력 멀티-다이 레이저 Vegalas™ Power 출시",https://www.hellot.net/news/article.html?no=105943
2025-09-30,"CERT,INVEST,LAUNCH,REGUL",중국 유리 커버글래스 시장현황,http://dream.kotra.or.kr/kotranews/cms/news/actionKotraBoardDetail.do?SITE_NO=3&MENU_ID=190&CONTENTS_NO=2&bbsGbn=254&bbsSn=254&pNttSn=234695
2025-09-30,LAUNCH,"제네시스, 전기 SUV ‘GV90’ 출격 초읽기",https://biz.heraldcorp.com/article/10586667?ref=naver
2025-09-30,LAUNCH,[단독] 제네시스 GV90 출격 초읽기…프리미엄 라인업 마침내 완성,https://biz.heraldcorp.com/article/10586468?ref=naver
2025-09-30,"INVEST,LAUNCH",삼성D '외연 확장'·LGD '내실 다지기'…中 공세 속 다른 OLED 전략,https://it.chosun.com/news/articleView.html?idxno=2023092148221
2025-09-29,INVEST,반도체 소재·장비 … 존재감 커지는 LG,https://www.mk.co.kr/article/11432279
2025-09-29,INVEST,"LX세미콘, 배당 이어가지만 주당배당금 절반으로 추락…DDI 판매 둔화",http://www.thevaluenews.co.kr/news/view.php?idx=192802
2025-09-29,LAUNCH,"이규석 사장 ""내년 車반도체 양산 가능...현대차·기아 표준화로 볼륨 ...",https://www.newspim.com/news/view/20250929000807
2025-09-29,CERT,"이규석 현대모비스 사장 ""삼성과 파운드리도 협업""…K-車반도체 키운다",https://www.hankyung.com/article/202509294844i
2025-09-29,LAUNCH,"“운전석이 영화관·거실·사무실로”… 디지털 콕핏, 자동차 미래를 열...",https://www.munhwa.com/article/11536459?ref=naver
2025-09-28,"CERT,LAUNCH","[돈+Cars] 가족 위한 공간도 자신… BYD ‘씨라이언 7’, 중형 SUV 시장 뚫...",https://www.dt.co.kr/article/12020441?ref=naver
2025-09-27,INVEST,"미래나노텍, 신성장동력 확보로 사업 영역 다각화 성공",https://www.pointdaily.co.kr/news/articleView.html?idxno=272168
2025-09-27,INVEST,이차전지·EMI 필터 시장 진출… 미래나노텍 장기 성장 모멘텀 확보,https://www.pinpointnews.co.kr/news/articleView.html?idxno=380863
2025-09-27,INVEST,"삼성·LG 디스플레이  수장 ""하반기 실적 개선"" 한목소리",http://www.ftoday.co.kr/news/articleView.html?idxno=348403
2025-09-26,"INVEST,LAUNCH","정철동 LGD 대표 ""8.6G 아직 검토...RGB TV 여전히 부족""",http://www.thelec.kr/news/articleView.html?idxno=41517
2025-09-26,LAUNCH,"자율주행차 관련주, '웃음꽃' 라닉스·삼현... '눈물' 유진로봇·아이에...",http://www.finomy.com/news/articleView.html?idxno=239968
2025-09-26,LAUNCH,"제네시스 GV90, 혁신적인 롤러블 OLED  디스플레이  최초 탑재하나",https://kbench.com/?q=node/271795
2025-09-26,"INVEST,LAUNCH,ORDER","중국 BOE, 연 보조금만 8천억… K- 디스플레이  '위태'",http://www.seoulwire.com/news/articleView.html?idxno=672969
2025-09-26,LAUNCH,"제네시스 GV90, 롤러블 OLED 최초 탑재하나…현대차, 美 특허 공개",https://www.autodaily.co.kr/news/articleView.html?idxno=536960
2025-09-25,LAUNCH,"자율주행차 관련주, '으쓱으쓱' 라닉스·삼현·엣지파운드리·유진로봇...",http://www.finomy.com/news/articleView.html?idxno=239874
2025-09-25,"INVEST,LAUNCH","자동차부품 관련주, '덩실덩실' 에스엠벡셀·네오티스·한온시스템·삼...",http://www.finomy.com/news/articleView.html?idxno=239872
2025-09-25,"INVEST,LAUNCH,PARTNERSHIP","로봇·산업용·협동로봇 관련주, '맑음' 레인보우로보틱스·이랜시스·클...",http://www.finomy.com/news/articleView.html?idxno=239871
2025-09-25,"CERT,LAUNCH",[타보고서] 엔트리에서 느껴지는 S클래스...벤츠 '더 뉴 CLA',https://zdnet.co.kr/view/?no=20250925150128
2025-09-25,LAUNCH,BMW ‘뉴 750e’ 주행·연비 ‘탁월’,https://www.busan.com/view/busan/view.php?code=2025091412332647920
2025-09-25,"CERT,INVEST,LAUNCH","시스템반도체 관련주, '봄꽃만개' 엠디바이스·아이씨티케이·SFA반도체...",http://www.finomy.com/news/articleView.html?idxno=239777
2025-09-24,LAUNCH,"퀄컴·삼성, XR 협력 상징 ‘프로젝트 무한’ 실물 전시…""이렇게 생겼...",https://www.ddaily.co.kr/page/view/2025092421375658225
2025-09-24,"INVEST,LAUNCH,ORDER","영우디에스피, 삼성디스플레에 검사 장비 공급...46억원 규모",http://www.thelec.kr/news/articleView.html?idxno=41295
2025-09-24,LAUNCH,"스웨디시 럭셔리 패밀리 세단, 볼보 S90",https://it.chosun.com/news/articleView.html?idxno=2023092147919
2025-09-24,"LAUNCH,PARTNERSHIP",[퀄컴 서밋 10주년] ⑧ 생성형 AI 위한 최초의 설계…스냅드래곤X 등판,https://www.ddaily.co.kr/page/view/2025091517454852215
2025-09-24,"CERT,LAUNCH","[시승기] 육지로 올라선 바다사자, BYD ‘씨라이언7’ 중국차 반전 후입...",https://www.mydaily.co.kr/page/view/2025092318000834052
2025-09-24,LAUNCH,"삼성 첫 XR 헤드셋 '무한', 하와이에 떴다…퀄컴 칩으로 성능 강화",https://zdnet.co.kr/view/?no=20250924094012
2025-09-23,"INVEST,LAUNCH","""IT용 OLED, 3년후 중국이 역전...8.6G 투자 늘려야""",http://www.thelec.kr/news/articleView.html?idxno=41224
2025-09-23,"CERT,INVEST,REGUL",국내외 35조7000억원 유치…'글로벌 비즈니스 허브'로 도약,https://www.hankyung.com/article/2025092313861
2025-09-23,CERT,"[기고] AMD, 자동차의 자율 기능을 가속화하는 적응형 컴퓨팅",https://www.epnc.co.kr/news/articleView.html?idxno=322827
2025-09-23,LAUNCH,"벤딕트, 싸이클론 기술 탑재한 '볼텍스' 출시",https://www.nbntv.co.kr/news/articleView.html?idxno=4009600
2025-09-23,"INVEST,LAUNCH,PARTNERSHIP",[기자수첩] K- 디스플레이 의 빛과 그림자,https://www.newstopkorea.com/news/articleView.html?idxno=30681
2025-09-23,LAUNCH,[육기자의 으랏차차] 2026년형 르노 그랑 콜레오스 시승기...아직은 신선...,http://www.g-enews.com/ko-kr/news/article/news_all/20250923075611860278e43e3ead_1/article.html
2025-09-23,LAUNCH,프리미엄·기술 차별화… K기업 ‘車  디스플레이 ’ 시장 선전,https://www.segye.com/newsView/20250922515901?OutUrl=naver
2025-09-22,"CERT,INVEST,LAUNCH,PARTNERSHIP,REGUL","[인터뷰] ""재생에너지 중심 에너지 대전환, 미룰 수 없다""",https://www.energy-news.co.kr/news/articleView.html?idxno=218087
2025-09-22,INVEST,"자율주행차 관련주, '룰루랄라 콧노래' 한라캐스트·유진로봇·MDS테크·...",http://www.finomy.com/news/articleView.html?idxno=239515
2025-09-22,"INVEST,LAUNCH,ORDER","시스템반도체 관련주, '함박웃음' 이미지스·윈팩·삼성전자·아이씨티...",http://www.finomy.com/news/articleView.html?idxno=239511
2025-09-22,LAUNCH,스트레처블·입체  디스플레이  평가기술 국제표준 주도한다,https://zdnet.co.kr/view/?no=20250922175625
2025-09-22,LAUNCH,"K- 디스플레이  '차세대 먹거리', 국회서도 확인한다",http://www.metroseoul.co.kr/article/20250922500425
2025-09-22,INVEST,"인탑스, 구미에 FIM 공장 완공",http://www.snmnews.com/news/articleView.html?idxno=558436
2025-09-22,"INVEST,LAUNCH","[특징주] 비에이치, ""판매 호조에 아이폰17 생산량 확대"" OLED 패널 기판...",https://www.widedaily.com/news/articleView.html?idxno=278658
2025-09-21,"INVEST,LAUNCH,ORDER","""핵심 부품 경쟁력과 미래 기술 융합""… 현대모비스, 미래 모빌리티 시...",https://www.mk.co.kr/article/11425217
2025-09-21,INVEST,"비에이치, 폴더블 수혜 본격화…FPCB·전장 양날개 '훨훨'",https://www.pinpointnews.co.kr/news/articleView.html?idxno=378688
2025-09-21,LAUNCH,[타볼레오]한번 충전에 무려 790km…'더 뉴 메르세데스-벤츠 CLA',https://view.asiae.co.kr/article/2025091923290485923
2025-09-21,"INVEST,LAUNCH","로봇·산업용·협동로봇 관련주, '웃음' 로보스타·에스피시스템스·하...",http://www.finomy.com/news/articleView.html?idxno=239383
2025-09-19,"LAUNCH,PARTNERSHIP","[시경Today-자동차] 현대차, 고성능 'N' 10주년... 아이오닉 6 N 한정판 공...",https://www.meconomynews.com/news/articleView.html?idxno=120331
2025-09-19,LAUNCH,"혼다, 첫 전기 오토바이 공개…""가격, 생각보다 비싸""",https://zdnet.co.kr/view/?no=20250919105759
2025-09-19,"INVEST,LAUNCH,REGUL","아우모비오(구. 콘티넨탈), 프랑크푸르트 증권거래소 신규 상장",http://www.efnews.co.kr/news/articleView.html?idxno=123419
2025-09-19,LAUNCH,"볼보 S90, 오너·쇼퍼 드리븐 모두 홀리는 승차감으로 프리미엄 세단 시...",http://www.consumernews.co.kr/news/articleView.html?idxno=740820
2025-09-19,"INVEST,LAUNCH,PARTNERSHIP","[더벨]티인베-SK증권, 일본서 글로벌 진출 지원행사 열었다",https://www.thebell.co.kr/free/content/ArticleView.asp?key=202509181032155200101491
2025-09-19,CERT,[전문가기고] 자동차의 자율 기능을 가속화하는 적응형 컴퓨팅,https://www.ddaily.co.kr/page/view/2025091814015653252
2025-09-18,LAUNCH,"""AI 시대 '소통창'  디스플레이 …저전력·안전 잡은 OLED가 답""",http://www.edaily.co.kr/news/newspath.asp?newsid=04086886642301432
2025-09-18,"INVEST,LAUNCH","[V차트] KH바텍, 폴더블 수요 확대에 따른 실적 개선 기대",https://www.itooza.com/common/iview.php?no=2025091811174566095
2025-09-18,INVEST,희망퇴직 확대하는 LG전자,http://www.smedaily.co.kr/news/articleView.html?idxno=338274
2025-09-18,LAUNCH,"[야! 타볼래]중국산 편견 깼다…BYD, '씨라이언7' 앞세워 韓 공략",https://www.newsway.co.kr/news/view?ud=2025091718083193438
2025-09-18,"INVEST,PARTNERSHIP",[GAM]中 '수정광전' 차기 성장트랙② 10년 성장궤도 올려줄 'AR 광학',https://www.newspim.com/news/view/20250917000890
2025-09-18,"INVEST,LAUNCH",[GAM]中 '수정광전' 차기 성장트랙① 10년 성장궤도 올려줄 'AR 광학',https://www.newspim.com/news/view/20250917000886
2025-09-17,"INVEST,LAUNCH",이재용 '현장 경영' 행보…삼성 디스플레이  사업장 방문,http://www.edaily.co.kr/news/newspath.asp?newsid=04172166642301104
2025-09-17,"INVEST,LAUNCH,REGUL",[유럽스타트업열전] IAA 모빌리티 2025 결산 '독일의 귀환 중국의 역습',https://www.bizhankook.com/bk/article/30352
2025-09-17,LAUNCH,차량용  OLED 키우는 삼성·LG…미래車 핵심 시장 '정조준',https://www.dailian.co.kr/news/view/1550133/?sc=Naver
2025-09-17,LAUNCH,[잇(IT)야기] 9월의 테크 열전…삼성·LG전자·삼성D가 독일서 선보인 청...,https://www.cnbnews.com/news/article.html?no=750289
2025-09-17,"INVEST,LAUNCH,ORDER,PARTNERSHIP,REGUL","[초점] 삼성전자, 이스라엘 발렌스와 차세대  차량용  반도체 생산",http://www.g-enews.com/ko-kr/news/article/news_all/202509170944225136fbbec65dfb_1/article.html
2025-09-17,"CERT,LAUNCH,PARTNERSHIP,REGUL","[모빌로그] 기아, 택시 전용 PV5…‘올인원  디스플레이  2' 출시 外",https://news.dealsitetv.com/articles/159265
2025-09-17,"INVEST,LAUNCH,ORDER","[초점] 캐논, AI 반도체 후공정 독주…니콘, 신기술로 도전장",http://www.g-enews.com/ko-kr/news/article/news_all/202509161754235595fbbec65dfb_1/article.html
2025-09-16,"CERT,INVEST,LAUNCH,ORDER,PARTNERSHIP,REGUL",9월 3주 주요 제조업 전망,https://www.laborplus.co.kr/news/articleView.html?idxno=36284
2025-09-16,"LAUNCH,ORDER",‘스마트폰서 자동차까지’…삼성 디스플레이 의 질주,http://www.newstomato.com/ReadNews.aspx?no=1275034&inflow=N
2025-09-16,LAUNCH,"차세대  디스플레이  다변화…소형-폴더블, 중대형-롤러블",http://www.metroseoul.co.kr/article/20250916500481
2025-09-16,LAUNCH,"기아, 혁신적 올인원  디스플레이  탑재한 PV5 택시 공개",https://www.ajunews.com/view/20250916090241327
2025-09-16,ORDER,"아이언디바이스, 로봇 액추에이터 드라이버 개발 완료 '주목'…""세일즈...",http://www.newsprime.co.kr/news/article.html?no=704434
2025-09-16,"LAUNCH,PARTNERSHIP","LG전자, ‘이노베이션 허브’ 새단장…모빌리티 신사업 전초기지로",https://www.etoday.co.kr/news/view/2506628
2025-09-15,"INVEST,ORDER,PARTNERSHIP","자율주행차 관련주, '콧노래' 한라캐스트·유진로봇·삼성전자·SK하이닉...",http://www.finomy.com/news/articleView.html?idxno=238921
2025-09-15,INVEST,"삼성·LG 디스플레이 ,  차량용  OLED 시장 공략..테슬라에 누가 먼저?",https://news.mtn.co.kr/news-detail/2025091516470398370
2025-09-15,"INVEST,ORDER","LG전자 VS사업본부, 실적 승부처로 '부상'",https://dealsite.co.kr/articles/148079
2025-09-14,LAUNCH,"""신형 그랜저 변경 포인트는?"" 현대차, '그랜저 페이스리프트' 후면 예상...",https://www.autodaily.co.kr/news/articleView.html?idxno=536310
2025-09-14,LAUNCH,‘IAA 모빌리티 2025’ 폐막…글로벌 전기차 격전지 확인 [IAA 2025],https://www.etoday.co.kr/news/view/2505969
2025-09-14,INVEST,"인탑스, 구미에 첨단 전장 생산기지 구축",https://www.hankyung.com/article/2025091427011
2025-09-14,"INVEST,LAUNCH","8월 ICT 수출, 반도체 호조에 '역대 최대'…美 관세에도 '선전'",http://www.m-i.kr/news/articleView.html?idxno=1281727
2025-09-14,ORDER,"가전 넘어 자동차 심장으로…LG전자, '전장 거인'으로 우뚝",http://www.m-i.kr/news/articleView.html?idxno=1281609
2025-09-14,"INVEST,LAUNCH,REGUL","로봇·산업용·협동로봇 관련주, '훨훨' 나우로보틱스·해성에어로보틱...",http://www.finomy.com/news/articleView.html?idxno=238799
2025-09-13,"LAUNCH,PARTNERSHIP",'IAA 모빌리티' 단골 손님 된 삼성·LG…시작은 언제부터? [옛날신문보기...,http://www.sisaon.co.kr/news/articleView.html?idxno=175341
2025-09-13,"CERT,LAUNCH,PARTNERSHIP","미래차 심장 역할은 누구? 삼성·LG·퀄컴, 獨서 모빌리티 신기술 경연",https://it.chosun.com/news/articleView.html?idxno=2023092147357
2025-09-12,"CERT,INVEST,LAUNCH,ORDER,PARTNERSHIP,REGUL","[주간 서머리] 경제·산업계 ""정부, 기재부·금융위 재편...LG엔솔 귀국 ...",https://www.asiaa.co.kr/news/articleView.html?idxno=223589
2025-09-12,"LAUNCH,PARTNERSHIP","[주간 기업동향] 허태수 회장 ""AI-석유화학 결합한 새 사업모델 모색"" 外",https://www.banronbodo.com/news/articleView.html?idxno=30862
2025-09-12,"CERT,INVEST,LAUNCH,REGUL",[시승기] 넓은 실내공간 세련된 디자인…'가성비' 끝판왕 BYD 씨라이언 ...,https://www.asiatime.co.kr/article/20250912500107
2025-09-12,LAUNCH,"삼성D, 미래 성장동력 ‘ 차량용  OLED’ 공격적 사업 확대",https://www.segye.com/newsView/20250911517273?OutUrl=naver
2025-09-11,"INVEST,ORDER,PARTNERSHIP","로봇·산업용·협동로봇 관련주, '덩실정실' 서암기계공업·퍼스텍·스맥...",http://www.finomy.com/news/articleView.html?idxno=238686
2025-09-11,"INVEST,ORDER,REGUL","삼성 파운드리, 이스라엘 발렌스서 차세대  차량용  칩셋 생산 수주",http://www.inews24.com/view/1885744
2025-09-11,LAUNCH,"이주형 삼성D 부사장 ""미래 모빌리티의 다양한 수요에 대응할 것""",http://www.hansbiz.co.kr/news/articleView.html?idxno=775741
2025-09-11,LAUNCH,"""미래 모빌리티 플랫폼 될것""…삼성 디스플레이  OLED 전략",https://www.hankyung.com/article/2025091185581
2025-09-11,INVEST,"엇갈린  디스플레이  성적표…삼성 '주춤', LG '반등'",https://www.ziksir.com/news/articleView.html?idxno=103903
2025-09-11,LAUNCH,"車 전장  디스플레이 , 삼성ㆍLGㆍBOE 각축전",https://www.dnews.co.kr/uhtml/view.jsp?idxno=202509111022069060187
2025-09-11,PARTNERSHIP,차 안에서 엑스박스 게임부터 줌 미팅까지...LG전자가 그리는 미래 모빌...,https://www.wolyo.co.kr/news/articleView.html?idxno=300946
2025-09-11,LAUNCH,"이주형 삼성D 부사장 ""OLED, 미래 모빌리티 핵심 인프라""",https://www.mydaily.co.kr/page/view/2025091116051593009
2025-09-11,LAUNCH,"이주형 삼성D 부사장 ""미래 모빌리티 핵심 플랫폼은 OLED""",https://www.mediapen.com/news/view/1042185
2025-09-11,LAUNCH,"이주형 삼성 디스플레이  부사장 ""OLED, 모빌리티 핵심 인프라""",http://www.ftoday.co.kr/news/articleView.html?idxno=347455
2025-09-11,LAUNCH,"삼성D 이주형 ""OLED는 자동차와 사람을 잇는 접점""…미래 모빌리티 비전...",https://www.newsquest.co.kr/news/articleView.html?idxno=252563
2025-09-11,LAUNCH,"[CEO 직썰] 이주형 삼성D 부사장 ""자율주행 시대, 모빌리티·사람 연결하...",https://www.ziksir.com/news/articleView.html?idxno=103811
2025-09-11,LAUNCH,"OLED는 현재, 마이크로 LED는 미래... 디스플레이  산업 新 패러다임",https://www.the-pr.co.kr/news/articleView.html?idxno=54117
2025-09-11,"CERT,INVEST,LAUNCH,ORDER,PARTNERSHIP,REGUL","“발렌스와 자율주행 솔루션 협업”…삼성 파운드리,  차량용  시장에서...",https://www.etoday.co.kr/news/view/2505600
2025-09-11,LAUNCH,"이주형 삼성D 중소형사업부장 ""삼성 OLED, 미래 모빌리티 핵심""",https://www.pointdaily.co.kr/news/articleView.html?idxno=268965
2025-09-11,LAUNCH,"삼성D ""삼성 OLED, 미래 모빌리티 핵심 플랫폼""",http://www.smedaily.co.kr/news/articleView.html?idxno=337546
2025-10-12,"CERT,INVEST,LAUNCH","(주간증시전망)코스피, 3600선 안착 후 숨 고르기 전망…AI 모멘텀·실적...",http://www.newstomato.com/ReadNews.aspx?no=1277279&inflow=N
2025-10-12,CERT,李정부 첫국감 내일 개막…'내란청산·실정심판' 與野 충돌 예고,https://www.yna.co.kr/view/AKR20251011035600001?input=1195m
2025-10-12,REGUL,"""전쟁으로 진화한 러시아군…새로운 위협 부상""",https://www.mt.co.kr/world/2025/10/12/2025101016091086401
2025-10-12,"CERT,LAUNCH,PARTNERSHIP","'K2·K9·KF21'로 끝이 아니다 … K-방산, 미래 먹거리 찾는다 [창간20주...",https://biz.newdaily.co.kr/site/data/html/2025/10/01/2025100100405.html
2025-10-12,"INVEST,LAUNCH,PARTNERSHIP,REGUL","리비안 중형 전기 SUV 'R2', 영국 출시 확정",https://www.theguru.co.kr/news/article.html?no=92747
2025-10-12,"INVEST,LAUNCH","코스피 최고점에도 환율 급등, 한국인 ‘미국 주식 사랑’ 때문? [세모금...",https://biz.heraldcorp.com/article/10591469?ref=naver
2025-10-12,"INVEST,LAUNCH",'전사의 이름으로…' 트럼프의 위험한 군기잡기,http://weekly.chosun.com/news/articleView.html?idxno=45146
2025-10-12,"INVEST,LAUNCH",[심층분석] 美증시 고점 불안…37조달러 부채·AI버블·달러약세 5대 위...,https://www.g-enews.com/view.php?ud=202510111633418468fbbec65dfb_1
2025-10-12,"INVEST,LAUNCH","원익홀딩스, 상한가로 마감…공시 이슈에 매수세 집중",https://www.pointdaily.co.kr/news/articleView.html?idxno=273820
2025-10-12,"INVEST,LAUNCH,REGUL","[박근종 칼럼] 심상찮은 원화가치 가파른 하락, 증시 급등에 독버섯처럼...",https://www.mhns.co.kr/news/articleView.html?idxno=727757
2025-10-11,INVEST,"[KEL] 성남 락스, 감췄던 발톱 막판에 꺼내며 8경기 만에 우승",http://www.dailyesports.com/view.php?ud=20251011233610460321ad998911_27
2025-10-11,"INVEST,LAUNCH,REGUL",공포의 월요일 될까?… 1400만명 밤잠 설친다 [수민이가 궁금해요],https://www.segye.com/newsView/20251011504654?OutUrl=naver
2025-10-11,LAUNCH,"[종합] 北, 열병식서 미사일 능력 과시…새 ICBM 화성-20형 첫 공개",https://www.getnews.co.kr/news/articleView.html?idxno=843979
2025-10-11,INVEST,"서학개미, 추석 때 1조8000억원 순매수…작년의 300배",https://www.getnews.co.kr/news/articleView.html?idxno=843978
2025-10-11,"INVEST,LAUNCH",트럼프의 '희토류 카드' 발언에 뉴욕 증시 급락…기술주 직격탄,https://www.gokorea.kr/news/articleView.html?idxno=842627
2025-10-11,"CERT,INVEST,LAUNCH","""금값이 미쳤어요""…국제시세보다 10% 비싸게 거래되는 이유 [진영기의...",https://www.hankyung.com/article/2025101015936
2025-10-11,LAUNCH,"최기일 “‘화성-20형’, 美 전지역 사정권…안심할 수 없다”",https://www.ichannela.com/news/main/news_detailPage.do?publishId=000000495649
2025-10-11,LAUNCH,"北, 러시아 파병 실전 기술 과시",https://www.ichannela.com/news/main/news_detailPage.do?publishId=000000495648
2025-10-11,LAUNCH,"북, 열병식서 미사일 능력 과시…새 ICBM 화성-20형 첫 공개(종합)",https://www.yna.co.kr/view/AKR20251011023451504?input=1195m
2025-10-11,"LAUNCH,REGUL","[AFTER 8NEWS] 서울 인구보다 많은 '중국 드론'…""인류의 가장 큰 위협"" ...",https://news.sbs.co.kr/news/endPage.do?news_id=N1008286767&plink=ORI&cooper=NAVER
2025-10-11,"CERT,INVEST,LAUNCH",APEC 직전까지 벼랑 끝 싸움 가능성 … 파국 땐 세계 경제 '불황 늪'으로...,https://www.newdaily.co.kr/site/data/html/2025/10/11/2025101100030.html
2025-10-11,"INVEST,LAUNCH,ORDER,PARTNERSHIP",예지원 “알부민은 의료 필수품” 중요성 강조 (이토록 위대한 몸),https://www.xportsnews.com/article/2063558
2025-10-11,INVEST,역대급 연휴 끝…전대미문 3600선 넘긴 코스피 지수,https://www.mediapen.com/news/view/1048291
2025-10-11,LAUNCH,"북, 열병식서 ‘화성-20형’ 첫 공개 “최강 핵전략 무기체계”",https://www.busan.com/view/busan/view.php?code=2025101111442892190
2025-10-11,"INVEST,LAUNCH",美-中 관세전쟁 재점화에 뉴욕증시 급락…잘 나가던 코스피 직격탄 우려,https://www.newsquest.co.kr/news/articleView.html?idxno=254294
2025-10-11,"INVEST,LAUNCH",미중 무역 갈등에 뉴욕증시 폭락…빅테크 시총 1100조원 증발,https://www.dailian.co.kr/news/view/1558418/?sc=Naver
2025-10-11,"CERT,INVEST,LAUNCH,REGUL","뉴욕증시, 시진핑에 열받은 트럼프 '급락'...국제유가, WTI 4.2% 폭락",https://www.asiatime.co.kr/article/20251011500004
2025-10-11,LAUNCH,"북, ICBM 화성-20형 첫 공개...신형 미사일 능력 과시",https://www.ytn.co.kr/_ln/0101_202510111413309069
2025-10-11,LAUNCH,김정은 “군대는 나의 힘”…‘핵무력’ 언급은 없었다,https://economist.co.kr/article/view/ecn202510110011
2025-10-11,LAUNCH,[주말산책] 여성이 군대를 가야하는 이유,https://www.pennmike.com/news/articleView.html?idxno=108898
2025-10-11,LAUNCH,김정은 “나에게 군대는 명실공히 힘”…대남·대미메시지 없어,https://biz.heraldcorp.com/article/10591356?ref=naver
2025-10-11,LAUNCH,"뉴욕증시 3대 지수, 트럼프 대중 관세 위협에 급락",https://news.tvchosun.com/site/data/html_dir/2025/10/11/2025101190047.html
2025-10-11,INVEST,미중 무역갈등 '재점화'…뉴욕증시·유가 급락,http://www.yonhapnewstv.co.kr/MYH202510111316348Kc
2025-10-11,INVEST,"""떨어지면 폭풍 매수"" 추석 '300배' 쓸어담은 서학개미…가장 많이 매수...",https://www.sedaily.com/NewsView/2GZ4YBD6LW
2025-10-11,"INVEST,LAUNCH",美·中 긴장 재점화…엔비디아·테슬라·애플 급락,https://www.ziksir.com/news/articleView.html?idxno=107439
2025-10-11,LAUNCH,"'천마-20' 전차·자주포·무인기…北, 재래식 전력도 첨단화 가속",https://www.pointdaily.co.kr/news/articleView.html?idxno=273789
2025-10-11,"INVEST,LAUNCH,REGUL",미중 또 싸운다…잘 달리던 주식 꼬꾸라지고 금만 '씽씽',https://www.mt.co.kr/world/2025/10/11/2025101111523444282
2025-10-11,LAUNCH,"북한, 열병식서 신형 ICBM 추정 '화성-20형' 공개",https://www.bbc.com/korean/articles/cn4l47jz3jeo?xtor=AL-73-%5Bpartner%5D-%5Bnaver%5D-%5Bheadline%5D-%5Bkorean%5D-%5Bbizdev%5D-%5Bisapi%5D
2025-10-11,LAUNCH,"'천마-20'부터 길리슈트까지…北, 재래식 전력 현대화도 주력",https://www.jnilbo.com/news/articleView.html?idxno=90000008450
2025-10-11,LAUNCH,"北, 열병식서 신형 ICBM·미사일 대거 공개",https://www.goodnews1.com/news/articleView.html?idxno=452334
2025-10-11,INVEST,"국내투자자, 추석때 미국주식 1조7600억원 순매수…작년보다 300배 급증",https://www.busan.com/view/busan/view.php?code=2025101111324053181
2025-10-11,LAUNCH,"멀티플레이에 승부 건 '배틀필드 6', 시리즈 명예 회복 노린다",https://www.tokenpost.kr/news/game/293415
2025-10-11,LAUNCH,美·中 긴장 고조에 빅테크 시총 하루새 1100조원 증발,https://view.asiae.co.kr/article/2025101111265531265
2025-10-11,LAUNCH,전기차 판매 의지?···수입차 업체들 최근 상표권 살펴보니,https://www.sisajournal-e.com/news/articleView.html?idxno=415913
2025-10-11,"INVEST,ORDER,PARTNERSHIP","여의도 문 닫자 뉴욕으로…서학개미, 추석 연휴에 '1.8조' 베팅",https://news.mtn.co.kr/news-detail/2025101110590943402
2025-10-11,LAUNCH,"북, 열병식서 미사일 능력 과시…새 ICBM 화성-20형 첫 공개",https://www.yna.co.kr/view/AKR20251011023400504?input=1195m
2025-10-11,LAUNCH,"[게임위드인] '배틀필드6' 체험해보니…멀티는 부활, 싱글은 미흡",https://www.yna.co.kr/view/AKR20251010106300017?input=1195m
2025-10-11,LAUNCH,북한 열병식에 새 ICBM 화성-20형 공개… “최강 핵전략무기체계”,https://www.wikitree.co.kr/articles/1087191
2025-10-11,INVEST,"트럼프 ‘中 희토류 보복’ 경고⋯ 뉴욕증시 급락, 기술주 3% 이상 추락",https://www.viva100.com/article/20251011500036
2025-10-11,"CERT,LAUNCH,PARTNERSHIP","""연간 14만5천톤 해양쓰레기, 절반이 전남 섬·해안 점령""",https://www.jnilbo.com/news/articleView.html?idxno=90000008445
2025-10-11,LAUNCH,"북한 열병식서 새 ICBM 화성-20형 공개…""최강 핵전략무기체계""",https://news.jtbc.co.kr/article/NB12266178?influxDiv=NAVER
2025-10-11,INVEST,"""지난해 300배 규모""...서학개미, 추석 때 1조8천억원 순매수",https://www.youthdaily.co.kr/news/article.html?no=198498
2025-10-11,LAUNCH,북한 심야 열병식...새 ICBM 화성-20형 공개,https://www.womennews.co.kr/news/articleView.html?idxno=268278
2025-10-11,INVEST,글로벌 경쟁사 밸류 상승 반영… 삼성전기 주가 재평가 본격화,https://www.pinpointnews.co.kr/news/articleView.html?idxno=383845
2025-10-11,"INVEST,LAUNCH","빅테크 1,100조 원 증발…美·中 무역 긴장에 '엔비디아' 4.8% 하락",https://www.topstarnews.net/news/articleView.html?idxno=15833785
2025-10-11,LAUNCH,"북한, 열병식서 신형 ICBM '화성-20형' 공개…김정은 ""軍 무적으로 계속...",https://www.hankookilbo.com/News/Read/A2025101109150001604?did=NA
2025-10-11,INVEST,서학개미 추석 때만 1조8천억원 사들였다…지난해 '300배',http://www.yonhapnewstv.co.kr/AKR20251011094407ulo
2025-10-11,INVEST,"서학개미, 추석연휴에 1조8천억원 순매수…작년의 300배",https://www.slist.kr/news/articleView.html?idxno=684451
2025-10-11,"INVEST,LAUNCH","뉴욕증시, 미중 '관세전쟁' 우려에 급락…나스닥 3.6%↓",https://view.asiae.co.kr/article/2025101109422064607
2025-10-11,LAUNCH,"“155% 관세 전쟁 재개”⋯트럼프, 中 희토류 통제에 ‘맞불’",https://www.viva100.com/article/20251011500012
2025-10-11,LAUNCH,"북, 당창건 80돌 열병식...신형ICBM '화성포-20' 선보여",http://www.tongilnews.com/news/articleView.html?idxno=214713
2025-10-11,LAUNCH,트럼프 '대중 관세 경고' 여파…뉴욕증시 일제히 급락,https://www.ntoday.co.kr/news/articleView.html?idxno=120243
2025-10-11,LAUNCH,"뉴욕증시, ‘대중 관세 위협’에 급락…나스닥 3.56%↓",https://news.kbs.co.kr/news/pc/view/view.do?ncd=8378181&ref=A
2025-10-11,LAUNCH,북한 열병식에 새 ICBM 화성-20형 등장…김정은 “무적으로 진화”,https://news.kbs.co.kr/news/pc/view/view.do?ncd=8378179&ref=A
2025-10-11,LAUNCH,'배틀필드6' 10월 11일 출격 … FPS게임 장르 '진일보' 기대,https://www.khgames.co.kr/news/articleView.html?idxno=245088
2025-10-11,"CERT,INVEST,LAUNCH","트럼프 ""시진핑 만날 이유 없다""…美 3대 지수 급락 [뉴욕증시 브리핑]",https://www.hankyung.com/article/2025101121757
2025-10-11,LAUNCH,北열병식에 美 본토 타격 ICBM ‘화성-20형’ 첫 등장,https://www.donga.com/news/Politics/article/all/20251011/132539105/2
2025-10-11,LAUNCH,북한 열병식에 새 ICBM ‘화성-20형’ 공개…“최강 핵전략무기체계”,https://www.khan.co.kr/article/202510110909001
2025-10-11,LAUNCH,"北 열병식에 새 ICBM '화성-20형' 공개…""최강 핵전략무기체계""",https://www.nocutnews.co.kr/news/6411380?utm_source=naver&utm_medium=article&utm_campaign=20251011090418
2025-10-11,LAUNCH,미국 개입 없다면 중국의 대만 점령은 ‘식은 죽 먹기’,https://weekly.donga.com/3/all/11/5893162/1
2025-10-11,"LAUNCH,REGUL","힘으로 만든 ‘트럼프식 평화’, 노벨상엔 부적절",https://shindonga.donga.com/3/all/13/5893318/1
2025-10-11,LAUNCH,‘희토류 통제 VS 100% 관세’···잠잠했던 미·중 무역전쟁 다시 불붙...,https://www.khan.co.kr/article/202510110853001
2025-10-11,"INVEST,LAUNCH,REGUL",나스닥 3.6% 급락…트럼프 中 고율관세 위협,https://www.ccdn.co.kr/news/articleView.html?idxno=1043118
2025-10-11,INVEST,"""쉬는 날에도 돈은 일했다""…AI 낙관론에 서학개미, 추석 연휴에 美주식...",https://www.kizmom.com/news/articleView.html?idxno=105219
2025-10-11,CERT,"김정은 ""軍, 위협 소멸하는 무적으로 계속 진화해야""",https://www.kyeonggi.com/article/20251011580007
2025-10-11,"CERT,INVEST,LAUNCH",[뉴욕마켓워치] 중국에 폭발한 트럼프…나스닥 3.6% 추락·채권↑달러↓,https://news.einfomax.co.kr/news/articleView.html?idxno=4377973
2025-10-11,LAUNCH,"트럼프 ""내달 1일부터 對中 100% 추가관세 부과""…中 희토류 통제 강화에...",https://www.getnews.co.kr/news/articleView.html?idxno=843960
2025-10-11,"INVEST,LAUNCH",美·中 무역 긴장 고조…엔비디아·테슬라 등 빅테크 주가 급락,https://www.ebn.co.kr/news/articleView.html?idxno=1681692
2025-10-11,INVEST,"전장 ·수소·BEV 삼각 축 완성… 현대모비스, 미래차 수혜 본격화",https://www.pinpointnews.co.kr/news/articleView.html?idxno=383835
2025-10-11,LAUNCH,"노동당 창건 80주년 열병식 김정은 ""軍, 무적으로 계속 진화""",https://news.bbsi.co.kr/news/articleView.html?idxno=4050036
2025-10-11,INVEST,"뉴욕증시, 트럼프 대중관세 인상 예고에 급락…나스닥 3.6%↓",http://www.hansbiz.co.kr/news/articleView.html?idxno=782262
2025-10-11,INVEST,"“딸, 엄마도 테슬라 주식 갖고 싶어” 서학개미, 추석 때 1조8000억 순매...",https://biz.heraldcorp.com/article/10591272?ref=naver
2025-10-11,"INVEST,LAUNCH,REGUL","뉴욕증시, 美中 갈등 격화에 급락…나스닥 3.6%↓",http://www.smedaily.co.kr/news/articleView.html?idxno=340094
2025-10-11,LAUNCH,"트럼프 ""다음달 1일부터 중국에 100% 추가관세""",http://www.viewsnnews.com/article?q=230548
2025-10-11,LAUNCH,“국산차보다 저렴한데 성능은 UP”…남다른 파리지앵 감성 [시승기 - 푸...,https://biz.heraldcorp.com/article/10591026?ref=naver
2025-10-11,LAUNCH,"""EV 가격 전쟁 본격화""… 현대차·기아·르노 vs 테슬라·BYD·지커·샤오...",https://www.gpkorea.com/news/articleView.html?idxno=134755
2025-10-11,LAUNCH,9년 연애 서사와 함께한 '환승연애4' 곽민경 패션 총정리,https://www.harpersbazaar.co.kr/article/1889315
2025-10-11,"INVEST,LAUNCH","[박물관에 놀러가자] 28. 한국전쟁 아픔과 평화, 거제 포로수용소유적박...",https://www.idomin.com/news/articleView.html?idxno=947664
2025-10-11,INVEST,"[머니플로우] 서학개미, 추석 때 1조8천억원 순매수…작년의 300배",https://www.yna.co.kr/view/AKR20251010111500008?input=1195m
2025-10-11,CERT,"국제유가, '트럼프發' 對中추가관세 위협에 급락... WTI 4.2% 폭락",https://www.getnews.co.kr/news/articleView.html?idxno=843959
2025-10-11,LAUNCH,"미중 무역갈등 다시 격화...트럼프 ""11월 1일부터 對중국 관세 100% 추가...",https://www.delighti.co.kr/news/articleView.html?idxno=103733
2025-10-11,"CERT,INVEST,LAUNCH",[뉴욕증시] 시진핑에 열받은 트럼프…급락 마감,https://news.einfomax.co.kr/news/articleView.html?idxno=4377963
2025-10-11,"INVEST,LAUNCH,REGUL","뉴욕증시, '트럼프發' 추가 對中 관세 인상 위협에 급락…나스닥 3.6%↓",https://www.getnews.co.kr/news/articleView.html?idxno=843958
2025-10-11,"INVEST,LAUNCH,REGUL","[종합] 뉴욕증시, ‘미·중 무역전쟁 2라운드’ 공포에 급락…나스닥 3...",https://www.etoday.co.kr/news/view/2513785
2025-10-11,CERT,"국제유가, 미-중 무역갈등에 4% 폭락...5개월 만에 최저",https://www.womennews.co.kr/news/articleView.html?idxno=268275
2025-10-11,"INVEST,LAUNCH",엔비디아 4.8% 급락…'미·중 무역 긴장'에 빅테크 일제히 하락,https://www.topstarnews.net/news/articleView.html?idxno=15833701
2025-10-11,LAUNCH,[뉴욕환시] 달러 닷새만에↓…미중 갈등 재점화 속 엔화 급등,https://news.einfomax.co.kr/news/articleView.html?idxno=4377961
2025-10-11,LAUNCH,"신형 ICBM·극초음속 미사일 과시…김정은, 韓 '패싱'하며 ""오직 힘만이...",https://www.sedaily.com/NewsView/2GZ4X1OK92
2025-10-11,"CERT,LAUNCH","美 희토류 기업, 트럼프-시진핑 회담 무산 조짐에 주가 급등",https://news.einfomax.co.kr/news/articleView.html?idxno=4377959
2025-10-11,INVEST,"아바텍, MLCC 생산라인 증설 연기",https://www.digitaltoday.co.kr/news/articleView.html?idxno=596281
2025-10-11,"INVEST,LAUNCH",미 빅테크 시총 하룻새 1100조 증발…미중 무역전쟁 재점화 우려,https://www.hani.co.kr/arti/economy/finance/1222780.html
2025-10-11,"INVEST,LAUNCH","[상보] 국제유가, 중동 긴장 완화·G2 대립 속 급락…WTI 4.24%↓",https://www.etoday.co.kr/news/view/2513784
2025-10-11,INVEST,[뉴욕증시-1보] 시진핑에 열받은 트럼프…급락 마감,https://news.einfomax.co.kr/news/articleView.html?idxno=4377960
2025-10-11,LAUNCH,"뉴욕증시, 미시간대 소비심리지수 소화하며 상승 출발",https://news.einfomax.co.kr/news/articleView.html?idxno=4377958
2025-10-11,CERT,"[국제유가] 미국 뉴욕유가, ""트럼프, 대중 강력 보복 검토…WTI 4.2% 폭락...",https://www.lecturernews.com/news/articleView.html?idxno=188493
2025-10-11,"INVEST,LAUNCH,REGUL","미국 뉴욕증시, 트럼프 중국에 고율관세 위협에 다우존스·S&P500·나스닥...",https://www.lecturernews.com/news/articleView.html?idxno=188492
2025-10-11,REGUL,"[상보] 뉴욕증시, 미·중 무역전쟁 위험 재점화에 급락…나스닥 3.56%↓",https://www.etoday.co.kr/news/view/2513782
2025-10-11,"INVEST,LAUNCH,REGUL","뉴욕증시, 엔비디아 미·중 무역긴장에 4.8% 급락…빅테크 전반 '트럼프...",https://www.abcn.kr/news/articleView.html?idxno=83395
2025-10-11,LAUNCH,트럼프 '中관세 인상 예고'에 나스닥 3.6%·S&P500 2.7% 급락,http://www.joseilbo.com/news/news_read.php?uid=554302&class=53&grp=
2025-10-11,CERT,"[뉴욕유가] 트럼프, 대중 강력 보복 검토…WTI 4.2% 폭락",https://news.einfomax.co.kr/news/articleView.html?idxno=4377956
2025-10-11,LAUNCH,"트럼프 ""11월 1일부터 中에 100% 추가 관세""…'관세 전쟁' 재점화",https://www.hankyung.com/article/2025101120687
2025-10-11,LAUNCH,"트럼프, 시진핑과 만남 취소 시사·100% 추가 관세 … 미중 무역전쟁 다...",https://www.newdaily.co.kr/site/data/html/2025/10/11/2025101100006.html
2025-10-11,"INVEST,LAUNCH",미중 무역전쟁 재점화에 금융시장 휘청 … 美 증시·암호화폐·국제유가...,https://biz.newdaily.co.kr/site/data/html/2025/10/11/2025101100005.html
2025-10-11,"CERT,LAUNCH",[천지일보 이슈종합] 6.3 지방선거·국정감사·조희대·김현지·코스피·...,https://www.newscj.com/news/articleView.html?idxno=3326406
2025-10-11,INVEST,해성디에스·S-Oil·삼성전기[하나證 주간추천주],http://www.edaily.co.kr/news/newspath.asp?newsid=01200486642331936
2025-10-11,"INVEST,LAUNCH,REGUL",나스닥 3.6% 급락…트럼프 대중 관세 발언에 뉴욕증시 6개월만 최대 하...,https://www.topstarnews.net/news/articleView.html?idxno=15833688
2025-10-11,"INVEST,LAUNCH,REGUL","뉴욕증시, 트럼프 中 관세 위협에 '폭락'...S&P500 2.7%·나스닥 3.6%↓",https://www.kbsm.net/news/view.php?idx=492633
2025-10-11,"CERT,INVEST,LAUNCH","뉴욕증시, 中 희토류發 트럼프 '관세 발작'에 털썩…가상화폐·유가 급...",https://www.seoulfn.com/news/articleView.html?idxno=609004
2025-10-11,"INVEST,LAUNCH,REGUL","뉴욕증시, 트럼프 대중관세 위협에 급락…나스닥 3.6%↓",https://www.slist.kr/news/articleView.html?idxno=684387
2025-10-11,"INVEST,LAUNCH","뉴욕증시, 트럼프 대중 관세 위협에 급락…나스닥 3.6%↓",https://news.sbs.co.kr/news/endPage.do?news_id=N1008287532&plink=ORI&cooper=NAVER
2025-10-11,LAUNCH,"트럼프 ""11·1부터 對中 100% 추가관세""…中 희토류 통제에 맞불(종합)",https://www.yna.co.kr/view/AKR20251011009351071?input=1195m
2025-10-11,LAUNCH,[속보] 국제유가 급락…WTI 4.24%↓,https://www.etoday.co.kr/news/view/2513781
2025-10-11,"INVEST,LAUNCH","뉴욕증시, 트럼프 ‘대중 고율관세 위협’에 급락…나스닥 3.6%↓",https://news.kbs.co.kr/news/pc/view/view.do?ncd=8378123&ref=A
2025-10-11,LAUNCH,[속보] 뉴욕증시 급락…다우 1.90%↓,https://www.etoday.co.kr/news/view/2513780
2025-10-11,"LAUNCH,REGUL","뉴욕증시, 트럼프 中 관세 위협에 '폭락'…나스닥·S&P500 3%↓",https://www.newsworks.co.kr/news/articleView.html?idxno=813989
2025-10-11,LAUNCH,[뉴욕채권] 국채가 급등…트럼프 대중 위협 속 셧다운 해고 개시,https://news.einfomax.co.kr/news/articleView.html?idxno=4377954
2025-10-11,"CERT,INVEST,LAUNCH","[상보]미국증시, 중국과 무역협상 기대 사라져 나스닥-반도체 6개월 새...",https://www.socialvalue.kr/news/view/1065559302721387
2025-10-11,"INVEST,LAUNCH,REGUL","희토류 쇼크 재앙… 트럼프 ""관세 폭탄""에 뉴욕 증시 '블랙 프라이데이...",https://www.pinpointnews.co.kr/news/articleView.html?idxno=383813
2025-10-11,"INVEST,LAUNCH,REGUL","[속보] 비트코인 이더리움 리플 돌연 급락 ""트럼프 분노"" ... 뉴욕증시 암...",https://www.g-enews.com/view.php?ud=20251011060228449906806b77b_1
2025-10-11,"CERT,LAUNCH,REGUL",미중 관세전쟁 우려에 뉴욕증시 급락[뉴욕 is],https://news.mtn.co.kr/news-detail/2025101106062627343
2025-10-11,INVEST,"트럼프 대중 관세 인상 예고에 뉴욕 증시 급락...나스닥·S&P 500, 4월 이후...",https://www.ytn.co.kr/_ln/0104_202510110608019522
2025-10-11,"INVEST,LAUNCH",[주간증시전망] 반도체가 코스피 상승 지지…에브리싱 랠리는 경계,https://www.ajunews.com/view/20251010152524167
2025-10-11,"INVEST,REGUL",[주간금융] 코스피 사상 첫 3600···금 선물 4000달러 돌파,https://www.smartfn.co.kr/news/articleView.html?idxno=122253
2025-10-11,"CERT,LAUNCH","[속보] 트럼프- 시진핑 ""희토류 정면 충돌"" 뉴욕증시 비트코인 와르르 ...",https://www.g-enews.com/view.php?ud=202510110550104830906806b77b_1
2025-10-12,LAUNCH,"[현장] 예술이 일상이 되는 순간, 대전 서구 아트페스티벌",https://www.goodmorningcc.com/news/articleView.html?idxno=431797
2025-10-12,LAUNCH,손가락에 끼우면  AR  조작... 日 ' AR  반지' 공개,https://www.etnews.com/20251010000218
2025-10-11,PARTNERSHIP,"[Biz&Law] 'S펜' 협력 관계에서 적으로…삼성전자, 美 특허침해 피소",http://www.seoulwire.com/news/articleView.html?idxno=674508
2025-10-11,INVEST,제주 풍경 보며 중력 레이싱…F1 열기보다 뜨거운 테마파크 어디 [비크...,https://www.joongang.co.kr/article/25372990
2025-10-11,INVEST,골프보다 쉽고 걷기보다 재밌다… 파크골프 열풍의 배경,https://www.betanews.net/article/view/beta202510110006
2025-10-11,LAUNCH,[화보]사진으로 본 전남교육 이모저모,https://www.news1.kr/local/gwangju-jeonnam/5937432
2025-10-10,INVEST,"의정부시, '아이가 행복한 도시' 조성 급피치",https://www.asiatoday.co.kr/view.php?key=20251010010001886
2025-10-10,"LAUNCH,PARTNERSHIP,REGUL","한국그린데이터, FIX 2025 참가... 'GreenOS' 기반 AI 에너지 관리 및 탄...",https://kr.aving.net/news/articleView.html?idxno=1804812
2025-10-10,"INVEST,LAUNCH","엠디에이, FIX 2025서 시각 AI 기반 디지털 헬스케어 솔루션 'i-Mirror' 소...",https://kr.aving.net/news/articleView.html?idxno=1804811
2025-10-10,INVEST,"[기획] 의정부시, '실내·실외 놀이 공간 활용' 아동의 놀 권리 보장",https://www.newspim.com/news/view/20251010000749
2025-10-10,"LAUNCH,PARTNERSHIP","아임시스템, FIX 2025서 혈관중재시술용 의료로봇 선보인다... ""의료 환경...",https://kr.aving.net/news/articleView.html?idxno=1804810
2025-10-10,INVEST,"[기획] 김동근 시장 ""아동이 행복하게 뛰노는 도시, 의정부가 함께 만들...",https://www.kmaeil.com/news/articleView.html?idxno=612520
2025-10-10,PARTNERSHIP,"전남대-농업박물관, 호남 농경문화 보존·계승 맞손",https://www.yna.co.kr/view/AKR20251010102600054?input=1195m
2025-10-10,REGUL,"처음 배우는 한글·영어·수학, 유아 학습지 엘리하이 키즈로 놀이처럼...",https://www.lecturernews.com/news/articleView.html?idxno=188052
2025-10-10,INVEST,"""핸드폰 내려놓고 숲과 놀이터 가요""…아이들 놀 권리 확산하는 의정부...",https://www.sedaily.com/NewsView/2GZ4IA7N3P
2025-10-10,INVEST,"AI·자율주행까지 확장… 재영솔루텍, 정밀 구동의 새 길 연다",https://www.pinpointnews.co.kr/news/articleView.html?idxno=383724
2025-10-10,"CERT,LAUNCH,PARTNERSHIP,REGUL","루트랩, FIX 2025서 디지털 제품 여권 플랫폼·디지털 배지 솔루션 소개...",https://kr.aving.net/news/articleView.html?idxno=1804808
2025-10-10,LAUNCH,2025 동아시아 문화도시 국제워크숍 대구서 15일 개최,https://www.hankyung.com/article/202510101229h
2025-10-10,LAUNCH,인간에게 제7의 감각이 있다면? [건강한겨레],https://www.hani.co.kr/arti/hanihealth/pharm/1222686.html
2025-10-10,LAUNCH,"대구시-대구문화예술진흥원, '2025 동아시아 문화도시 국제워크숍' 개최",https://www.sisamagazine.co.kr/news/articleView.html?idxno=518942
2025-10-10,"LAUNCH,PARTNERSHIP","빅태블릿, FIX 2025서 VCM 기반 실시간 영상 분석 솔루션 알린다... ""실용...",https://kr.aving.net/news/articleView.html?idxno=1804807
2025-10-10,INVEST,"[기획] 의정부시, 아동의 놀 권리 보장... 도심 속 놀이터, 안전‧접근성...",http://www.paxetv.com/news/articleView.html?idxno=248503
2025-10-10,INVEST,"[지자체 이슈] 의정부시, 아동이 행복하게 뛰노는 도시 만든다!",http://www.queen.co.kr/news/articleView.html?idxno=443633
2025-10-10,"INVEST,LAUNCH","사페레아우데, FIX 2025서 AI 기반 문서 자동화 솔루션 'DocsHunt(독스헌트...",https://kr.aving.net/news/articleView.html?idxno=1804806
2025-10-10,PARTNERSHIP,"[UP! START] 올림플래닛, 일본 'XR·메타버스 엑스포' 참가",https://www.nbntv.co.kr/news/articleView.html?idxno=4010545
2025-10-10,INVEST,"김동근 시장 ""아동이 행복하게 뛰노는 도시, 의정부가 함께 만들겠다""",https://view.asiae.co.kr/article/2025101012370044665
2025-10-10,LAUNCH,한·일·중 3국 문화교류의 해’ 기념 2025 동아시아 문화도시 국제워크...,https://weekly.cnbnews.com/news/article.html?no=192386
2025-10-10,LAUNCH,"포켓몬 고, 16일부터 닷새간 포켓몬 레전즈 Z-A 출시 기념 이벤트 진행",https://www.fomos.kr/redirect/news_view?news_cate_id=2&entry_id=147893
2025-10-10,"CERT,INVEST,LAUNCH,REGUL",VR·빅데이터·챗봇으로 진화하는 베트남 다낭의 스마트 관광,http://dream.kotra.or.kr/kotranews/cms/news/actionKotraBoardDetail.do?SITE_NO=3&MENU_ID=80&CONTENTS_NO=2&bbsGbn=242&bbsSn=242&pNttSn=234970
2025-10-10,INVEST,"의정부시, 아동의 놀 권리 보장 위한 실내‧실외 놀이 공간 확충나서",https://www.dailian.co.kr/news/view/1558165/?sc=Naver
2025-10-10,PARTNERSHIP,"[경복대학교 소식] 경복대학교 반려동물보건학과-㈜세아메디칼, 취업보...",https://www.ilyoseoul.co.kr/news/articleView.html?idxno=508093
2025-10-10,"CERT,INVEST,LAUNCH,PARTNERSHIP","파미티, FIX 2025서 'FIRA 하드웨어' 및 카메라 기반 3차원 매핑 솔루션...",https://kr.aving.net/news/articleView.html?idxno=1804803
2025-10-10,INVEST,"[지역이 경쟁력이다] 의정부시,아동 놀 권리 보장된 '아동친화도시' 구...",https://www.joongangenews.com/news/articleView.html?idxno=456196
2025-10-10,INVEST,"의정부시, 아동의 놀 권리 보장 위한 실내·실외 놀이 공간 활용",http://www.enewstoday.co.kr/news/articleView.html?idxno=2338297
2025-10-10,"CERT,INVEST,LAUNCH",고가 장비 교체 없이 AI 구현…'제로 하드웨어' 확산,https://zdnet.co.kr/view/?no=20251010110710
2025-10-10,INVEST,"[기획] 의정부시, 아동의 놀 권리 보장 위한…아이들이 행복해야 도시가...",https://www.dnews.co.kr/uhtml/view.jsp?idxno=202510101020173490219
2025-10-10,LAUNCH,'한·일·중 3국 문화교류의 해' 기념 '2025 동아시아 문화도시 국제워크...,https://www.imaeil.com/page/view/2025101010395021187
2025-10-10,LAUNCH,화웨이 '와이파이7 어드밴스드' 기술 발표…10Gbps·보안 강화,https://www.digitaltoday.co.kr/news/articleView.html?idxno=596177
2025-10-10,LAUNCH,"대한한의진단학회, 2025 하계학술대회 톺아보기 - <2>",https://akomnews.com/bbs/board.php?bo_table=news&wr_id=64735
2025-10-10,LAUNCH,"日 엘베 업체 ""AI로 인력 절반 축소""…일자리 위협 vs 인력난 해소",https://www.newsis.com/view/NISX20251010_0003357449
2025-10-10,PARTNERSHIP,"전남대-농업박물관, 농경문화 보존/계승 맞손",http://www.veritas-a.com/news/articleView.html?idxno=576081
2025-10-07,REGUL,"항공에서 원자력까지… 고위험 산업 안전·효율, 디지털 전환이 돌파구",http://www.engjournal.co.kr/news/articleView.html?idxno=3449
2025-10-10,LAUNCH,"유니티, 게임 제작 넘어 산업계 디지털 트윈 혁신 이끈다",https://www.dnews.co.kr/uhtml/view.jsp?idxno=202510091232559220151
2025-10-10,"CERT,LAUNCH,REGUL","AI·IoT·섬유컴퓨터…패션테크, 차세대 스마트폰 자리 노린다",http://www.ktnews.com/news/articleView.html?idxno=141519
2025-10-09,INVEST,레거시 전략으로 미래 선점…'포스트 APEC' 시대 연다,https://www.kyongbuk.co.kr/news/articleView.html?idxno=4053717
2025-10-09,"INVEST,LAUNCH,REGUL","인텔 ""팬서레이크 와이파이7, 더 빠르고 더 멀리 갈 것""",https://zdnet.co.kr/view/?no=20251009231421
2025-10-09,"INVEST,LAUNCH,REGUL","[일상 속 디자인 기행] 한국문화예술위원회, 내년 613억 진흥기금 지원...",https://www.idaegu.co.kr/news/articleView.html?idxno=525921
2025-10-09,INVEST,"김경숙 경북도의원 ""종교문화유산 산업화로 관광객 유치""",https://www.idaegu.co.kr/news/articleView.html?idxno=525882
2025-10-09,"INVEST,REGUL",의료 본고장 美에 도전장…‘AI 닥터’ 앞세운 K스타트업,https://www.mk.co.kr/article/11434788
2025-10-09,"INVEST,LAUNCH,ORDER","효성, 글로벌 AI·데이터센터 전력 수요 급증…'초고압직류송전' 기술 국...",https://www.hankyung.com/article/2025100990521
2025-10-09,"CERT,INVEST,PARTNERSHIP,REGUL",매일 2500명이 시술받는 나라... 멕시코 미용 의료기기 시장,https://weeklytrade.co.kr/news/view.html?section=1&category=136&item=&no=96840
2025-10-09,"INVEST,REGUL",손끝에서 시선으로 웨어러블이 바꾸는 미래의 인터페이스,https://www.inews365.com/news/article.html?no=888918
2025-10-09,"INVEST,LAUNCH,ORDER,PARTNERSHIP",AI·NFC·XR로 확장되는 팬덤 산업 혁신 나선 바이브존 [서울AI허브 2026],https://it.chosun.com/news/articleView.html?idxno=2023092148594
2025-10-09,"CERT,INVEST,LAUNCH,PARTNERSHIP","과기부, K-블록체인 기업 일본·중동 진출 지원 '잰걸음'",https://www.newsworks.co.kr/news/articleView.html?idxno=813852
2025-10-09,PARTNERSHIP,"전남대-농업박물관, 농경문화 보존·계승 맞손",https://dhnews.co.kr/news/view/1065577711749511
2025-10-09,PARTNERSHIP,부산 SW‧AI교육거점센터 AI 교육 메카로 인기,https://www.news1.kr/local/busan-gyeongnam/5936099
2025-10-09,"INVEST,PARTNERSHIP,REGUL",[조용우 칼럼] 동부산 오시리아 관광단지 이대로는 안된다,https://www.sisamagazine.co.kr/news/articleView.html?idxno=518885
2025-10-09,LAUNCH,동일고무벨트 동래공장서 17일부터 한원석 작가 전시회,https://www.yna.co.kr/view/AKR20251002127000051?input=1195m
2025-10-09,"INVEST,LAUNCH,ORDER","'메타 주도' 스마트글라스 시장 급성장, 스마트폰 대체 본격화?",https://www.theguru.co.kr/news/article.html?no=92637
2025-10-08,REGUL,"순천만국가정원, 추석 연휴 속 300만 돌파…자연과 사람, ‘모두가 행복...",https://www.geconomy.co.kr/news/article.html?no=308045
2025-10-08,"INVEST,REGUL","가을동화 속 ""정원, 정원"" 추석 연휴 흥행 축포…귀성 대신 추캉스, 30만...",https://www.sedaily.com/NewsView/2GZ3LL9YZI
2025-10-08,"CERT,INVEST","경북교육청, 'K-EDU EXPO' 경주서 개막",http://www.sisafocus.co.kr/news/articleView.html?idxno=348004
2025-10-08,CERT,혼잡도 알림·자율주행셔틀… 인천공항 ‘디지털 대전환’ 성과,http://www.fnnews.com/news/202510081801566084
2025-10-08,"LAUNCH,PARTNERSHIP","LG전자, 완성차 10곳 중 8곳과 거래…SDV 사업 확대 본격화",https://www.g-enews.com/view.php?ud=202510080915169348e8350d33db_1
2025-10-08,"INVEST,LAUNCH","가상자산·IT 서비스까지… 비트맥스, 기술·사업 다각화 박차",https://www.pinpointnews.co.kr/news/articleView.html?idxno=383316
2025-10-08,"LAUNCH,PARTNERSHIP",미 뷰티 시장의 새로운 패러다임 ‘뷰티 테크’,https://weeklytrade.co.kr/news/view.html?section=1&category=136&item=&no=96833
2025-10-08,"LAUNCH,PARTNERSHIP","LG전자, 10대 완성차 중 8곳 고객사로 확보",http://www.ftoday.co.kr/news/articleView.html?idxno=348813
2025-10-08,"LAUNCH,PARTNERSHIP",완성차 10곳 중 8곳은 LG전자 고객,http://www.smedaily.co.kr/news/articleView.html?idxno=340056
2025-10-08,LAUNCH,"[AI TECH+ 2025] 전남도립대, '전기차 고전압 장치 정비 교육  AR  실감형 콘...",https://www.etnews.com/20251003000087
2025-10-08,LAUNCH,통신사 경쟁·신제품 효과…삼성 모바일 3Q 영업익 3조 넘을듯,https://www.dailian.co.kr/news/view/1555970/?sc=Naver
2025-10-08,INVEST,건설업 취업 기피…“외국처럼 건설종합체험관 신설해야”,https://www.dailian.co.kr/news/view/1556991/?sc=Naver
2025-10-08,"LAUNCH,REGUL","[분석②] NC AI 전략, 'AI 시대의 기반' 구축하는 기술과 철학",http://www.popcornnews.net/news/articleView.html?idxno=96765
2025-10-08,"CERT,LAUNCH",차원 다른 3D그래픽·위조 불가 광학지문...판 뒤집을 K-신기술,https://www.mt.co.kr/tech/2025/10/08/2025100117305035030
2025-10-08,"LAUNCH,PARTNERSHIP","LG전자, 10대 완성차 중 8곳 고객사로 확보…SDV 역량 확대",https://www.yna.co.kr/view/AKR20251002134700003?input=1195m
2025-10-07,INVEST,"박경림, 16세 '원석' 발굴에 흥분 ""중2 아이유 처음 만났을 때 느낌""[우...",https://www.starnewskorea.com/broadcast-show/2025/10/07/2025100720155729151
2025-10-07,LAUNCH,[에디토리얼] 역사도시와 건축 실험,https://vmspace.com/report/report_view.html?base_seq=MzU2OQ==
2025-10-07,INVEST,"""경북 종교문화유산, 세계적 관광산업으로 육성해야""…김경숙 경북도의...",https://www.imaeil.com/page/view/2025100713573577405
2025-10-07,"LAUNCH,ORDER","에릭슨, 에어버스 공장에 프라이빗 5G 확대",https://zdnet.co.kr/view/?no=20251007111031
2025-10-07,"INVEST,LAUNCH",G아티언스 2025 커넥팅위크 '테크아트 스타트업 오디션' 열려,http://www.womentimes.co.kr/news/articleView.html?idxno=91263
2025-10-06,"INVEST,LAUNCH,PARTNERSHIP",AI가 자동차 만들고 로봇이 돌봄까지..딜로이트가 분석한 핵심 트렌드는...,https://www.dailycar.co.kr/content/news.html?type=view&autoId=59358
2025-10-06,LAUNCH,"메타 주도 스마트글라스 시장, 삼성·애플 '디스플레이 없는' 안경 출격...",https://www.theguru.co.kr/news/article.html?no=92539
2025-10-05,LAUNCH,"경기도, 찾아가는 ‘전문놀이지도사’로 아동 놀이 문화 혁신",https://www.ksmnews.co.kr/news/view.php?idx=567699
2025-10-05,INVEST,[로봇의 미래를 묻다] 산업 현장에 스며든 디지털트윈…유니티가 여는 ...,https://www.bloter.net/news/articleView.html?idxno=645105
2025-10-05,"INVEST,LAUNCH","‘추석 특선 영화’ 보는 티브이는 옛말…인공지능, 가상현실에 콘텐츠...",https://www.hani.co.kr/arti/economy/economy_general/1222288.html
2025-10-05,"INVEST,LAUNCH","""중동으로 간다""…韓 기업, 두바이 'GITEX 2025' 대거 참가",https://www.greened.kr/news/articleView.html?idxno=331860
2025-10-05,LAUNCH,"놀이 상담 놀이코칭… 경기도, 전문놀이지도사 발대식 개최",https://www.lecturernews.com/news/articleView.html?idxno=188253
2025-10-05,INVEST,"F1 영화에 빠져나오지 못한 팬들이 모이는 곳, 9.81파크 제주",https://www.mk.co.kr/article/11436354
2025-10-09,LAUNCH,"""멍 때리면 버스 놓칩니다""…에어팟 프로3 써보니",https://www.newsis.com/view/NISX20250929_0003348894
2025-10-01,INVEST,"인터플렉스, 베트남 생산기지 확충… 글로벌 FPCB 시장 공략 박차",https://www.pinpointnews.co.kr/news/articleView.html?idxno=382163
2025-09-29,INVEST,"대신증권 ""LG디스플레이, 빠른 수익성 개선⋯3분기 영업익 컨센서스 상...",https://www.etoday.co.kr/news/view/2511133
2025-09-26,LAUNCH,갤럭시S23 사용자가 Z플립7로 바꿔야할 2가지 결정적인 이유,https://www.betanews.net/article/view/beta202509260083
2025-09-26,"INVEST,LAUNCH","BOE 충칭 B12 공장,  LTPO  전환 50% 달성",http://www.thelec.kr/news/articleView.html?idxno=41419
2025-09-26,LAUNCH,스냅드래곤 8 엘리트 5세대 최초 탑재 '샤오미 17 프로' 시리즈 출시,https://kbench.com/?q=node/271768
2025-09-26,"INVEST,LAUNCH,ORDER","AP시스템, 中 비전옥스 OLED 라인에 단독 장비 공급",https://zdnet.co.kr/view/?no=20250926093654
2025-09-25,"INVEST,LAUNCH,ORDER","AP시스템, 비전옥스 8.6G용 ELA 장비 공급",http://www.thelec.kr/news/articleView.html?idxno=41378
2025-09-25,"INVEST,LAUNCH,ORDER","AP시스템, 中 비전옥스에 OLED 장비 공급 단독계약 체결",https://www.hankyung.com/article/202509257854i
2025-09-25,"INVEST,ORDER","AP시스템, 中 비전옥스 8.6세대 라인 수주 확보…ELA 단독 공급",https://www.ddaily.co.kr/page/view/2025092514220709783
2025-09-25,"INVEST,ORDER","AP시스템, 中 비전옥스 '8세대 OLED 허페이 V5 라인 장비' 공급계약 체결",https://www.newspim.com/news/view/20250925000534
2025-09-25,"CERT,INVEST,ORDER","中 BOE, 삼성디스플레이 OLED 8.6세대 따라잡을까",https://www.newstopkorea.com/news/articleView.html?idxno=30754
2025-09-24,"INVEST,LAUNCH","LGD, 애플워치 OLED 패널 독점…협력 관계 강화",https://dealsite.co.kr/articles/148630
2025-09-23,"INVEST,LAUNCH","""땡큐 아이폰17""…아이폰 출시에 삼성·LG 부품사 3분기 실적 ‘맑음’",http://www.g-enews.com/ko-kr/news/article/news_all/2025092315213045356ed0c62d49_1/article.html
2025-09-23,"INVEST,REGUL","""K-디스플레이, 특별법 제정 시급…OLED도 위태롭다""",https://www.pointdaily.co.kr/news/articleView.html?idxno=271333
2025-09-23,"INVEST,LAUNCH","“아이폰17 팬심 통했다”…LGD, 3년 만 적자탈출 하나",https://www.sentv.co.kr/article/view/sentv202509230062
2025-09-23,LAUNCH,아이폰17 흥행 기대감…LG이노텍 등 부품주 '들썩',https://www.widedaily.com/news/articleView.html?idxno=278819
2025-09-23,"LAUNCH,PARTNERSHIP","[초점] 아이폰 심장에 새겨진 'SAMSUNG'…숙명의 경쟁자, 공생의 파트너",http://www.g-enews.com/ko-kr/news/article/news_all/202509231034321455fbbec65dfb_1/article.html
2025-09-22,"INVEST,LAUNCH",아이폰17 흥행 기대감에...삼성·LG 부품사들 실적 모멘텀 강화,http://www.metroseoul.co.kr/article/20250922500490
2025-09-22,LAUNCH,"""다이내믹 아일랜드 축소?"" 애플, 아이폰18 디자인·카메라·가격 등 예...",https://www.autodaily.co.kr/news/articleView.html?idxno=536722
2025-09-22,LAUNCH,"아이폰18, 이렇게 나온다…더 작은 다이내믹 아일랜드·폴더블까지",https://www.digitaltoday.co.kr/news/articleView.html?idxno=593360
2025-09-22,"LAUNCH,ORDER",디스플레이업계 모처럼 웃는다아이폰17 흥행에 수혜 본격화,http://www.smedaily.co.kr/news/articleView.html?idxno=338587
2025-09-22,LAUNCH,"화웨이, 노바 14 시리즈 글로벌 출시 개시…유럽 시장 진출",https://kbench.com/?q=node/271555
2025-09-21,LAUNCH,[리뷰] 아이폰17 프로 맥스 여성에게도 '맥스'일까···무게·그립·발열...,https://www.womaneconomy.co.kr/news/articleView.html?idxno=241972
2025-09-19,"CERT,LAUNCH","""삼성 기술 베꼈는데 쓴다고?""...애플이 BOE를 놓지 않는 이유",https://www.newspim.com/news/view/20250919000822
2025-09-19,LAUNCH,아이폰17 본격 출시…삼성·LG 부품사들 '흥행' 기대감↑,http://www.edaily.co.kr/news/newspath.asp?newsid=03519446642301760
2025-09-19,"CERT,LAUNCH",아이폰 17 뚫은 BOE…관건은 3세대  LTPO,https://dealsite.co.kr/articles/148343
2025-09-19,LAUNCH,누가 더 ‘실속’ 챙길까…삼성 vs 애플 ‘하반기 폰 전쟁’,https://www.joongang.co.kr/article/25368114
2025-09-18,LAUNCH,‘프로급’ 일반형 vs 보급형 아닌 실속형…하반기 삼성 vs 애플 폰 격돌,https://www.joongang.co.kr/article/25368031
2025-09-17,"INVEST,LAUNCH","아이폰17 효과, 깊어지는 한국 OLED '을의 굴레'",http://www.enewstoday.co.kr/news/articleView.html?idxno=2330408
2025-09-17,LAUNCH,아이폰17 '예상 밖 돌풍'···韓 부품업계 '호재',https://www.seoulfn.com/news/articleView.html?idxno=607243
2025-09-17,INVEST,"LG디스플레이, JDI 떠난 '애플워치 OLED' 독식 기대감",https://daily.hankooki.com/news/articleView.html?idxno=1272295
2025-09-17,"INVEST,LAUNCH","LG디스플레이, OLED 대반격…주가 재평가 본격화",https://www.news2day.co.kr/article/20250916500253
2025-09-17,"INVEST,LAUNCH","현대차증권 ""LG디스플레이, 실적 개선세 유지 예상..목표가↑""",http://kpenews.com/View.aspx?No=3784675
2025-09-17,LAUNCH,아이폰17 심상찮은 사전예약 흥행…국내 부품사 기대감 커진다,https://www.news1.kr/industry/general-industry/5914192
2025-09-16,INVEST,"""LG디스플레이, 하반기 대규모 턴어라운드 시현 전망"" -현대차증권",http://www.biztribune.co.kr/news/articleView.html?idxno=340176
2025-09-16,"INVEST,LAUNCH","[N2 특징주] ""지금이 기회""…LG디스플레이, 하반기 대규모 턴어라운드 전...",https://www.news2day.co.kr/article/20250916500102
2025-09-16,"INVEST,LAUNCH","[클릭 e종목]""LG디스플레이, 하반기 대규모 턴어라운드 기대…목표가↑...",https://view.asiae.co.kr/article/2025091608392084178
2025-09-15,"INVEST,LAUNCH,ORDER,PARTNERSHIP","[K전자 큰손 애플] ""中 무섭게 오르네""…LGD, '골든타임' 1년뿐",https://www.newstopkorea.com/news/articleView.html?idxno=30521
2025-09-13,"INVEST,LAUNCH","中 추격에도 반등···LG이노텍, 애플 의존 벗고 체질 개선",http://www.enewstoday.co.kr/news/articleView.html?idxno=2328911
2025-09-13,"CERT,LAUNCH,REGUL",애플워치 '시리즈 11'·'울트라 3' 공개... 달라진 점은?,https://www.ggilbo.com/news/articleView.html?idxno=1112200
2025-09-13,LAUNCH,"""핸드폰에 헤드셋까지""…삼성디스플레이 실적 기대감",https://www.newsis.com/view/NISX20250912_0003327090
2025-09-11,LAUNCH,아이폰17 일부 내주고 '폴더블 독점' 노린다…삼성디스플레이 공급망 재...,https://www.ddaily.co.kr/page/view/2025091115591297867
2025-09-11,LAUNCH,"'샤오미 16' 공식 발표 앞서 주요 사양 유출…7,000mAh 대용량 배터리 탑...",https://kbench.com/?q=node/271263
2025-09-11,LAUNCH,모바일만큼 뜨겁다…삼성 vs 애플 '스마트워치' 경쟁도 후끈,https://news.tf.co.kr/read/economy/2242742.htm
2025-09-11,LAUNCH,"'아이폰17' 호재 속 韓 부품사들, 中 업체와 경쟁 심화",https://www.widedaily.com/news/articleView.html?idxno=277733
2025-09-11,LAUNCH,"""아이폰17 가격 맞아?"" 애플의 반전…국내 부품주, 웃을까 울까",http://news.mt.co.kr/mtview.php?no=2025091016242146075
2025-09-10,"INVEST,LAUNCH,PARTNERSHIP,REGUL","[DD퇴근길] ""아이폰17부터 에어팟 프로3까지""…애플, AI 생태계 정조준",https://www.ddaily.co.kr/page/view/2025091016594668860
2025-09-10,LAUNCH,아이폰17 프로 패널 진입한 中 'BOE'…삼성D·LGD 중장기 압박 이어지나...,https://www.ddaily.co.kr/page/view/2025091016315623552
2025-09-10,"LAUNCH,REGUL","애플, 기능 강화된 '애플워치 울트라 3' 최초 공개. '위성 통신 기능·고...",https://www.autodaily.co.kr/news/articleView.html?idxno=536151
2025-09-10,LAUNCH,"애플, 신형 애플워치 시리즈 3종 공개.. 최초 5G 셀룰러 연결 지원",https://kbench.com/?q=node/271185
2025-09-10,"CERT,LAUNCH,REGUL","""내 수면 점수 알려준다""…헬스케어 강화된 애플워치 울트라3·애플워치...",https://www.widedaily.com/news/articleView.html?idxno=277588
2025-09-10,"INVEST,LAUNCH",아이폰 17을 이해하는 두 가지 키워드 '플래토와 알루미늄',https://www.bizhankook.com/bk/article/30302
2025-09-10,LAUNCH,"드디어 애플워치 신제품 공개…전작 대비 '이 기능', 더욱 좋아졌다",https://www.wikitree.co.kr/articles/1079791
2025-09-10,"INVEST,LAUNCH",'초슬림 아이폰' 공개했는데…'주가가 왜 이래' 탄식만 [분석+],https://www.hankyung.com/article/2025091038086
2025-09-10,"INVEST,LAUNCH",기능 끌어 올리고 건강도 챙긴 '에어팟 프로3'와 '애플 워치' 라인업 발...,http://game.dailyesports.com/view.php?ud=20250910092620180621ad998911_26
2025-09-10,LAUNCH,"애플, 아이폰17·애플워치·에어팟 등 신제품 대거 공개",https://www.jnilbo.com/news/articleView.html?idxno=90000004773
2025-09-10,"CERT,LAUNCH",애플워치 신제품 3종 발표…혈압 감지·위성 연결·5G 지원,https://www.digitaltoday.co.kr/news/articleView.html?idxno=590773
2025-09-10,"LAUNCH,REGUL","애플, 애플 워치 시리즈 11·울트라 3 공개…배터리·수면 관리 UP",https://www.dailian.co.kr/news/view/1546706/?sc=Naver
2025-09-10,LAUNCH,'에어팟3·애플워치 울트라3' 19일 출시...가격 내리고 스펙 올렸다,https://www.gukjenews.com/news/articleView.html?idxno=3372459
2025-09-10,LAUNCH,"""고혈압 걱정되는데 한번 사볼까?""…애플워치11·울트라3, 수면 관리까지...",https://www.sedaily.com/NewsView/2GXUIDP13J
2025-09-10,LAUNCH,아이폰17 전기종 120Hz 지원...성능 향상은 미미,http://www.thelec.kr/news/articleView.html?idxno=40522
2025-09-10,LAUNCH,[애플 신제품 '25] '워치 울트라 3' AI 피트니스 코치 탑재..125만원,https://www.ebn.co.kr/news/articleView.html?idxno=1677982
2025-09-10,"LAUNCH,REGUL","애플, 3년 만에 '에어팟 프로' 신형 선보여…'애플워치 울트라3'도 첫선",https://www.newsworks.co.kr/news/articleView.html?idxno=810533
2025-09-10,LAUNCH,"[아이폰17] ""AI와 헬스케어의 결합""…애플, 신제품 라인업 공개",https://www.econovill.com/news/articleView.html?idxno=710723
2025-09-10,LAUNCH,"애플, 초슬림 '아이폰 에어' 첫선…팀 쿡 ""게임 체인저 될 것""",https://news.tf.co.kr/read/economy/2242138.htm
2025-09-10,"CERT,LAUNCH,REGUL",[종합] 아이폰17보다 빠른 5.6mm '아이폰 에어' + 자동 번역 '에어팟 프로...,https://www.inven.co.kr/webzine/news/?news=309301
2025-09-10,LAUNCH,"[글로벌 비즈 브리핑] 애플, 역대 가장 얇은 아이폰 '에어' 공개 外",https://biz.sbs.co.kr/article_hub/20000258457?division=NAVER
2025-09-10,"INVEST,LAUNCH",[아이폰17] 5G·AI·헬스 기능 강화…애플워치 11·울트라3·SE3 공개,https://www.econovill.com/news/articleView.html?idxno=710721
2025-09-10,LAUNCH,"애플, 애플워치 시리즈11·울트라3 공개…배터리·내구성 강화",https://it.chosun.com/news/articleView.html?idxno=2023092147185
2025-09-10,LAUNCH,"[종합] 애플, 아이폰17·에어·프로부터 에어팟·애플워치까지…AI 시대...",https://www.ddaily.co.kr/page/view/2025091003353348574
2025-09-10,LAUNCH,"[아이폰17 공개] 애플, ‘아이폰17’ 공개…카메라·디스플레이·AI 전방...",https://www.ddaily.co.kr/page/view/2025091003195131662
2025-09-10,"LAUNCH,REGUL",[아이폰17 공개] ‘애플워치 울트라3’… 위성 구조 요청부터 혈압 알림...,https://www.ddaily.co.kr/page/view/2025091002440941607
2025-09-10,LAUNCH,오늘(10일) 아이폰 17시리즈 공개... 예상 가격은?,https://www.ggilbo.com/news/articleView.html?idxno=1111906
2025-09-09,LAUNCH,"아이폰17, 10일 새벽 베일 벗는다",http://www.inews24.com/view/1885237
2025-09-09,LAUNCH,"베일 벗는 아이폰 17…삼성·LG 부품 계열사, 하반기 수혜 확대 기대",https://www.bloter.net/news/articleView.html?idxno=643648
2025-09-09,"INVEST,LAUNCH,PARTNERSHIP",아이폰17 출시에도 韓 부품사 전망은 '글쎄',https://www.newstopkorea.com/news/articleView.html?idxno=30378
2025-09-09,LAUNCH,베일 벗는 아이폰17…애플 신제품 8종 이렇게 나온다,https://www.widedaily.com/news/articleView.html?idxno=277459
2025-09-09,LAUNCH,"삼성, 스냅드래곤 기반 '갤럭시S24' 인도 출시 공식 발표",https://kbench.com/?q=node/271132
2025-09-09,LAUNCH,아이폰17 시리즈 공개시간·스펙·출시일·가격은?,https://www.etoday.co.kr/news/view/2504418
2025-09-08,"LAUNCH,REGUL",[DD퇴근길] 베일 벗는 '아이폰17'…초박형 모델 '에어'에 쏠리는 눈,https://www.ddaily.co.kr/page/view/2025090816524530489
2025-09-08,"CERT,INVEST","BOE, 아이폰17프로 OLED 출하량 200만~300만대",http://www.thelec.kr/news/articleView.html?idxno=40445
2025-09-08,LAUNCH,"아이폰17, 후면 카메라 바 탑재…디자인·성능 대대적 변화 예고",https://www.job-post.co.kr/news/articleView.html?idxno=175710
2025-09-08,INVEST,"""애플 잡아야 시장 선점""…IT용 OLED 패널, 삼성·LG 자존심 대결",http://www.m-i.kr/news/articleView.html?idxno=1279392
2025-09-08,"CERT,INVEST,LAUNCH","정철동 LGD 사장, 턴어라운드 증명한다",http://www.fntimes.com/html/view.php?ud=2025090812261196977de3572ddd_18
2025-09-08,LAUNCH,"아이폰17, 가격 동결 혹은 소폭 인상 전망",https://www.job-post.co.kr/news/articleView.html?idxno=175396
2025-09-08,LAUNCH,"아이폰 원조 외친 KT, 아이폰17 공개 하루 남기고… [MOVIEW]",https://www.ddaily.co.kr/page/view/2025090809382191016
2025-09-08,LAUNCH,아이폰17 시리즈 9일 공개…‘에어’ 첫 등장·에어팟 프로3 동반 출격 ...,https://www.ddaily.co.kr/page/view/2025090809290528847
2025-09-08,"LAUNCH,REGUL","[DD 주간브리핑] 애플, 아이폰17 시리즈 공개…오픈AI코리아 공식 출범",https://www.ddaily.co.kr/page/view/2025090517023013571
2025-09-05,INVEST,"""BOE, 아이폰17프로에 OLED 공급""",http://www.thelec.kr/news/articleView.html?idxno=40401
2025-09-05,LAUNCH,"삼성, 인도에서 스냅드래곤 기반 '갤럭시S24' 출시",https://kbench.com/?q=node/271073
2025-09-05,LAUNCH,"유비리서치 ""삼성·LGD, 中BOE 맹추격에도 기술 격차 여전""",https://daily.hankooki.com/news/articleView.html?idxno=1267285
2025-09-05,CERT,"""BOE, 아이폰17 OLED 공급 승인 임박···삼성D 물량 일부 가져갈 듯""",https://www.sisajournal-e.com/news/articleView.html?idxno=415007
2025-09-05,LAUNCH,아이폰17 공개 임박에 내년 폴더블까지…韓 부품사 웃는다,http://www.edaily.co.kr/news/newspath.asp?newsid=03565366642297168
2025-09-05,LAUNCH,아이폰17 시리즈 9일 공개…韓 부품 업체 수혜 전망,https://www.newsway.co.kr/news/view?ud=2025090513355526894
2025-09-05,LAUNCH,"이충훈 유비리서치 대표 ""韓 디스플레이 위기론은 오해…세트업체 경쟁...",https://www.epnc.co.kr/news/articleView.html?idxno=322008
2025-09-05,"INVEST,LAUNCH","스마트폰용 OLED 성장세 견조…""2028년 공급 부족 가능성""",https://zdnet.co.kr/view/?no=20250905121824
2025-09-05,LAUNCH,"화웨이, 2세대 3단 폴더블 스마트폰 '메이트 XTs' 출시.. 가격 351만원부...",https://kbench.com/?q=node/271050
2025-09-05,"INVEST,LAUNCH","LG디스플레이 흑자와 적자 왔다갔다, 정철동 수익성 중심 사업구조 개편...",https://www.businesspost.co.kr/BP?command=article_view&num=410602
2025-09-04,"INVEST,LAUNCH","애플, 아이폰17 시리즈 공개 임박…가격 인상 거의 없다",https://www.etnews.com/20250904000206
2025-09-04,"INVEST,LAUNCH",'아이폰17' 얼마일까…동결 혹은 소폭 인상 전망,https://www.widedaily.com/news/articleView.html?idxno=277031
2025-09-04,LAUNCH,"아이폰17 가격, 소폭 인상 또는 동결 전망…'에어' 모델 첫 등장",https://www.joongangenews.com/news/articleView.html?idxno=447826
2025-09-04,"INVEST,LAUNCH","아이폰17, 가격은 그대로·성능은 2배…'에어' 첫 등장에 기대감",http://www.newsian.co.kr/news/articleView.html?idxno=82015
2025-09-04,LAUNCH,"애플, 아이폰17 시리즈 다음주 공개…가격 동결·소폭 인상 전망",https://www.mydaily.co.kr/page/view/2025090408582627869
2025-09-04,LAUNCH,[아이폰17 뜯어보기] 초슬림 혁신에 숨은 힘…삼성·LG·SK가 키운다,https://www.dnews.co.kr/uhtml/view.jsp?idxno=202509031135230240150
2025-09-03,"CERT,INVEST,LAUNCH","[데일리픽]  아이폰17, 9월 9일 공개­…中 메이투안, AI 시장 출사표",https://www.digitaltoday.co.kr/news/articleView.html?idxno=589339
2025-09-03,LAUNCH,"AI 확산에 커지는 '전력 부담'…엣지 디바이스, OLED가 해법 될까",https://www.ddaily.co.kr/page/view/2025090316275839309
2025-09-03,LAUNCH,"격차 시계 째각째각…韓디스플레이, 中 따돌리기 바쁘다",https://www.straightnews.co.kr/news/articleView.html?idxno=280373
2025-09-03,LAUNCH,"애플워치, 시리즈 11·울트라 3 동반 출격 가능성…달라지는 점은?",https://www.cnet.co.kr/view/?no=20250903101845
2025-09-03,"INVEST,LAUNCH,PARTNERSHIP","""AI PC 확산 본격화""…삼성·LGD, 차세대 OLED로 열풍 탑승",https://daily.hankooki.com/news/articleView.html?idxno=1265473
2025-09-03,"CERT,INVEST,LAUNCH","전자부품 업계, '애플 폴더블폰 특수' 기대감",https://www.digitaltoday.co.kr/news/articleView.html?idxno=589088
2025-09-02,"INVEST,LAUNCH","아이폰17 패널 확 바뀐다…LGD, 흑자전환 시동",https://www.wowtv.co.kr/NewsCenter/News/Read?articleId=A202509020322&t=NNv
2025-09-02,"CERT,LAUNCH",아이폰17 에어 공개 D-7···가격은 아이폰16 플러스 수준,https://www.sisajournal-e.com/news/articleView.html?idxno=414911
2025-09-01,"LAUNCH,ORDER,REGUL","[EBN 오늘(1일) 이슈 종합] [손쉬운 이자장사] 5대 은행, 9년간 앉아서 ...",https://www.ebn.co.kr/news/articleView.html?idxno=1676783
2025-09-01,LAUNCH,"'아이폰17' 출시 임박…삼성·LG 부품사, 실적 반등 '신호탄'",https://www.ebn.co.kr/news/articleView.html?idxno=1676677
2025-08-30,LAUNCH,"다음 달 나오는 애플워치 울트라3, 기대되는 점은?",https://zdnet.co.kr/view/?no=20250829195131
2025-08-29,LAUNCH,"중국에 LCD 밀렸는데…K-디스플레이, OLED는 잡았다",http://www.newstomato.com/ReadNews.aspx?no=1273190&inflow=N
2025-08-29,LAUNCH,"삼성디스플레이, 폴더블 독점 공급에도 애플 점유율 하락",https://www.greened.kr/news/articleView.html?idxno=330472
2025-08-29,"LAUNCH,ORDER","""삼성D, 내년 아이폰 패널 공급 1위 유지…2위 LGD·3위 BOE 전망""",https://www.getnews.co.kr/news/articleView.html?idxno=838130
2025-08-29,LAUNCH,"中에 LCD 밀렸지만… 韓, 고부가 OLED선 점유율 격차 확대",https://www.donga.com/news/Economy/article/all/20250828/132277645/2
2025-08-28,LAUNCH,"순토, 레이스2·윙2 출시",https://zdnet.co.kr/view/?no=20250828223553
2025-08-28,LAUNCH,디스플레이 韓中전…고부가 OLED ‘66 대 34’로 앞섰다,https://www.donga.com/news/Economy/article/all/20250828/132274196/1
2025-08-28,LAUNCH,"아이폰용 OLED 패널, 韓·中 공급망 '견고' ....삼성디스플레이, 아이폰...",http://www.worktoday.co.kr/news/articleView.html?idxno=73347
2025-08-28,"LAUNCH,ORDER",아이폰17 OLED 패널 경쟁 격화…내년까지 삼성·LGD·BOE '3파전' [소부장...,https://www.ddaily.co.kr/page/view/2025082814552516110
2025-08-28,LAUNCH,"""삼성D, 아이폰17에 패널 7800만대 공급 전망…1위 유지할 듯""",http://www.inews24.com/view/1881142
2025-08-28,"LAUNCH,ORDER",내년 아이폰용 OLED 패널도 韓·中 공급망 '견고',https://zdnet.co.kr/view/?no=20250828135740
2025-08-28,LAUNCH,"한국 디스플레이, 3년만에 분기 매출 100억달러 재돌파",http://www.thelec.kr/news/articleView.html?idxno=39982
2025-08-28,LAUNCH,"삼성·LG부품사, ‘초슬림’ 아이폰으로 초격차 기술력 발휘",http://www.newstomato.com/ReadNews.aspx?no=1273039&inflow=N
2025-08-28,LAUNCH,"""삼성D, 아이폰 17시리즈에 7천800만대 패널 공급…1위 유지""",https://www.yna.co.kr/view/AKR20250828105800003?input=1195m
2025-08-28,LAUNCH,"프리미엄 스마트워치의 귀환…애플워치 울트라3, 꼭 알아야 할 변화",https://www.digitaltoday.co.kr/news/articleView.html?idxno=588091
2025-08-28,LAUNCH,"韓 디스플레이 1Q 매출 전년比 22%↑, 3년만 100억불 돌파",http://amenews.kr/news/view.php?idx=63631
2025-08-28,"LAUNCH,ORDER",아이폰17 대폭 업그레이드에 삼성 '긴장' LG '기대'… 표정 엇갈리는 까...,https://biz.newdaily.co.kr/site/data/html/2025/08/28/2025082800168.html
2025-08-28,LAUNCH,"초박형 혁신으로 돌아온 아이폰 17 에어, 기대와 우려 교차",https://www.daily365.news/2025/08/28/%ec%b4%88%eb%b0%95%ed%98%95-%ed%98%81%ec%8b%a0%ec%9c%bc%eb%a1%9c-%eb%8f%8c%ec%95%84%ec%98%a8-%ec%95%84%ec%9d%b4%ed%8f%b0-17-%ec%97%90%ec%96%b4-%ea%b8%b0%eb%8c%80%ec%99%80-%ec%9a%b0%eb%a0%a4-%ea%b5%90/
2025-08-28,LAUNCH,"한층 업그레이드한 순토 레이스, 윙2 출시",https://kbench.com/?q=node/270747
2025-08-28,LAUNCH,"가장 얇은 아이폰, 국내 부품업계 기술력 품었네",https://www.joongang.co.kr/article/25362212
2025-08-27,LAUNCH,"韓 디스플레이, 3년 만에 분기 매출 100억 달러 재달성",https://zdnet.co.kr/view/?no=20250827171454
2025-08-27,LAUNCH,"韓 디스플레이, 3년 만에 매출 100억불 고지 탈환",http://www.popcornnews.net/news/articleView.html?idxno=91761
2025-08-27,LAUNCH,"韓 디스플레이, 1분기 매출 3년만에 100억달러 재돌파",http://www.inews24.com/view/1880710
2025-08-27,LAUNCH,[분석] OLED로 100억 달러 재돌파한 韓 디스플레이…하반기 전망·과제는...,http://www.biztribune.co.kr/news/articleView.html?idxno=339169
2025-08-27,LAUNCH,"韓 디스플레이 분기매출, 3년 만에 100억달러 회복…OLED가 성장 견인",https://biz.heraldcorp.com/article/10563207?ref=naver
2025-08-27,LAUNCH,"韓 디스플레이, 1분기 매출 100억달러…""3년 만에 회복""",https://daily.hankooki.com/news/articleView.html?idxno=1263029
2025-08-27,LAUNCH,"韓 디스플레이, 3년 만 매출 100억 달러 돌파…AI·OLED가 견인",https://www.dailian.co.kr/news/view/1541194/?sc=Naver
2025-08-27,LAUNCH,"韓 디스플레이, 3년 만에 매출 '100억불' 찍었다",https://www.newsis.com/view/NISX20250827_0003305656
2025-08-27,LAUNCH,"韓 디스플레이, 3년 만에 매출 100억불 돌파…OLED 주도권 강화",https://www.asiatoday.co.kr/view.php?key=20250827010013718
2025-08-27,LAUNCH,"韓 디스플레이, 3년 만에 매출 100억 달러 재탈환",https://www.etoday.co.kr/news/view/2500715
2025-08-27,LAUNCH,"""땡큐, OLED""…韓 디스플레이, 1분기 매출 100억달러 돌파",http://www.edaily.co.kr/news/newspath.asp?newsid=03867126642271584
2025-08-27,"INVEST,LAUNCH","K-디스플레이, 3년 만에 매출 100억달러 회복",https://www.newspim.com/news/view/20250827000864
2025-08-27,"CERT,LAUNCH","韓 디스플레이, 올 1분기 매출 100억달러 돌파…전년比 22%↑",http://www.srtimes.kr/news/articleView.html?idxno=184502
2025-08-27,LAUNCH,"애플,아이폰 17 '에어' 초슬림 공략…삼성디스플레이·LG이노텍도 '단가...",http://www.seouleconews.com/news/articleView.html?idxno=85863
2025-08-27,"INVEST,LAUNCH",탠덤 OLED 기술력 굳히는 LGD…북미 고객사 확대 겨냥,https://dealsite.co.kr/articles/147085
2025-08-26,"INVEST,LAUNCH",[삼성D is] OLED 힘 싣기...하반기 '中 업체 퇴출·아이폰' 덕보나,https://www.bloter.net/news/articleView.html?idxno=642708
2025-08-22,LAUNCH,"""내구성 괜찮을까?"" 애플, 아이폰17 프로 충격 테스트 중 실물 추정 이미...",https://www.autodaily.co.kr/news/articleView.html?idxno=535338
2025-08-22,LAUNCH,"아너, ‘갤Z플립7 닮은꼴’ 매직 V 플립2 공개.. 샤오미도 ‘레드미 노트...",http://www.fnnews.com/news/202508220025398483
2025-08-21,LAUNCH,"아이폰17 프로, 낙하 충격 테스트 중 포착… 실물 추정 사진 유출",https://www.digitaltoday.co.kr/news/articleView.html?idxno=586571
2025-08-21,LAUNCH,"구글, 최신 폴더블폰 '픽셀 10 프로 폴드' 공식 발표.. 갤럭시Z 폴드7 정...",https://kbench.com/?q=node/270506
2025-08-19,INVEST,"LG디스플레이, 상반기 로열티 수익 급증…전년 실적 초과",http://www.srtimes.kr/news/articleView.html?idxno=183840
2025-08-19,"INVEST,LAUNCH","LG디스플레이, 노트북용  LTPO  기반 탠덤 OLED 기술력 'UP'",https://daily.hankooki.com/news/articleView.html?idxno=1259293
2025-08-18,INVEST,애플 OLED 공급망 재편…한국 디스플레이 주도권 장악할까,http://www.seouleconews.com/news/articleView.html?idxno=85658
2025-08-18,LAUNCH,"""애플워치 지금 사면 후회한다"" 9월 아이폰17 이어 '시리즈11·울트라3·...",https://www.autodaily.co.kr/news/articleView.html?idxno=535068
2025-08-17,INVEST,BOE 美 OLED 시장 퇴출 위기…삼성·LG '반사이익' 기대,https://it.chosun.com/news/articleView.html?idxno=2023092145828
2025-08-14,"CERT,INVEST,LAUNCH,ORDER,REGUL","디스플레이, 중국 제재 반사 이익 ...바이오, 미 생물보안법 수혜 [한양...",https://www.kyeonggi.com/article/20250814580161
2025-10-11,"INVEST,LAUNCH","익산 5개 홀로그램 기업, 두바이 ICT 박람회 참가",http://www.newstnt.com/news/articleView.html?idxno=541306
2025-10-11,LAUNCH,"디스플레이  중심 전문기업 새로닉스, 신사업 확장 속 장기 성장 기대",https://www.pinpointnews.co.kr/news/articleView.html?idxno=383911
2025-10-11,INVEST,"드림텍, 스마트폰·웨어러블 PBA 모듈  시장 서 입지 강화",https://www.pinpointnews.co.kr/news/articleView.html?idxno=383908
2025-10-10,"INVEST,LAUNCH","익산시, 홀로그램 기업 세계  시장  진출 지원",http://www.domin.co.kr/news/articleView.html?idxno=1531457
2025-10-11,LAUNCH,"'샤오미 17 효과' 샤오미, 중국서 아이폰 제치고 2주 연속 판매 1위",http://www.fnnews.com/news/202510111612108538
2025-10-11,INVEST,"주간 거래소 외국인, 삼성전자·두산에너빌리티·삼성전자우 '폭풍 매수...",https://www.pinpointnews.co.kr/news/articleView.html?idxno=383899
2025-10-11,"CERT,PARTNERSHIP","복합 문화공간서 뛰노는 ‘청소 로봇’...라이노스, 오락실에 ‘휠리’...",https://www.hellot.net/news/article.html?no=106118
2025-10-11,"INVEST,LAUNCH","주간 코스닥 외국인, 클로봇·원익홀딩스· 로보티즈 쓸어 담았다",https://www.pinpointnews.co.kr/news/articleView.html?idxno=383896
2025-10-11,INVEST,"이엠넷, AI 마케팅 혁신… 쿠키 없는 세상에 길을 열다",https://www.pinpointnews.co.kr/news/articleView.html?idxno=383892
2025-10-11,INVEST,"GST, 전방산업 성장과 맞물려 매출·기술력 동시에 잡는다",https://www.pinpointnews.co.kr/news/articleView.html?idxno=383862
2025-10-11,"INVEST,LAUNCH","반도체·전자 업계, 3분기 실적 '풍년' 맞이하나",https://www.econovill.com/news/articleView.html?idxno=714156
2025-10-11,LAUNCH,"“아우디, 렉서스, 볼보 딱 기다려”…BYD, 수입차 ‘톱4’ 경쟁 다크호...",https://biz.heraldcorp.com/article/10591118?ref=naver
2025-10-11,"INVEST,LAUNCH","""배당+안정성 다 잡았다""…KB금융, CET1 개선에 주가 리레이팅 기대",https://www.pinpointnews.co.kr/news/articleView.html?idxno=383837
2025-10-11,"CERT,INVEST,LAUNCH,REGUL","""이게 가능해?"" 세포까지 보이는 내시경·층간소음 해결하는 AI",https://www.mt.co.kr/tech/2025/10/11/2025100117433483302
2025-10-11,LAUNCH,[시승기] 동승자도 즐겁게… 2026년형 그랑 콜레오스,https://www.moneys.co.kr/article/2025101015531710457
2025-10-11,"CERT,INVEST,PARTNERSHIP","지능형로봇·인공지능(AI) 관련주, '껑충껑충' 클로봇·로보티즈·티로보...",http://www.finomy.com/news/articleView.html?idxno=240538
2025-10-10,"INVEST,LAUNCH,PARTNERSHIP","익산시, 'K-홀로그램' 중동 진출 박차…지텍스 글로벌서 공동관 운영",https://www.tokenpost.kr/news/tech/293166
2025-10-11,"INVEST,LAUNCH","티로보틱스, 장대양봉으로 반등세…소프트뱅크 M&A에 수급 집중",https://www.pointdaily.co.kr/news/articleView.html?idxno=273774
2025-10-10,"INVEST,ORDER","코스닥 외국인, JYP·에코프로·이오테크닉스·프로티나·큐리옥스 '왕성...",https://www.pinpointnews.co.kr/news/articleView.html?idxno=383796
2025-10-10,"INVEST,ORDER","거래소 외국인, 삼성전자·두산에너빌리티 '폭풍 매수'… SK하이닉스는...",https://www.pinpointnews.co.kr/news/articleView.html?idxno=383793
2025-10-10,INVEST,NAD Masters M10 V3,http://www.audioht.co.kr/news/articleView.html?idxno=19377
2025-10-10,"INVEST,LAUNCH,ORDER,PARTNERSHIP","로봇·산업용·협동로봇 관련주, '함박웃음' 원익홀딩스·클로봇·해성에...",http://www.finomy.com/news/articleView.html?idxno=240528
2025-10-10,"INVEST,LAUNCH,ORDER",[투자를IT다] 2025년 10월 2주차 IT기업 주요 소식과  시장  전망,https://it.donga.com/107681/
2025-10-10,"INVEST,LAUNCH,PARTNERSHIP","""클라우드·SW로 AI 열기 확산…中 로봇주도 유망"" [S머니+]",https://www.sedaily.com/NewsView/2GZ4IWN48H
2025-10-10,"CERT,INVEST,LAUNCH","[분석] 반도체 랠리 속 코스피 첫 3,600 돌파…외인 '삼성전자·두산에너...",https://www.topstarnews.net/news/articleView.html?idxno=15833312
2025-10-10,INVEST,"[증시 인사이트] 연휴 마친 코스피, 사상 처음 장중 3,600 돌파",https://biz.sbs.co.kr/article_hub/20000264426?division=NAVER
2025-10-10,"CERT,INVEST,ORDER",[종합] 반도체 강세 올라탄 코스피 3600선 위에서 마감…삼전·SK하닉↑,https://www.etoday.co.kr/news/view/2513708
2025-10-10,"CERT,LAUNCH","황금 연휴에도 뜨거운 랠리…코스피, 3600선 안착",https://view.asiae.co.kr/article/2025101016031909504
2025-10-10,"INVEST,LAUNCH","소프트뱅크, ABB 인수로 로봇산업 판 뒤집는다… 티로보틱스 '수혜주' 부...",https://www.pinpointnews.co.kr/news/articleView.html?idxno=383720
2025-10-10,"INVEST,LAUNCH","팸텍, AI·로봇 융합으로 스마트 제조 혁명 이끈다",https://www.pinpointnews.co.kr/news/articleView.html?idxno=383716
2025-10-10,"INVEST,LAUNCH","익산시, 홀로그램 기업 세계  시장  진출 지원....세계  시장  공략 본격",http://www.jeonmin.co.kr/news/articleView.html?idxno=426444
2025-10-10,"LAUNCH,ORDER","한솔테크닉스, 전자→소재→에너지로 확장… '미래형 포트폴리오' 완성",https://www.pinpointnews.co.kr/news/articleView.html?idxno=383681
2025-10-10,"INVEST,LAUNCH","한국을 넘어 세계로…익산시, 홀로그램 기업 해외 진출 지원",https://www.yna.co.kr/view/AKR20251010072900055?input=1195m
2025-10-10,LAUNCH,"시리 부활에 나선 애플, AI·iOS 혁신으로 14년 만의 반전 노린다",https://www.itworld.co.kr/article/4070589/시리-부활에-나선-애플-ai·ios-혁신으로-14년-만의-반전-노.html
2025-10-10,INVEST,"익산시, 홀로그램 11개사 '지텍스 글로벌' 참가 지원",https://www.newspim.com/news/view/20251010000432
2025-10-10,"CERT,INVEST,LAUNCH,REGUL",연 1000억 손실…15년째 수출 발목 잡힌 보톡스,https://biz.heraldcorp.com/article/10590913?ref=naver
2025-10-10,INVEST,"예상보다 빠른 사업 성장…필옵틱스, 실적 모멘텀 확보",https://www.pinpointnews.co.kr/news/articleView.html?idxno=383636
2025-10-10,"CERT,LAUNCH","명품 시계의 변신…태그호이어, 아이폰 최적화 스마트워치 공개",https://www.digitaltoday.co.kr/news/articleView.html?idxno=596191
2025-10-10,INVEST,"4분기 가동률 높아…삼성전기, 고부가가치 MLCC 중심 성장 지속",https://www.pinpointnews.co.kr/news/articleView.html?idxno=383624
2025-10-10,"INVEST,REGUL","""삼성전자·하이닉스 팔지 마라…어마어마한게 왔다""",https://www.nocutnews.co.kr/news/6410963?utm_source=naver&utm_medium=article&utm_campaign=20251010022009
2025-10-10,"CERT,INVEST,LAUNCH,ORDER","삼성전자, '우려' 끝 '기대' 시작…메모리 업사이클 수혜 본격화",https://www.thefairnews.co.kr/news/articleView.html?idxno=57684
2025-10-10,LAUNCH,대학생 리포트부터 직장인 업무까지 척척... 이것이 바로 '완성형 태블...,https://www.wikitree.co.kr/articles/1087015
2025-10-10,INVEST,"인세라솔루션, 중기부 '스케일업 팁스' 사업 선정…우주광통신 레이저 ...",https://www.etnews.com/20251010000046
2025-10-07,"INVEST,LAUNCH,PARTNERSHIP",GTX-A 효과 입증…수혜 단지 '운정 아이파크 시티' 프리미엄 기대감 고조,https://www.getnews.co.kr/news/articleView.html?idxno=843677
2025-10-10,"INVEST,LAUNCH,PARTNERSHIP",수 억원 ‘껑충’ 프리미엄 확실한 GTX-A 수혜 기대되는 ‘운정 아이파...,https://biz.heraldcorp.com/article/10590747?ref=naver
2025-10-10,INVEST,[종합] 삼전·SK하닉 나란히 신고가 뚫었다…코스피 사상 최고치 3600선도...,https://www.etoday.co.kr/news/view/2513564
2025-10-01,INVEST,가성비 좋아진 한국 증시…‘조·방·원’ 주전선수로 도약,https://magazine.hankyung.com/money/article/202509167036c
2025-10-10,LAUNCH,200만원대 ‘삼성 헤드셋’ 출격...XR 생태계 열까[모닝폰],http://www.edaily.co.kr/news/newspath.asp?newsid=02292726642331608
2025-10-10,"INVEST,LAUNCH,PARTNERSHIP","[이용웅 칼럼]9월 수출 최대치의 이면, 기회인가 경고인가",https://www.businessplus.kr/news/articleView.html?idxno=98867
2025-10-10,LAUNCH,"韓, 9월 수출 역대 최대...반도체·자동차 '쌍끌이'",https://www.newswhoplus.com/news/articleView.html?idxno=42642
2025-10-10,"INVEST,LAUNCH",[마켓 프리뷰] 3500선 돌파한 코스피…연휴 이후 강세 이어갈까?,https://biz.sbs.co.kr/article_hub/20000264276?division=NAVER
2025-10-10,"CERT,INVEST,LAUNCH,PARTNERSHIP","아이오트러스트, GITEX 2025서 지문인증 하드웨어 지갑 '디센트 D'CENT' 선...",https://kr.aving.net/news/articleView.html?idxno=1804790
2025-10-10,"CERT,INVEST","[10월의 만남] 최종석 라메디텍 대표 ""바늘 없는 혁신, 작은 레이저로 큰...",http://www.shinailbo.co.kr/news/articleView.html?idxno=2125988
2025-10-10,CERT,[10월의 만남-누구?] 라메디텍 최종석 대표,http://www.shinailbo.co.kr/news/articleView.html?idxno=2125938
2025-10-10,"INVEST,LAUNCH","더핑크퐁·노타 출격 준비, IPO 큰 장 선다",https://www.mt.co.kr/stock/2025/10/10/2025100919383289439
2025-10-10,LAUNCH,"[시승기] 퍼스트 클래스의 승차감, 아우디 A6 e-트론",http://www.rpm9.com/news/article.html?id=20251009090001
2025-10-09,LAUNCH,"인텔 ""팬서레이크, 성능·효율성 모두 잡은 차세대 플랫폼""",https://zdnet.co.kr/view/?no=20251009215923
2025-10-09,"INVEST,LAUNCH,ORDER",증시 10월 ‘불장’ 이어가나… 고환율·美관세 변수,https://www.segye.com/newsView/20251009508846?OutUrl=naver
2025-10-09,"CERT,INVEST,LAUNCH","LG, 미래 먹거리 'ABC' 산업 집중…2028년까지 50조 투자",https://www.hankyung.com/article/2025100990271
2025-10-08,LAUNCH,"[10월 커버스토리] ﻿두께와 성능, 플래토에서 그 해답 찾아낸 아이폰",https://www.ilovepc.co.kr/news/articleView.html?idxno=56139
2025-10-09,LAUNCH,"삼성전자, 10월 모바일 승부수…혁신 집약 '무한'·'트라이폴드' 줄줄이...",https://www.ajunews.com/view/20251009151535725
2025-10-09,"INVEST,LAUNCH,REGUL","손재권 대표 ""AI 쓰나미 결코 피할 수 없어…韓기업 절박함 가져야""",https://www.hankyung.com/article/2025100996051
2025-10-09,LAUNCH,전기차 완충 5분 시대? 中 지커 EV 세계에서 가장 빠른 충전,https://www.thedrive.co.kr/news/newsview.php?ncode=1065596680946035
2025-10-09,"CERT,INVEST,LAUNCH,PARTNERSHIP","“누워만 있어도 근육 생겨”…엠투웬티, 중주파 이불 개발",https://www.etnews.com/20251001000226
2025-10-09,INVEST,"""계면 하나로 승부 건다""…아이엘, 전고체 소형화의 숨은 주역",https://www.pinpointnews.co.kr/news/articleView.html?idxno=383428
2025-10-09,"LAUNCH,ORDER","삼성전자, 반도체 회복과 스마트폰 흥행으로 3분기 실적 '어닝 서프라이...",http://www.queen.co.kr/news/articleView.html?idxno=443585
2025-10-09,"CERT,INVEST,LAUNCH","중국, 희토류 '기술'까지 봉쇄…한국 88% 의존 비상",https://www.pointdaily.co.kr/news/articleView.html?idxno=273566
2025-10-09,"INVEST,REGUL",[이슈체크] 세계적 투자와 기술 흐름 포항으로 모인다…챗GPT 개발사 '오...,https://www.idaegu.com/news/articleView.html?idxno=649772
2025-10-09,INVEST,"정밀부품 기술력 기반, 덕우전자 신사업 투자로 미래 성장 강화",https://www.pinpointnews.co.kr/news/articleView.html?idxno=383388
2025-10-09,LAUNCH,헤리티지의 가치를 다채롭게 선보이다 - 지프 랭글러 '41 에디션[별별시...,https://www.sedaily.com/NewsView/2GZ41ITEQR
2025-10-09,LAUNCH,자동차 전시관부터 칠판까지…삼성·LG '사이니지'  시장  정조준,https://www.mt.co.kr/industry/2025/10/09/2025100213261537234
2025-10-09,LAUNCH,"추석 대목 노린다…삼성·애플·샤오미, '준프리미엄' 삼파전",https://www.newsway.co.kr/news/view?ud=2025092815252227276
2025-10-09,"INVEST,REGUL","폐기물에서 반도체 소재로…퓨릿, ESG와 기술력 두 토끼 잡았다",https://www.pinpointnews.co.kr/news/articleView.html?idxno=383367
2025-10-09,"INVEST,LAUNCH","코스피, 추석 연휴 이후에도 상승세 이어갈까",https://www.viva100.com/article/20251005500145
2025-10-09,"LAUNCH,ORDER","LG전자,  디스플레이  앞세워 북미 교통 인프라  시장  공략",https://www.dt.co.kr/article/12021887?ref=naver
2025-10-09,"INVEST,LAUNCH",[현장취재] 화합물반도체 생태계 양성 힘쓰는 DB하이텍,https://shindonga.donga.com/3/all/13/5883175/1
2025-10-09,"INVEST,LAUNCH",“동맹국 맞습니까?” 75년 우방의 배신에도 ‘9月 수출 선방’한 이유...,https://biz.heraldcorp.com/article/10589248?ref=naver
2025-10-09,"INVEST,LAUNCH,REGUL",추석연휴 이후 주식 시장  전망은?…코스피 급락 가능성 낮아,http://www.sisaon.co.kr/news/articleView.html?idxno=175983
2025-10-09,"INVEST,REGUL",中기업들 날아다니는데 뒷걸음치는 韓기업…곳곳 '경고등',https://www.mt.co.kr/industry/2025/10/09/2025100410284950334
2025-10-09,"LAUNCH,ORDER,REGUL",추석 이후 코스피 상승 전망… 기관·외국인 순매수 전환 예상,https://www.moneys.co.kr/article/2025092923182912284
2025-10-09,"INVEST,LAUNCH","""뚜루루 뚜뚜"" 상장 무대 오르는 아기상어...추석 이후 IPO 큰장 열린다",https://www.mt.co.kr/stock/2025/10/10/2025100208182023161
2025-10-09,"CERT,INVEST,LAUNCH",예열 마친 IPO  시장 …이달 수요예측 '풍년',http://www.popcornnews.net/news/articleView.html?idxno=96707
2025-10-09,"INVEST,LAUNCH","현대차 싼타페 부분변경 모델 조기 출시 준비, 호불호 갈리는 외관 바꿔...",https://www.businesspost.co.kr/BP?command=article_view&num=414798
2025-10-01,INVEST,"추석 연휴 이후엔 실적 장세… “여행·레저주 주목""",https://biz.chosun.com/stock/stock_general/2025/10/09/TVV777DUNBBRFK2NCNIRYXG2TY/?utm_source=naver&utm_medium=original&utm_campaign=biz
2025-10-09,"INVEST,LAUNCH",반도체 '3분기 어닝 서프라이즈' 기대...주가 더 오르나,https://www.newspim.com/news/view/20251001000647
2025-10-09,LAUNCH,"""스마트홈 대변혁 예고"" 애플, 신형 '애플TV 4K' 및 '홈팟 미니2' 출시한...",https://www.autodaily.co.kr/news/articleView.html?idxno=537449
2025-10-09,"INVEST,LAUNCH","[인더 드라이빙] BYD 씨라이언 7, 타고보니 ‘가격’보다 승차감에 놀라...",https://www.inthenews.co.kr/news/article.html?no=77844
2025-10-09,"INVEST,LAUNCH,ORDER,REGUL","연준 FOMC 의사록 ""금리인하 중대 차질"" 뉴욕증시 비트코인 ""셧다운 고용...",https://www.g-enews.com/view.php?ud=20250929190957228906806b77b_1
2025-10-08,INVEST,"韓석화, 독일 K-쇼 총출동…고부가가치로 유럽  시장  문 두드린다",https://www.g-enews.com/view.php?ud=2025100810385511027bdb7041ec_1
2025-10-08,"INVEST,LAUNCH","테슬라, 저가형 '모델Y·모델3' 공개…판매 부진 만회 나서",https://www.imaeil.com/page/view/2025100812061134746
2025-10-08,"CERT,INVEST,LAUNCH","한선엔지니어링, 'S-LOK' 기술력으로 산업별 맞춤 전략 강화",https://www.pinpointnews.co.kr/news/articleView.html?idxno=383306
2025-10-08,LAUNCH,주가 확 올랐다 한순간 푹… 역대급으로 반응 갈린다는 '신차',https://www.wikitree.co.kr/articles/1086840
2025-10-08,INVEST,"전해질 강자 천보, 전고체 배터리까지 노린다…차세대 기술 선도",https://www.pinpointnews.co.kr/news/articleView.html?idxno=383304
2025-10-08,INVEST,"프로텍, 반도체 장비 넘어 첨단 응용기술 기업으로 진화 중",https://www.pinpointnews.co.kr/news/articleView.html?idxno=383302
2025-10-08,INVEST,코스모신소재 전지부터 필름까지... 첨단소재 밸류체인 완성,https://www.pinpointnews.co.kr/news/articleView.html?idxno=383301
2025-10-08,"INVEST,ORDER","100% 자회사 품은 원익피앤이, 글로벌 전력장비 강자로 도약 예고",https://www.pinpointnews.co.kr/news/articleView.html?idxno=383298
2025-10-08,LAUNCH,"'선풍기 기업' 신일전자, 사업 다각화 총력",https://www.ajunews.com/view/20251002115619004
2025-10-08,LAUNCH,"테슬라, 신형 모델Y 공개… 가격 인하로 전기차  시장  재도약 노린다",https://www.gokorea.kr/news/articleView.html?idxno=842336
2025-10-08,"INVEST,LAUNCH","테슬라, '모델Y'와 '모델3' 저가형 공개… 가격 인하로  시장  반등 가능할...",https://www.gokorea.kr/news/articleView.html?idxno=842333
2025-10-08,LAUNCH,트럼프 보조금 폐지에 저가 전기차 출시…테슬라 주가 향방은 [김기혁의...,https://www.sedaily.com/NewsView/2GZ3KNLCLB
2025-10-08,LAUNCH,"테슬라, '모델Y' 저가 버전 전격 공개...판매 부진 만회 시도",http://www.newscape.co.kr/news/articleView.html?idxno=116462
2025-10-08,INVEST,반도체· 디스플레이  기술 中에 또 털렸다…연이은 기술 유출에 '골머리...,https://www.sedaily.com/NewsView/2GZ3L4IDII
2025-10-08,LAUNCH,"내연차보다 싸다, 테슬라 저가형 전기차 2종 발표",http://www.thelec.kr/news/articleView.html?idxno=41890
2025-10-08,LAUNCH,"애플, 신형 애플TV 4K 출시 임박…스마트홈 대변혁 예고",https://www.digitaltoday.co.kr/news/articleView.html?idxno=596021
2025-10-08,"INVEST,LAUNCH",테슬라 저가형 모델Y·모델3 공개… 시장  반응 '싸늘',https://www.sedaily.com/NewsView/2GZ3KFX318
2025-10-08,"LAUNCH,REGUL",[소버린 AI 생태계]⑰'피지컬 AI'도 소버린 확보한다,https://www.newsfreezone.co.kr/news/articleView.html?idxno=650780
2025-10-08,"INVEST,LAUNCH",연휴 뒤 '3분기 어닝시즌' 개막…증권가 주목한 종목은?,https://www.newsis.com/view/NISX20251002_0003354171
2025-10-08,"INVEST,LAUNCH","테슬라, '저렴한' 모델Y·모델3 새 버전 공개… 시장  반응 냉담",https://news.tvchosun.com/site/data/html_dir/2025/10/08/2025100890009.html
2025-10-08,LAUNCH,"700만원 싼 테슬라 '모델Y' 공개…""이럴 줄은"" 냉담한 반응",https://www.hankyung.com/article/2025100881387
2025-10-08,LAUNCH,"테슬라, 5000달러 인하 보급형 모델Y·모델3 공개",https://www.etoday.co.kr/news/view/2513297
2025-10-10,INVEST,"코스피 폭주하는데… ‘곱버스’ 베팅한 개미들, 1000억원대 평가 손실...",https://biz.chosun.com/stock/stock_general/2025/10/12/XRYJUSZECJCF5FGHPBKGKJN3H4/?utm_source=naver&utm_medium=original&utm_campaign=biz
2025-10-12,LAUNCH,"AI 가 바꾸는 맛과 경영…외식업계, 데이터·시스템 혁신 가속",https://www.kukinews.com/article/view/kuk202510100108
2025-10-10,INVEST,[주간증시전망] 반도체 랠리 계속될까… 삼성전자 실적에 달렸다,https://biz.chosun.com/stock/stock_general/2025/10/12/46JEGEM4XRGDBF4HJ3JJHK4UJM/?utm_source=naver&utm_medium=original&utm_campaign=biz
2025-10-12,LAUNCH,"G마켓, 알리와 합작 후 첫 할인행사 연다",http://www.edaily.co.kr/news/newspath.asp?newsid=01088966642332264
2025-10-12,LAUNCH,"지마켓, 11월 '빅스마일데이' 셀러 모집…""할인쿠폰 전액 지원""",https://www.apnews.kr/news/articleView.html?idxno=3040999
2025-10-12,"CERT,INVEST,LAUNCH",AI 와 함께하는 제조업 혁신 '레졸루션'이 열어간다 [서울 AI 허브 2026],https://it.chosun.com/news/articleView.html?idxno=2023092148592
2025-10-12,LAUNCH,"G마켓, ‘빅스마일데이’ 참여 셀러 모집…“할인쿠폰 전액 지원”",https://www.dailian.co.kr/news/view/1558204/?sc=Naver
2025-10-12,"INVEST,LAUNCH","'거품론' 우려 불구… 서학개미, 연휴기간 美  AI  관련주 폭풍 매수",https://it.chosun.com/news/articleView.html?idxno=2023092148690
2025-10-12,LAUNCH,"G마켓, '빅스마일데이' 참여 셀러 모집 ""할인쿠폰 전액 지원""",https://www.newsis.com/view/NISX20251010_0003358132
2025-10-12,INVEST,비트코인 왕창 사서 10년 묻을까? 전문가의 코인 투자법,https://www.joongang.co.kr/article/25373024
2025-10-12,LAUNCH,"G마켓, 11월 빅스마일데이 셀러 모집…“할인 쿠폰 전액 지원”",https://biz.heraldcorp.com/article/10591046?ref=naver
2025-10-12,LAUNCH,"G마켓·옥션, '11월 빅스마일데이' 셀러 모집 주요 내용은?",http://www.newsworker.co.kr/news/articleView.html?idxno=397755
2025-10-12,"CERT,ORDER","'기술 자립'으로 '기술 주권' 세우려 했는데…尹 정부, 'SMR 주도권' 美에...",https://www.sisajournal.com/news/articleView.html?idxno=348862
2025-10-12,"INVEST,REGUL",구글·애플 '불공정 거래' 또 도마 위…올해 국감서 핀셋 질의 나올까,https://www.dailian.co.kr/news/view/1558174/?sc=Naver
2025-10-12,LAUNCH,"셀러 부담금 '0'원 …G마켓, '빅스마일데이' 참여 셀러 모집",https://view.asiae.co.kr/article/2025101016331360909
2025-10-12,LAUNCH,"G마켓, '빅스마일데이' 참여 셀러 모집",https://www.newswhoplus.com/news/articleView.html?idxno=42763
2025-10-12,LAUNCH,"G마켓·옥션, 알리와 첫 '빅스마일데이'...참여 셀러 역대급 혜택",http://www.4th.kr/news/articleView.html?idxno=2097168
2025-10-12,LAUNCH,"""할인 쿠폰 전액 지원""…G마켓, '빅스마일데이' 참여 셀러 모집",https://www.youthdaily.co.kr/news/article.html?no=198453
2025-10-12,LAUNCH,"G마켓 '11월 빅스마일데이' 셀러 모집, 할인쿠폰 전액 지원",https://www.newspim.com/news/view/20251010000663
2025-10-12,LAUNCH,"G마켓, '빅스마일데이' 참여 셀러 모집…""할인쿠폰 전액 지원""",https://www.ddaily.co.kr/page/view/2025101016464044228
2025-10-12,LAUNCH,"G마켓, ‘빅스마일데이’ 참여 셀러 모집 “할인쿠폰 전액 지원”",http://theviewers.co.kr/View.aspx?No=3810125
2025-10-12,LAUNCH,"'신세계+알리' 첫 G마켓 '빅스마일데이' 셀러 모집 … ""할인쿠폰 전액 지...",https://biz.newdaily.co.kr/site/data/html/2025/10/10/2025101000238.html
2025-10-12,ORDER,신기록 눈앞에 둔 삼성전자…역대 최고가까지 2.4% 남았다,https://www.news1.kr/finance/market-exr/5937326
2025-10-12,INVEST,"해외 IB들 ""올해 대만 경제 5%대 고성장…한국은 1% 턱걸이""",https://www.yna.co.kr/view/AKR20251010138000002?input=1195m
2025-10-12,"CERT,LAUNCH,REGUL",앱으로 중고차 확인·클릭으로 동물병원 약 주문…규제샌드박스서 경기...,https://www.kyeonggi.com/article/20250930580027
2025-10-12,INVEST,"美·中 '실리콘 사막' 경쟁 심화… 美는 투자 급증, 中은 웨이퍼 자급률...",https://www.g-enews.com/view.php?ud=2025101116030524250c8c1c064d_1
2025-10-12,"INVEST,LAUNCH",'10만 전자' 가능할까?...14일 실적발표에 달렸다!,https://www.ytn.co.kr/_ln/0102_202510120514043807
2025-10-12,"CERT,ORDER,REGUL",中 희토류 수출 제한에 글로벌 반도체 공급망 ‘긴장’…美 추가관세 맞...,https://www.g-enews.com/view.php?ud=2025101121171516149a1f309431_1
2025-10-12,INVEST,“추석 동안 조용히 1조8000억 벌었다고요?”,https://www.segye.com/newsView/20251012500715?OutUrl=naver
2025-10-12,"CERT,INVEST","""반도체 슈퍼사이클, 12만전자 간다""... 삼성전자 불기둥 뿜을때, 개미만...",http://www.fnnews.com/news/202510111045425228
2025-10-12,LAUNCH,"[초점] 美연준 매파 보스틱 ""금리인하 고민""...물가 2.9% vs 실업률 4.3% ...",https://www.g-enews.com/view.php?ud=202510111641499069fbbec65dfb_1
2025-10-12,"INVEST,LAUNCH","[초점]  AI  데이터센터에 1조 달러 쏟아붓는 오픈 AI , 자금 조달·전력 수...",https://www.g-enews.com/view.php?ud=202510111639261249fbbec65dfb_1
2025-10-12,"CERT,REGUL","中, 퀄컴 반독점 조사 착수…美 기술산업 정조준",https://www.geconomy.co.kr/news/article.html?no=308129
2025-10-12,LAUNCH,"[초점] 노벨상 수상 경제학자들 "" AI  진짜 위협은 '그저 그런 자동화'""",https://www.g-enews.com/view.php?ud=20251011164919257fbbec65dfb_1
2025-10-12,"INVEST,LAUNCH",[초점] 미국 증시 강세장 3년 만에 85% 급등...4년차도 상승 전망,https://www.g-enews.com/view.php?ud=202510111637089148fbbec65dfb_1
2025-10-12,"CERT,REGUL","美 상원,  AI  반도체 해외 수출 제한...국내 우선공급 법안 추진",https://www.tokenpost.kr/news/policy/293534
2025-10-12,"INVEST,LAUNCH",'애플' 프롬프트  AI  인수 협상…스마트홈 플랫폼 경쟁력 강화 전망,https://www.topstarnews.net/news/articleView.html?idxno=15834286
2025-10-12,INVEST,"[초점] 챗GPT 오픈 AI , 1조 달러 투자 계획...엔비디아·AMD와 파격 거래",https://www.g-enews.com/view.php?ud=202510111628287187fbbec65dfb_1
2025-10-12,"INVEST,LAUNCH","“애플, 컴퓨터 비전 스타트업 프롬프트  AI  인수 임박”",https://news.kbs.co.kr/news/pc/view/view.do?ncd=8378370&ref=A
2025-10-12,"INVEST,LAUNCH","""애플, 컴퓨터 비전 스타트업 프롬프트  AI  인수 임박""",https://www.yna.co.kr/view/AKR20251012001600091?input=1195m
2025-10-12,"INVEST,LAUNCH,ORDER","심텍홀딩스, 10% 급등…전환사채·전환주식 공시 잇따라, 자회사 업황 기...",https://www.pointdaily.co.kr/news/articleView.html?idxno=273821
2025-10-12,"INVEST,LAUNCH",'하와이 바람 정복'…이제 LPGA 투어 루키된 황유민의 골프백[챔피언스...,http://starin.edaily.co.kr/news/newspath.asp?newsid=01079126642332264
2025-10-12,"INVEST,LAUNCH,ORDER,PARTNERSHIP","아! 손흥민, '포체티노 미국'에 밀려 32강서 패퇴…호날두의 마지막 월...",https://www.xportsnews.com/article/2063706
2025-10-12,INVEST,"[서학!스타] 아이온큐, 이탈리아 '코모레이크 2025'서 유럽 양자 리더십...",https://www.cbci.co.kr/news/articleView.html?idxno=535957
2025-10-12,"CERT,LAUNCH,ORDER,REGUL","원자력발전소 해체 관련주, '훨훨' 케이엔알시스템·우진·비에이치아이...",http://www.finomy.com/news/articleView.html?idxno=240545
2025-10-12,"INVEST,PARTNERSHIP,REGUL",'가계대출 제동' 속에 올해 남은 기간 은행 수익 전략은?,https://www.theguru.co.kr/news/article.html?no=92712
2025-10-12,"INVEST,LAUNCH","개편 실패 카카오톡, 오픈 AI  'GPT-5' 탑재로 여론 뒤집을까",https://news.tf.co.kr/read/economy/2250868.htm
2025-10-12,CERT,[알림] 연합뉴스 콘텐츠 저작권 고지,https://www.yna.co.kr/view/AKR20251012000100011?input=1195m
2025-10-12,PARTNERSHIP,[알림] 뉴스1 콘텐츠 저작권 고지,https://www.news1.kr/society/general-society/5937824
2025-10-11,INVEST,"[영상 / 포토] '2025영동세계국악엑스포' 성황리 폐막… '국악의 향기, ...",https://www.bzeronews.com/news/articleView.html?idxno=802595
2025-10-11,INVEST,"송경희 제3대 개인정보위 위원장 취임…“ AI  3대 강국, 개인정보 신뢰가...",https://byline.network/?p=9004111222580213
2025-10-11,"INVEST,LAUNCH,PARTNERSHIP","[서학!스타] 아이온큐, 두바이 'GITEX 글로벌 2025'서 양자 기술 상용화...",https://www.cbci.co.kr/news/articleView.html?idxno=535956
2025-10-11,LAUNCH,"억만장자들, “지하”에 숨는다",https://wemakenews.co.kr/news/view.php?no=23334
2025-10-11,"INVEST,LAUNCH",메뉴보고 예약하고 주차장까지… AI  브리핑과 만나서 더 똑똑해진 ‘이 ...,https://www.mk.co.kr/article/11439053
2025-10-11,PARTNERSHIP,"나주시, 인공지능으로 1인 가구 안부 지킨다",https://www.dailysportshankook.co.kr/news/articleView.html?idxno=416024
2025-10-11,"LAUNCH,REGUL",노벨평화상 발표 전 ‘이상 베팅’…마차도 수상에 정보 유출 의혹 확산,https://wemakenews.co.kr/news/view.php?no=23331
2025-10-11,CERT,"광명시, ' AI  행정 3개년' 착수… 12월 로드맵 확정",http://www.newstown.co.kr/news/articleView.html?idxno=658476
2025-10-11,INVEST,"여한구 통상교섭본부장 G20 철강 포럼 참석…""다자무역체제 복합 위기직...",http://www.econonews.co.kr/news/articleView.html?idxno=408511
2025-10-11,LAUNCH,"남사당 바우덕이 축제, '안성 문화장 페스타'로 문화도시 경쟁력 과시",http://www.newstown.co.kr/news/articleView.html?idxno=658454
2025-10-11,LAUNCH,30일간 세계와 함께한 감동의 국악 여정 성료,https://www.ngonews.kr/news/articleView.html?idxno=215759
2025-10-11,"INVEST,LAUNCH",트럼프 ‘대중 관세 폭탄’ 한마디에…대형 기술주 1100조원 증발,http://www.edaily.co.kr/news/newspath.asp?newsid=01505526642331936
2025-10-11,LAUNCH,"""빠른데 손가락 3g 압력 감지 섬세함까지""...인간 속도 따라잡은 휴머노...",https://www.insight.co.kr/news/523727
2025-10-11,"INVEST,LAUNCH","'2025 영동세계국악엑스포 성황리 폐막...영동, 국악문화도시로 발돋움",https://www.discoverynews.kr/news/articleView.html?idxno=1075242
2025-10-11,"CERT,INVEST,LAUNCH","블록체인 기반 신원 인증 트랜스크립츠, 1500만달러 투자 유치",https://www.digitaltoday.co.kr/news/articleView.html?idxno=596321
2025-10-11,"CERT,INVEST,LAUNCH,REGUL","중국 희토류 수출통제 강화...""반도체 장비 병목현상 해결""",https://www.asiatime.co.kr/article/20251011500026
2025-10-11,LAUNCH,"[영상] ""와, 이제는 소름돋을 지경""…인간 속도 똑같이 따라온 로봇 등...",https://www.sedaily.com/NewsView/2GZ4ZUX7D9
2025-10-11,INVEST,"갤럭시 디지털, 4억6000만달러 투자 유치…텍사스 비트코인 채굴장  AI  데...",https://www.digitaltoday.co.kr/news/articleView.html?idxno=596320
2025-10-12,INVEST,"""미국 증시, 2년 내 급락 온다""...월가 거장 강력 경고",https://www.pointdaily.co.kr/news/articleView.html?idxno=273814
2025-10-11,"CERT,LAUNCH","BBC ""기술 기업 억만장자들, AGI 종말 대비용 벙커 준비하는 듯""",https://www.aitimes.com/news/articleView.html?idxno=203080
2025-10-11,"CERT,LAUNCH,REGUL","""중국 희토류 통제, 반도체 장비 병목 해결 시사…칩 전쟁 새 국면""",https://daily.hankooki.com/news/articleView.html?idxno=1280677
2025-10-11,LAUNCH,트럼프 “중국에 100% 추가 관세…시진핑 만날 이유도 없어”,https://news.kbs.co.kr/news/pc/view/view.do?ncd=8378273&ref=A
2025-10-11,"INVEST,LAUNCH,REGUL","[찾아라! 성공 레시피]  AI  시대, 미래 인재 육성하는 성공 비법은?",http://www.yonhapnewstv.co.kr/MYH20251002152258uLT
2025-10-11,"INVEST,LAUNCH","‘영동세계국악엑스포’ 폐막… 국악의 본향, ‘국악문화도시 영동’으...",https://cc.newdaily.co.kr/site/data/html/2025/10/11/2025101100045.html
2025-10-11,"INVEST,LAUNCH,ORDER","中 희토류 통제, 반도체 병목 해소 자신감…'칩 전쟁' 새 국면 진입",https://www.abcn.kr/news/articleView.html?idxno=83417
2025-10-11,LAUNCH,한지의 날 맞아 함양군에서 전통한지의 역사와 가치 재조명,https://www.kukinews.com/article/view/kuk202510110021
2025-10-11,"INVEST,LAUNCH",[남악 포커스]단체장의 눈물,http://www.gjdream.com/news/articleView.html?idxno=662616
2025-10-11,"INVEST,LAUNCH",연휴 후 IPO 시장 순풍…인공지능 기업 노타 등 4개사 대규모 수요예측...,https://www.gokorea.kr/news/articleView.html?idxno=842620
2025-10-11,"INVEST,LAUNCH","""추석 연휴, 한국 투자자들의 미국 주식 매수 열풍… 1조8천억 원 돌파""",https://www.gokorea.kr/news/articleView.html?idxno=842621
2025-10-11,"CERT,LAUNCH,REGUL","""中 희토류 수출통제로 '칩 전쟁' 새 국면…반도체 병목 해소 시사""",https://view.asiae.co.kr/article/2025101120410023715
2025-10-11,LAUNCH,"마사회-건국대 협업 '스마트 실버 힐링승마', 스마트라이프위크 2025 시...",https://news.bbsi.co.kr/news/articleView.html?idxno=4050060
2025-10-11,LAUNCH,"""엔비디아 필요 없다"" 발칵…'중국  AI  이 정도' 깜짝 모습",https://news.sbs.co.kr/news/endPage.do?news_id=N1008287829&plink=ORI&cooper=NAVER
2025-10-12,"INVEST,LAUNCH,PARTNERSHIP",오픈 AI  효과에 뉴욕증시 '들썩'…파트너십 발표 후 관련주 일제히 급등,https://www.pointdaily.co.kr/news/articleView.html?idxno=273811
2025-10-11,"INVEST,LAUNCH",2025 '충북교육! 미래를 그리다'⑤…2025 공감·동행 충북교육박람회,https://www.nocutnews.co.kr/news/6411417?utm_source=naver&utm_medium=article&utm_campaign=20251011082124
2025-10-11,"CERT,LAUNCH,REGUL","""中 희토류 통제, 반도체장비 병목 해결 시사…칩 전쟁 새 국면""",https://www.yna.co.kr/view/AKR20251011040100009?input=1195m
2025-10-11,LAUNCH,"한국마사회, 스마트라이프위크 2025서 '건국 원헬스 스마트시티' 특별 전...",https://www.s-journal.co.kr/news/articleView.html?idxno=34376
2025-10-11,"CERT,INVEST,PARTNERSHIP","XRP, 강제청산에 시총 5위로 추락…마지막 희망은 ETF?",http://coinreaders.com/191816
2025-10-11,"CERT,INVEST","""이대로면 한국 직격탄""…최고가 행진 국내 증시도 불안",https://news.sbs.co.kr/news/endPage.do?news_id=N1008287821&plink=ORI&cooper=NAVER
2025-10-11,INVEST,'관세 전쟁 공포'에 美 시총 1천1백조 증발‥국내 증시는?,https://imnews.imbc.com/replay/2025/nwdesk/article/6764083_36799.html
2025-10-11,"INVEST,LAUNCH","[IT 소식 톺아보기- 10월 2주차] 에릭 슈미트,  AI  모델 해킹 가능성 경고...",https://www.m-economynews.com/news/article.html?no=60548
2025-10-11,"LAUNCH,REGUL","오픈 AI  ""GPT-5, 이전 모델보다 정치 편향 30% 줄여""",https://www.aitimes.com/news/articleView.html?idxno=203077
2025-10-11,"INVEST,LAUNCH","[투자튜브 ON] ⑨ 더 넓게 보고 더 멀리 달린 'TIGER ETF' 레이싱카, '1천...",http://www.hansbiz.co.kr/news/articleView.html?idxno=782302
2025-10-11,INVEST,"[따져보니] ""트렌디 소비자"" vs ""젊은 척하는 중년""…'영포티 논쟁' 이유...",https://news.tvchosun.com/site/data/html_dir/2025/10/11/2025101190141.html
2025-10-11,"CERT,INVEST","갤럭시디지털,  AI  데이터센터 전환 위해 6,394억 원 투자 유치…“세계...",https://www.tokenpost.kr/news/cryptocurrency/293469
2025-10-11,INVEST,영동국악엑스포 한달 대장정 마무리,http://www.cctimes.kr/news/articleView.html?idxno=869519
2025-10-11,INVEST,미중 갈등 고조에 뉴욕증시·가상자산 줄줄이 폭락…'패닉셀'에 출금 지...,https://news.tvchosun.com/site/data/html_dir/2025/10/11/2025101190127.html
2025-10-11,INVEST,"소프트뱅크, 오픈 AI  투자 위해 7조 대출 추진...누적 43조 투입",https://www.aitimes.com/news/articleView.html?idxno=203073
2025-10-11,LAUNCH,시간당 100명 죽는 '고독의 공포'…외로움 떨치는 의외의 방법,https://www.joongang.co.kr/article/25373007
2025-10-11,LAUNCH,"MS, 세계 최초 엔비디아 'GB300' 슈퍼컴퓨터 공개",https://www.aitimes.com/news/articleView.html?idxno=203076
2025-10-11,INVEST,"미·중 무역 갈등, 뉴욕 증시 '패닉'…빅테크 시총 '1,100조' 증발",https://news.jtbc.co.kr/article/NB12266208?influxDiv=NAVER
2025-10-11,"INVEST,LAUNCH","케이쓰리아이, 차세대 Physical  AI  솔루션으로 글로벌 경쟁력 강화",https://www.pinpointnews.co.kr/news/articleView.html?idxno=383914
2025-10-11,LAUNCH,"인도 타타, 미국의 비자 정책· AI  전환으로 사상 최대 2만명 해고",https://www.aitimes.com/news/articleView.html?idxno=203075
2025-10-11,"CERT,INVEST,REGUL","싸이버원, 정부 지정 보안관제 전문기업으로 시장 주도권 확보",https://www.pinpointnews.co.kr/news/articleView.html?idxno=383912
2025-10-11,LAUNCH,"루닛, 유럽종양학회서 '아테졸리주맙 병용요법'  AI  연구 발표",http://www.bizwnews.com/news/articleView.html?idxno=113094
2025-10-11,LAUNCH,"앤트 그룹, 1조 매개변수 '링-1T' 오픈 소스 공개..."":첨단 모델 모두 능...",https://www.aitimes.com/news/articleView.html?idxno=203078
2025-10-11,INVEST,“이재명 정권 퇴진하라” 10만 시민 외침… 광화문 국민대회 성황,https://www.christiantoday.co.kr/news/371182
2025-10-11,LAUNCH,"알테오젠, K-브랜드지수 제약·바이오 상장사 부문 1위",https://wemakenews.co.kr/news/view.php?no=23327
2025-10-11,LAUNCH,"레메디 로보틱스, 원격 조작 혈관 로봇 시술 성공",https://www.irobotnews.com/news/articleView.html?idxno=42741
2025-10-11,"CERT,LAUNCH","대만 '위안 하이테크', 엔비디아 젯슨 오린 탑재한  AI  플랫폼 공개",https://www.irobotnews.com/news/articleView.html?idxno=42745
2025-10-11,"LAUNCH,REGUL","트럼프 대통령, 중국에 추가 100% 관세 부과 위협",https://www.bbc.com/korean/articles/cgrqrnjgzg4o?xtor=AL-73-%5Bpartner%5D-%5Bnaver%5D-%5Bheadline%5D-%5Bkorean%5D-%5Bbizdev%5D-%5Bisapi%5D
2025-10-11,INVEST,영동국악엑스포 한달 대장정 마무리…106만명 유치 '흥행',https://www.yna.co.kr/view/AKR20251011035800064?input=1195m
2025-10-11,"INVEST,LAUNCH,PARTNERSHIP",이번 주 종합 베스트셀러 순위 [인포그래픽],http://www.sisunnews.co.kr/news/articleView.html?idxno=229907
2025-10-11,"LAUNCH,REGUL","김영록 지사, 지역 핵심 현안·정책과제 해결 위한 광폭 행보",http://www.newsworker.co.kr/news/articleView.html?idxno=397798
2025-10-11,REGUL,'영포티'는 박찬욱 영화 '어쩔수가없다' 어떻게 봤을까[이승환의 로키],https://www.news1.kr/society/general-society/5937761
2025-10-11,LAUNCH,"현대차 엑시언트 수소전기트럭, 美 타임지 ‘2025 최고의 발명품’ 선정",https://wemakenews.co.kr/news/view.php?no=23324
2025-10-11,INVEST,"커서, 기업가치 연초 12배로 급등...43조 평가로 투자 유치 중",https://www.aitimes.com/news/articleView.html?idxno=203079
2025-10-11,LAUNCH,"에브리봇, 욕실용 로봇 청소기 ‘B1’ 데뷔...“욕실 청소 해방 시대 개...",https://www.hellot.net/news/article.html?no=106121
2025-10-11,LAUNCH,"안성시, '2025 남사당 바우덕이 축제' 글로벌 문화교류의 장으로 흥행 이...",https://www.startuptoday.co.kr/news/articleView.html?idxno=521917
2025-10-10,PARTNERSHIP,[부고] 박성욱(BNK금융지주 그룹 AI 미래가치부문장)씨 모친상,https://www.tfmedia.co.kr/news/article.html?no=196350
2025-10-11,REGUL,[주은식 칼럼] 역사가 오늘의 한국사회에 던지는 경고,http://kor.theasian.asia/archives/393164
2025-10-11,LAUNCH,'문워크·오리걸음 척척’...국산 휴머노이드 로봇 하체 플랫폼 ‘눈길...,https://www.hellot.net/news/article.html?no=106120
2025-10-11,"LAUNCH,REGUL","경기도의회 홍원길 의원, 기후변화 대응 미래 농업 경쟁력 강화 방안 위...",https://www.ajunews.com/view/20251011162634438
2025-10-11,"CERT,LAUNCH","스레드, 비자 솔루션 피처스페이스와 손잡고 ‘원뷰(One View)’ 출시… ...",https://cwn.kr/article/1065594470540731
2025-10-11,"INVEST,LAUNCH","국내 대학 4곳, THE 세계대학 평가 100위권 진입…역대 최초",https://www.kgnews.co.kr/news/article.html?no=868446
2025-10-11,"CERT,LAUNCH,REGUL","中, 퀄컴 반독점 조사 착수…대미 압박 본격화",https://www.bloter.net/news/articleView.html?idxno=645365
2025-10-10,LAUNCH,"남원국제드론제전, 드론 레저스포츠 중심도시로의 비상",http://www.domin.co.kr/news/articleView.html?idxno=1531469
2025-10-10,INVEST,"""GST, 전방산업 환경 개선...실적 성장 가능성 풍부"" -iM證",http://www.fnnews.com/news/202510100854255779
2025-10-06,"CERT,LAUNCH","'역학조사' 기다리다 숨진 노동자들, 10명 중 7명이 '산재 인정'",https://www.labortoday.co.kr/news/articleView.html?idxno=230586
2025-10-05,REGUL,하이닉스 수억 성과급?…명절 표정 엇갈리는 대기업 직원들 “현대차도...,https://biz.heraldcorp.com/article/10589169?ref=naver
2025-10-05,"INVEST,LAUNCH,ORDER,PARTNERSHIP,REGUL","[주간브리핑] LG화학, LG엔솔 지분 2조원 규모 매각…메가커피 외식업종...",http://www.srtimes.kr/news/articleView.html?idxno=187179
2025-10-05,REGUL,860억 대가로 中에 반도체 기술 넘겼는데 보석으로 풀려…‘솜방망이’...,https://biz.heraldcorp.com/article/10588518?ref=naver
2025-10-04,INVEST,"AP시스템,  디스플레이 ·반도체 장비 성장으로 이익률 개선",https://www.pinpointnews.co.kr/news/articleView.html?idxno=382871
2025-10-04,INVEST,솜방망이 처벌에 무력한 반도체· 디스플레이  '기술 유출 방지',https://dealsite.co.kr/articles/149109
2025-10-04,LAUNCH,"게임업계, 황금연휴 특수 노린다…대규모 이벤트 마련",https://www.ziksir.com/news/articleView.html?idxno=107114
2025-10-03,"INVEST,LAUNCH","""SK하이닉스 노사 상생… 삼성  성과급 기준 불투명, 노동자 무시 증거""",http://www.lawleader.co.kr/news/articleView.html?idxno=17233
2025-10-03,LAUNCH,"삼성 ·SK, 반도체 인재 확보 경쟁…슈퍼 사이클 대응 차원",https://www.busan.com/view/busan/view.php?code=2025100309504935910
2025-10-03,REGUL,"[데스크칼럼] 망국으로 가는  삼성  기술유출 사태 , 연산군의 과오를 되...",http://www.opinionnews.co.kr/news/articleView.html?idxno=125299
2025-10-03,LAUNCH,"추신수 아내 하원미, 슈퍼카 대신 선택한 '5천만원 미니쿠퍼'의 매력",https://www.gpkorea.com/news/articleView.html?idxno=134573
2025-10-03,REGUL,“올추석 최장 10일 쉰다”…황금연휴 누리는 기업 어디?,http://www.edaily.co.kr/news/newspath.asp?newsid=01285766642329312
2025-10-02,INVEST,국가 핵심기술 무더기 유출?… 삼성  반도체 이어  디스플레이 도 타깃,http://www.joseilbo.com/news/news_read.php?uid=554124&class=1&grp=
2025-10-02,"INVEST,LAUNCH,REGUL","삼성 ·SK '스타게이트 투자금' 최소 40조…""CVC로는 어림 없어""",https://www.sedaily.com/NewsView/2GZ0TMFWWS
2025-10-02,"INVEST,LAUNCH","‘안전마진’ 기대되는 합리적인 랜드마크, ‘아산탕정 동일하이빌 파크...",https://www.dt.co.kr/article/12021566?ref=naver
2025-10-02,"INVEST,LAUNCH",안전마진 기대되는 합리적 랜드마크 '아산탕정 동일하이빌 파크레인' 수...,http://www.ikld.kr/news/articleView.html?idxno=321773
2025-10-02,LAUNCH,'핵심기술 中 유출 의혹'  삼성디스플레이 …경찰 압수수색,http://www.opinionnews.co.kr/news/articleView.html?idxno=125284
2025-10-02,INVEST,"경찰  삼성디스플레이  압수수색, 첨단기술 중국 유출 수사 착수",https://www.businesspost.co.kr/BP?command=article_view&num=414696
2025-10-02,LAUNCH,"2030 제조 최강국 목표...산업부, AI 팩토리 전략 회의 개최",https://www.hellot.net/news/article.html?no=106026
2025-10-02,LAUNCH,[연합뉴스 이 시각 헤드라인] - 14:30,https://www.yna.co.kr/view/AKR20251002113700011?input=1195m
2025-10-02,LAUNCH,"반도체 이어 ' 디스플레이 '까지··· 삼성 D, 中 기술 유출에 산업 비상",http://www.enewstoday.co.kr/news/articleView.html?idxno=2337430
2025-10-02,INVEST,D램에  디스플레이  기술까지 중국에… 삼성 D 기술 유출 의혹 경찰 압색,https://www.newsquest.co.kr/news/articleView.html?idxno=254210
2025-10-02,LAUNCH,삼성디스플레이  아산사업장 압수수색…일부 임직원의 첨단기술 중국 유...,http://www.fieldnews.kr/news/articleView.html?idxno=22123
2025-10-02,LAUNCH,"경찰,  삼성디스플레이  아산사업장 압수수색…첨단 기술 중국 유출 의혹",https://www.ebn.co.kr/news/articleView.html?idxno=1681245
2025-10-02,INVEST,[속보] 중국으로 줄줄 새는 한국 첨단기술… 삼성 디플 기술 유출 정황 경...,https://www.dt.co.kr/article/12021529?ref=naver
2025-10-02,CERT,"경찰,  삼성디스플레이  압수 수색…기술 유출 정황",https://www.cstimes.com/news/articleView.html?idxno=671032
2025-10-02,"INVEST,LAUNCH",""" 삼성 , 자회사 노동자 '2등' 취급…차별 중단하고 공정 성과급 실행하라...",http://www.lawleader.co.kr/news/articleView.html?idxno=17229
2025-10-02,"LAUNCH,REGUL","제조혁신, AI 팩토리가 이끈다",http://www.snmnews.com/news/articleView.html?idxno=558951
2025-10-02,"CERT,INVEST,ORDER","아이티켐, 美 생물보안법 통과 기대...열 폭주 잡을 핵심 소재 개발에도...",http://www.lkp.news/news/articleView.html?idxno=69964
2025-10-02,"LAUNCH,REGUL","라면 포장부터 함정 보수까지…제조업, AI로 새판 짠다",https://www.joongang.co.kr/article/25371629
2025-10-01,"LAUNCH,REGUL","산업부, ‘AI 팩토리 M.AX 얼라이언스’ 본격 가동",http://amenews.kr/news/view.php?idx=64103
2025-10-01,"INVEST,LAUNCH",'아산탕정 동일하이빌 파크레인' 1순위 청약 최고 141대1,http://www.enewstoday.co.kr/news/articleView.html?idxno=2337038
2025-10-01,LAUNCH,"산업부, AI 팩토리·휴머노이드 확산 '속도戰'…2030년까지 500개 선도사...",https://www.hankyung.com/article/202510011583i
2025-10-01,"LAUNCH,REGUL",제조혁신 이노베이션 AI 팩토리가 이끈다,https://www.irobotnews.com/news/articleView.html?idxno=42684
2025-10-01,"LAUNCH,REGUL",제조혁신 이끌 AI 팩토리 2030년까지 500개 만든다,https://zdnet.co.kr/view/?no=20251001173848
2025-10-01,INVEST,"유니셈, 티안마 TM18에 냉각기 26대 공급",http://www.thelec.kr/news/articleView.html?idxno=41695
2025-10-01,"LAUNCH,REGUL","반도체∙선박∙라면까지…정부 ""제조업 1위"" AI 팩토리 속도",https://www.joongang.co.kr/article/25371531
2025-10-01,LAUNCH,"SK하닉 '파격 합의'에 발끈?…  삼성  13개 노조, 성과급 제도 개편 촉구",https://www.thepublic.kr/news/articleView.html?idxno=278823
2025-10-01,"INVEST,LAUNCH","아산탕정 동일하이빌 파크레인, 1순위 청약 최고 141대 1 기록",https://www.donga.com/news/Economy/article/all/20251001/132504786/1
2025-10-12,"INVEST,LAUNCH","외국인, 삼성전자에 6000억 원 집중 매수…반도체·에너지株 관심 고조",https://www.pointdaily.co.kr/news/articleView.html?idxno=273822
2025-10-11,LAUNCH,의대 꺾이자 반도체 계약학과 ‘최상위 라인’ 부상 [임성호의 입시지계...,https://economist.co.kr/article/view/ecn202510010033
2025-10-11,"INVEST,LAUNCH,REGUL",연휴 끝난 재계 총수 다시 현장으로…관세·인사·APEC 과제 '산적',https://www.asiatime.co.kr/article/20251010500219
2025-10-11,"LAUNCH,PARTNERSHIP,REGUL","재계, 연휴 이후 인사·내년 사업계획 본격화...불확실성 대비",https://www.newspim.com/news/view/20251010000576
2025-10-10,INVEST,코스피 사상 첫 3600 돌파… ‘9만전자·42만닉스’ 반도체주 랠리,https://weekly.donga.com/3/all/11/5893651/1
2025-10-10,LAUNCH,의대에 몰아친 '여풍'... 의대 신입생 중 여학생 비율 4년 연속 상승세,https://www.insight.co.kr/news/523600
2025-10-10,CERT,정철동 사장이 주도하는  LG디스플레이  AX 혁신 성과 톡톡...OLED 공정서 2...,http://www.consumernews.co.kr/news/articleView.html?idxno=741730
2025-10-10,"CERT,INVEST","[52주] 최고가 79개, 신고가 49개... 코스피 강세",https://www.itooza.com/common/iview.php?no=2025101009340201160
2025-10-10,"INVEST,LAUNCH,PARTNERSHIP","[더벨]머티어리얼사이언스, 시리즈B 순항…110억 확보",https://www.thebell.co.kr/free/content/ArticleView.asp?key=202510021310384440106023
2025-10-10,"ORDER,REGUL",'가을 인사태풍' 애타는 사장들...올해 인사 키워드는 '4S',http://www.fnnews.com/news/202510092255083662
2025-10-10,"INVEST,LAUNCH","삼성전자 웃는데, 현대차 운다…엇갈린 3분기 실적 전망",https://www.joongang.co.kr/article/25372754
2025-10-09,LAUNCH,"‘기술과 사람’ LGD, 대한민국 SNS IT 제조 부문 대상",https://www.dt.co.kr/article/12022030?ref=naver
2025-10-09,"ORDER,REGUL",'더 빨라진 인사태풍' 애타는 사장들… 조직안정·책임경영에 방점,http://www.fnnews.com/news/202510091834117896
2025-10-08,LAUNCH,9월 코스피 기술주 역대 최고점 돌파…10월 '건전한 조정' 예고,https://www.gokorea.kr/news/articleView.html?idxno=842248
2025-10-08,"INVEST,LAUNCH","코스피 역대 최고치 경신 주역 테크주, 10월엔 잠시 쉬어가나",https://www.yna.co.kr/view/AKR20251001121100008?input=1195m
2025-10-08,"CERT,INVEST,ORDER,REGUL","GS건설 손자회사 자이C&A, 3년째 실적 내리막...그룹 의존도는 '여전'",https://www.newspim.com/news/view/20251001001059
2025-10-07,INVEST,시총 상위 상장사 '미성년자 주주' 79만명...평균 373만원,http://www.newsfc.co.kr/news/articleView.html?idxno=74232
2025-10-06,INVEST,국내 주요 상장사 미성년자 주주 1곳당 평균 8400명,https://news.tvchosun.com/site/data/html_dir/2025/10/06/2025100690140.html
2025-10-06,INVEST,"20세 미만 주주, 상위 상장사 1곳당 평균 8400명",https://www.sisajournal-e.com/news/articleView.html?idxno=415872
2025-10-06,"INVEST,LAUNCH,REGUL","국내 주요 상장사 미성년 주주, 93개 종목서 1.8조어치 보유",https://www.asiatime.co.kr/article/20251006500004
2025-10-06,INVEST,"시총 상위사 미성년 주주 78만명…""상속 및 교육 목적""",https://www.mediapen.com/news/view/1047749
2025-10-06,"INVEST,LAUNCH","""추석 용돈도 주식""...불어나는 리틀개미, 최선호는 '삼성전자'",http://www.metroseoul.co.kr/article/20251006500024
2025-10-06,INVEST,"국내 시총 상위 상장사 '미성년자 주주', 1곳당 평균 8천400여명",https://www.youthdaily.co.kr/news/article.html?no=198328
2025-10-06,LAUNCH,"""AI가 제조업 구세주""…재계, 업무 혁신에 'AI 필수'",https://www.newsis.com/view/NISX20250926_0003346123
2025-10-06,INVEST,국내 주요 상장사 미성년자 주주 1곳당 평균 8400명...삼성전자에만 39만...,https://www.econovill.com/news/articleView.html?idxno=713987
2025-10-06,"INVEST,LAUNCH",미성년 주주 1위 삼성전자…평균 보유금액 1위는?,https://www.ebn.co.kr/news/articleView.html?idxno=1681436
2025-10-06,"INVEST,LAUNCH","""미성년자 주주 78만명…삼성전자에만 39만명 투자""",https://www.kizmom.com/news/articleView.html?idxno=105158
2025-10-06,LAUNCH,"나노켐텍, 도전성 소재로 세계 시장 노린다… IT·NT 산업 핵심 부상",https://www.pinpointnews.co.kr/news/articleView.html?idxno=383043
2025-10-05,"INVEST,LAUNCH,REGUL",[AI리터러시㊲] AI를 악마의 변호인으로 활용하라,https://www.newsverse.kr/news/articleView.html?idxno=8589
2025-10-04,"INVEST,ORDER","KB증권, 10월 첫째주 HD현대 등 16종목 매수 추천",https://www.bigtanews.co.kr/article/view/big202510040001
2025-10-04,INVEST,"추석 연휴 역사, 1일에서 10일로···함께 이룬 76년 기적의 여정",http://www.hellodd.com/news/articleView.html?idxno=109447
2025-10-04,CERT,비상 걸린 경기도 산업현장...첨단 기술 유출 6배 이상 증가,https://www.kyeonggi.com/article/20251004580050
2025-10-03,INVEST,"IBK투자 "" LG디스플레이 , 3분기 흑자전환… OLED 유일한 대안 부각""",https://www.pinpointnews.co.kr/news/articleView.html?idxno=382806
2025-10-03,LAUNCH,"LG디스플레이 ,'2025 대한민국 SNS 대상' IT 제조부문 대상 수상",https://www.lcnews.co.kr/news/articleView.html?idxno=112844
2025-10-02,"INVEST,LAUNCH","현대백화점, 면세점 흑자전환·패션 반등…3분기 실적 '방긋",https://www.pinpointnews.co.kr/news/articleView.html?idxno=382723
2025-10-02,LAUNCH,"LG디스플레이 , '대한민국 SNS 대상' IT 제조 부문 대상 수상",http://www.metroseoul.co.kr/article/20251002500329
2025-10-02,LAUNCH,"LG디스플레이 , '대한민국 SNS 대상' IT 제조 부문 대상",https://www.pointdaily.co.kr/news/articleView.html?idxno=273240
2025-10-02,"INVEST,LAUNCH,ORDER",[브리프] LG전자  LG디스플레이  SKT 카카오 LIG넥스원 OCI 外,http://www.biztribune.co.kr/news/articleView.html?idxno=341250
2025-10-02,"CERT,LAUNCH,PARTNERSHIP","[재계 투데이] SK, 오픈AI와 메모리∙AI DC 초대형 합작 外",https://news.dealsitetv.com/articles/159976
2025-10-02,"CERT,LAUNCH,ORDER,PARTNERSHIP","[재계는 지금]  LG  스마트코티지, 세컨드하우스 시장 새바람 外",https://dealsite.co.kr/articles/149271
2025-10-02,"CERT,LAUNCH","SK하이닉스, 산학 우수특허 시상…“반도체 생태계 지속 가능성 높인다...",https://www.kukinews.com/article/view/kuk202510020136
2025-10-02,LAUNCH,"LG디스플레이 , '제15회 2025 대한민국 SNS 대상' IT 제조 부문 대상 수상",https://www.lcnews.co.kr/news/articleView.html?idxno=112811
2025-10-02,LAUNCH,"LG디스플레이 , '대한민국 SNS 대상' IT 제조부문 대상",http://www.ftoday.co.kr/news/articleView.html?idxno=348715
2025-10-02,"INVEST,LAUNCH","LG 전자, 3분기 실적 체력 확인… 하반기 주가 반등 기대",https://www.pinpointnews.co.kr/news/articleView.html?idxno=382599
2025-10-02,LAUNCH,"LGD, '2025 대한민국 SNS 대상'서 IT 제조 부문 수상",http://www.inews24.com/view/1893496
2025-10-02,"CERT,LAUNCH","LG디스플레이 ,'제15회 2025 대한민국 SNS 대상' IT 제조 부문 대상 '쾌거...",https://www.startuptoday.co.kr/news/articleView.html?idxno=520428
2025-10-02,"INVEST,LAUNCH,REGUL",빗썸의 ‘나스닥行 고려’…‘韓 거래소 美 경쟁’ 이뤄지나 [크립토브...,http://www.fnnews.com/news/202510021312421222
2025-10-02,"INVEST,REGUL","파주시의회 손성익 의원, ""시의 발전과 시민의 행복을 목표로 뚜벅뚜벅...",http://www.enewstoday.co.kr/news/articleView.html?idxno=2337398
2025-10-02,LAUNCH,"LG디스플레이 ,'제15회 2025 대한민국 SNS 대상' IT 제조 부문 수상",https://www.nextdaily.co.kr/news/articleView.html?idxno=243029
2025-10-02,"CERT,INVEST","PCB 기술 기반 유리기판 진출… 와이엠티, 고부가가치 사업 확대",https://www.pinpointnews.co.kr/news/articleView.html?idxno=382528
2025-10-02,"LAUNCH,REGUL","LGD, '대한민국 SNS 대상' IT 제조부문 대상 수상",http://www.sisafocus.co.kr/news/articleView.html?idxno=347822
2025-10-02,LAUNCH,"LG디스플레이 , '2025 대한민국 SNS 대상'서 IT제조 부문 대상",https://www.goodkyung.com/news/articleView.html?idxno=273854
2025-10-02,LAUNCH,"LG 디플, ‘대한민국 SNS 대상’ IT 제조 부문 수상",https://www.dt.co.kr/article/12021499?ref=naver
2025-10-02,LAUNCH,"LG디스플레이 ,'제15회 2025 대한민국 SNS 대상' IT 제조 부문 대상 수상",https://www.insightkorea.co.kr/news/articleView.html?idxno=233287
2025-10-02,LAUNCH,"LG디스플레이 , ‘대한민국 SNS 대상’ 수상",http://www.newstomato.com/ReadNews.aspx?no=1277014&inflow=N
2025-10-02,LAUNCH,"LG디스플레이 , ‘대한민국 SNS 대상’ IT 제조 부문 대상 수상",https://www.dailian.co.kr/news/view/1556839/?sc=Naver
2025-10-02,LAUNCH,"LG디스플레이 , '2025 대한민국 SNS 대상' IT 제조 부문 대상 수상",https://www.mtnews.net/news/articleView.html?idxno=22835
2025-10-02,"LAUNCH,ORDER,PARTNERSHIP","LG디스플레이 , '제15회 2025 대한민국 SNS 대상' IT 제조 부문 대상",https://zdnet.co.kr/view/?no=20251002095033
2025-10-02,"INVEST,LAUNCH","LG디스플레이  '2025 대한민국 SNS 대상' 수상, ""진정성 있는 고객 소통 결...",https://www.businesspost.co.kr/BP?command=article_view&num=414605
2025-10-02,INVEST,"[52주] 코스피 첫 3500 돌파...신고가 57개, 신저가 25개",https://www.itooza.com/common/iview.php?no=2025100209340108375
2025-10-02,LAUNCH,"LG디스플레이 ,‘2025 대한민국 SNS 대상’ IT 제조 부문 대상 영예",https://www.news2day.co.kr/article/20251002500034
2025-10-02,LAUNCH,"LG디스플레이 , ‘대한민국 SNS 대상’ IT 제조 대상",https://biz.heraldcorp.com/article/10588286?ref=naver
2025-10-02,"LAUNCH,REGUL","LGD, '대한민국 SNS 대상' IT제조부문 대상 수상",http://www.edaily.co.kr/news/newspath.asp?newsid=02745366642328984
2025-10-12,"LAUNCH,REGUL","원스토어, 빅테크 규제 의존 끝… 자생력 한계 드러나 [토종 앱마켓 험...",https://it.chosun.com/news/articleView.html?idxno=2023092147857
2025-10-12,LAUNCH,[팩트체크] ‘애사비’ 체중 감소에 확실히 효과가 있나?,https://radio.ytn.co.kr/program/?f=2&id=105299&s_mcd=0211&s_hcd=09
2025-10-12,LAUNCH,[팩트체크] '애사비' 체중 감소에 확실히 효과가 있나?,https://www.ytn.co.kr/_ln/0103_202510120235244682
2025-10-12,INVEST,천안시 복지재단 주도의 3분기 후원 활동 활성화,http://www.ccnnews.co.kr/news/articleView.html?idxno=387715
2025-10-12,LAUNCH,"펄어비스, 글로벌 기대작 '붉은 사막' 출시일 발표…""sop 공개는 이례적...",https://www.pinpointnews.co.kr/news/articleView.html?idxno=383742
2025-10-11,LAUNCH,"갤럭시S26 울트라, 오렌지 색상 나올까",https://zdnet.co.kr/view/?no=20251011072202
2025-10-12,"INVEST,LAUNCH",트럼프 발언에 증시 직격탄…빅테크 시총 1100조 증발,https://www.pointdaily.co.kr/news/articleView.html?idxno=273815
2025-10-11,LAUNCH,빅테크 시총 '美·中 긴장 고조'에 하루새 1100조원 증발,https://www.getnews.co.kr/news/articleView.html?idxno=843976
2025-10-11,"INVEST,LAUNCH","미국 뉴욕증시, 미중 무역 분쟁 불안감에 대폭락… 나스닥 3.6% 하락 주도",https://www.gokorea.kr/news/articleView.html?idxno=842628
2025-10-11,"INVEST,LAUNCH,REGUL",트럼프 관세 발언에 뉴욕증시 충격… 주요 지수 급락으로 투자 심리 냉...,https://www.gokorea.kr/news/articleView.html?idxno=842626
2025-10-11,INVEST,"""미중 무역 전쟁 불똥… 엔비디아·테슬라 등 주요 기술주 하락세""",https://www.gokorea.kr/news/articleView.html?idxno=842623
2025-10-11,LAUNCH,미중 무역 갈등에 흔들린 뉴욕 증시…엔비디아·테슬라 등 기술주 시가...,https://www.gokorea.kr/news/articleView.html?idxno=842619
2025-10-11,LAUNCH,"엔비디아 4.85%↓·테슬라 5.06%↓하락…빅테크 시총, 미·중 긴장에 110...",https://www.munhwa.com/article/11538525?ref=naver
2025-10-11,"INVEST,LAUNCH",LG전자 또 일냈다…20만원 안 되는데 프리미엄 기준 제시한 이어폰은,https://www.mk.co.kr/article/11438993
2025-10-11,LAUNCH,"갤럭시S26, 정말 아이폰17 같은 오렌지색으로 나오나?",https://www.betanews.net/article/view/beta202510110014
2025-10-11,LAUNCH,"제주신라호텔, 커플을 위한 '풀사이드 바 페어링 메뉴' 출시",http://www.bizwnews.com/news/articleView.html?idxno=113313
2025-10-11,LAUNCH,놀랍다 삼성... 갤럭시S26 프로에 퀄컴 아닌 삼성 CPU 내장 확인,https://www.betanews.net/article/view/beta202510110013
2025-10-11,"CERT,LAUNCH","중국 희토류 수출 통제에 뿔난 트럼프, 경주 APEC 미·중 정상회담 불발...",https://www.bizhankook.com/bk/article/30483
2025-10-11,LAUNCH,미중 무역 갈등 고조에…7대 빅테크 시총 1100조 증발,https://www.donga.com/news/Inter/article/all/20251011/132539689/2
2025-10-11,LAUNCH,'미중 긴장' 빅테크 시총 1천 100조 원 증발,https://www.obsnews.co.kr/news/articleView.html?idxno=1500067
2025-10-11,LAUNCH,'미·중 무역 긴장 고조'에 빅테크 시총 1100조원 '증발',https://www.cstimes.com/news/articleView.html?idxno=671355
2025-10-11,"LAUNCH,ORDER","애플 , 컴퓨터비전 기업 '프롬프트AI' 인재·기술 인수 추진 [인더AI]",https://www.ddaily.co.kr/page/view/2025101114244368159
2025-10-11,LAUNCH,"갤럭시버즈4, 디자인 바뀐다",https://www.betanews.net/article/view/beta202510110010
2025-10-11,"LAUNCH,REGUL","구글도 ""사무실로 들어와라""…美 RTO 바람 거세진다",https://www.sedaily.com/NewsView/2GZ4YNL2HD
2025-10-11,LAUNCH,엔비디아서만 327조원⋯美·中 갈등 고조에 하루 새 시총 1100조원 증발,http://www.inews24.com/view/1894293
2025-10-11,LAUNCH,"""갤럭시 S26 프로, 한국은 엑시노스.. 美·中 퀄컴칩 탑재""",http://www.fnnews.com/news/202510111421152317
2025-10-11,"INVEST,LAUNCH,ORDER",인텔 “세계 첫 2나노 양산”…파운드리 경쟁 본격화,http://www.newstomato.com/ReadNews.aspx?no=1277381&inflow=N
2025-10-11,"INVEST,LAUNCH,REGUL","미·중 긴장 고조...뉴욕 증시 빅테크 시총, 하루 새 1100조원 증발",https://www.asiatime.co.kr/article/20251011500006
2025-10-11,"CERT,LAUNCH","엔비디아, 트럼프 쇼크 직격탄… 하루만에 '시총 328조원 증발'",https://www.moneys.co.kr/article/2025101113113676164
2025-10-11,"LAUNCH,ORDER,PARTNERSHIP","반도체 뒤흔든 '충격 발표'…""수혜자는 삼성?"" 기대감 폭발 [강해령의 테...",https://www.hankyung.com/article/202510112163i
2025-10-11,"INVEST,REGUL","美, '스테이블코인 혁신법' 발효… AI 결제 시대 앞당긴다",https://www.tokenpost.kr/news/blockchain/293429
2025-10-11,"INVEST,LAUNCH",中 희토류 수출 제한에 美 관세 맞불···나스닥 올해 최대 낙폭,https://www.sisajournal-e.com/news/articleView.html?idxno=415928
2025-10-11,LAUNCH,"미-중 갈등에 미국 빅테크 시가총액 1,100조 '증발'",https://www.ytn.co.kr/_ln/0104_202510111222250266
2025-10-11,LAUNCH,미중 긴장 고조에…빅테크 시총 하루새 1천100조원 증발,https://www.goodnews1.com/news/articleView.html?idxno=452337
2025-10-11,"CERT,INVEST,ORDER","애플 , 프롬프트 AI 인수 추진…홈킷 AI 고도화 전망",https://www.topstarnews.net/news/articleView.html?idxno=15833892
2025-10-11,"CERT,INVEST,LAUNCH,REGUL","상반기만 11번 해커들에 공개적 협박당한 韓기업…정부, 공유 숙박 문턱...",https://www.sedaily.com/NewsView/2GZ4XC2QFV
2025-10-11,"LAUNCH,REGUL",미·중 무역 긴장 고조에 뉴욕증시서 빅테크 급락···하루 새 시총 '11...,http://www.todaykorea.co.kr/news/articleView.html?idxno=335257
2025-10-11,"INVEST,LAUNCH","AI 빅테크 인재 경쟁 ‘치열’, S급 개발자에 “연봉 1400억 드릴게요”...",https://www.sedaily.com/NewsView/2GZ4XRZ9IR
2025-10-11,LAUNCH,美·中 긴장 고조에…미 빅테크 시총 하루새 1100조원 증발,https://news.tvchosun.com/site/data/html_dir/2025/10/11/2025101190024.html
2025-10-11,LAUNCH,미중 무역 긴장 속 엔비디아·테슬라· 애플  등 기술주 대폭락 주목,https://www.gokorea.kr/news/articleView.html?idxno=842582
2025-10-11,LAUNCH,美·中 긴장 고조…빅테크 시총 하루새 1100조원 증발,https://www.newsway.co.kr/news/view?ud=2025101111244384220
2025-10-11,"INVEST,LAUNCH","트럼프 ""중국 100% 추가 관세""…미국 빅테크 시총 1100조 원 증발",https://www.busan.com/view/busan/view.php?code=2025101111220834092
2025-10-11,LAUNCH,빅테크 시총 '미·중 긴장 고조'에 하루새 1천100조 원 증발,https://news.sbs.co.kr/news/endPage.do?news_id=N1008287683&plink=ORI&cooper=NAVER
2025-10-11,"INVEST,LAUNCH",‘엔비디아·테슬라· 애플 ’까지 ‘뚝’...美 빅테크 시총 하루새 1100조...,https://economist.co.kr/article/view/ecn202510110005
2025-10-11,"INVEST,LAUNCH,REGUL",美나스닥 6개월 만에 최악 폭락…트럼프 '對中 추가 관세 100%' 여파,https://www.asiatoday.co.kr/view.php?key=20251011010001929
2025-10-11,REGUL,구글도 ‘어디서나 근무’ 이젠 안돼…회사로 나오라는 빅테크,https://www.mk.co.kr/article/11438931
2025-10-11,"INVEST,LAUNCH",트럼프發 관세 경고…미·중 긴장 격화에 빅테크 1100조 증발,https://news.tf.co.kr/read/economy/2251105.htm
2025-10-11,"CERT,LAUNCH","셀트리온, 아일리아 바이오시밀러 '아이덴젤트' 美 허가",http://www.m-i.kr/news/articleView.html?idxno=1290100
2025-10-11,"CERT,INVEST,LAUNCH",엔비디아서만 하루 시총 327조원 날아가…미중 갈등고조에 1100조원 증발,https://www.mk.co.kr/article/11438920
2025-10-11,LAUNCH,"제주신라호텔, 가을 '풀사이드 바 페어링 메뉴' 출시",https://www.thepublic.kr/news/articleView.html?idxno=279288
2025-10-11,LAUNCH,"미중 무역전쟁 고조, 미증시 일제 급락...빅테크 시총 1천100조원 증발",https://www.youthdaily.co.kr/news/article.html?no=198495
2025-10-11,LAUNCH,미국-중국 무역 긴장 속 빅테크 시가총액 하루 만에 1천100조원 증발,https://www.cbci.co.kr/news/articleView.html?idxno=535911
2025-10-11,REGUL,구글· 애플  인앱결제 과징금 부과 지연…방통위 업무 마비에 개발사 피...,https://www.joongangenews.com/news/articleView.html?idxno=456313
2025-10-11,LAUNCH,"'美·中 긴장 고조' 빅테크 시총, 하루새 1100조원 증발",https://daily.hankooki.com/news/articleView.html?idxno=1280636
2025-10-11,"INVEST,LAUNCH,REGUL",AI 랠리에 찬물 끼얹은 트럼프…엔비디아 4.95% 급락[데일리국제금융시...,https://www.sedaily.com/NewsView/2GZ4WQZDF8
2025-10-11,"INVEST,LAUNCH,PARTNERSHIP","국감 도마 오른 '구글 지도반출'…""관광대국 기여"" vs ""안보 우려""",https://www.newsis.com/view/NISX20251009_0003357009
2025-10-11,LAUNCH,빅테크 시총 ‘미중 긴장 고조’에 하루새 1천100조원 증발,https://news.kbs.co.kr/news/pc/view/view.do?ncd=8378176&ref=A
2025-10-11,"INVEST,LAUNCH",미·중 무역 긴장 고조에 美 빅테크 시총 하루새 1100조원 증발,https://www.kado.net/news/articleView.html?idxno=2009758
2025-10-11,INVEST,'미·중 긴장 격화'...트럼프 '100%' 관세 예고에 엔비디아·테슬라 주가...,https://www.gukjenews.com/news/articleView.html?idxno=3397878
2025-10-11,"INVEST,LAUNCH",트럼프 '중국 관세 폭탄' 예고에…美 빅테크 시총 하루 새 1100조 증발,https://www.ajunews.com/view/20251011091453382
2025-10-11,LAUNCH,"빅테크 주가, 미·중 무역 긴장에 '뚝'",http://www.newsroad.co.kr/news/articleView.html?idxno=47018
2025-10-11,LAUNCH,"""삼성 XR 헤드셋, 이렇게 나온다""",https://zdnet.co.kr/view/?no=20251010200329
2025-10-11,LAUNCH,“자고 일어났더니 내 주식 왜이래” 엔비디아·테슬라· 애플  하룻밤 새...,https://biz.heraldcorp.com/article/10591286?ref=naver
2025-10-11,"INVEST,LAUNCH","논란의 스파이웨어 NSO, 美 투자자 품에… 글로벌 감시기술 판 흔든다",https://www.tokenpost.kr/news/tech/293390
2025-10-11,LAUNCH,빅테크 시총 '美·中 긴장 고조'에 하루새 1천100조원 증발(종합2보),https://www.yna.co.kr/view/AKR20251011002152091?input=1195m
2025-10-11,"CERT,INVEST,LAUNCH",두나무-네이버 결합…글로벌 빅테크와 정면승부 포석,https://www.joongang.co.kr/article/25372969
2025-10-11,"INVEST,LAUNCH,ORDER,PARTNERSHIP","테이크원컴퍼니, '엔하이픈 월드: 이터널 모먼트' 팝업스토어 10월 17일...",https://www.xportsnews.com/article/2063456
2025-10-11,"INVEST,LAUNCH","애플 , 컴퓨터 비전 스타트업 프롬프트 AI 인수…AI 기술력 강화",https://www.digitaltoday.co.kr/news/articleView.html?idxno=596300
2025-10-11,"INVEST,LAUNCH",“매그니피센트 7은 옛말”…월가 새롭게 주도하는 신흥강자는?,https://biz.heraldcorp.com/article/10591281?ref=naver
2025-10-11,"INVEST,LAUNCH","[실리콘 디코드] 삼성전자, 美 텍사스 반도체 공장 2026년 가동…테슬라...",https://www.g-enews.com/view.php?ud=202510110817389051fbbec65dfb_1
2025-10-11,LAUNCH,"M5 아이패드·맥북·비전프로… 애플 , 가을 신제품 개봉박두",https://www.digitaltoday.co.kr/news/articleView.html?idxno=596296
2025-10-11,"INVEST,LAUNCH","미 증시, 트럼프 '대규모 대중 관세'에 급락…엔비디아 테슬라 주가 '급...",https://www.gukjenews.com/news/articleView.html?idxno=3397860
2025-10-11,"CERT,INVEST,LAUNCH","[오늘의 글로벌마켓] 뉴욕증시, 미-중 관계 악화 속 기술주 급락세...나...",http://www.opinionnews.co.kr/news/articleView.html?idxno=125506
2025-10-11,"INVEST,REGUL","[분석] 미국 뉴욕증시 급락…관세 우려, 나스닥·테슬라·엔비디아 하락",https://www.topstarnews.net/news/articleView.html?idxno=15833721
2025-10-11,INVEST,뉴욕증시 나스닥 급락… 버블 붕괴 신호탄?,https://www.newsclaim.co.kr/news/articleView.html?idxno=3049811
2025-10-11,LAUNCH,"엔비디아 주가, '미국과 중국 긴장 고조'에 4.8% 급락 마감...테슬라·애...",https://www.lecturernews.com/news/articleView.html?idxno=188497
2025-10-11,LAUNCH,"'희토류 쇼크'에 빅테크 와르르… 엔비디아, 역대 최고가 눈앞 두고 5% ...",https://www.pinpointnews.co.kr/news/articleView.html?idxno=383832
2025-10-11,INVEST,"뉴욕증시, 엔비디아, 미·중 무역긴장에 4.8% 급락",https://sateconomy.co.kr/news/view/1065564137066561
2025-10-11,"CERT,INVEST,ORDER","삼성전자, AI 슈퍼사이클의 중심으로 복귀… 이제는 반격의 시간",https://www.wowtv.co.kr/NewsCenter/News/Read?articleId=A202510100518&t=NNv
2025-10-11,"INVEST,LAUNCH,PARTNERSHIP","[10월10일] 쏟아지는 'AI 버블' 경고...""하지만 닷컴 버블과는 달라""",https://www.aitimes.com/news/articleView.html?idxno=203051
2025-10-11,"CERT,LAUNCH",딥페이크·저작권 논란에 화들짝…오픈AI '소라2' 출격직후 선회,https://www.news1.kr/it-science/general-it/5936905
2025-10-11,LAUNCH,"엔비디아 주가, '美·中 긴장 고조'에 4.8% 급락 마감(종합)",https://www.yna.co.kr/view/AKR20251011002151091?input=1195m
2025-10-11,"INVEST,LAUNCH",뉴욕증시 3대 지수 2~3%대 급락…트럼프·시진핑 갈등에 기술주 주도,https://www.topstarnews.net/news/articleView.html?idxno=15833683
2025-10-11,INVEST,[지난밤 뉴욕에선] 뉴욕증시 급락…트럼프 '중국산 관세 폭탄' 예고,https://www.straightnews.co.kr/news/articleView.html?idxno=283474
2025-10-11,LAUNCH,"[공식] '이상해 며느리' 김윤지, 결혼 5년 차에 기쁜 소식…""일본서 새로...",https://www.tenasia.co.kr/article/2025101002334
2025-10-11,INVEST,나스닥100 '뚝'...엔비디아 · AMD · 마이크론 · 테슬라 '급락',http://www.choicenews.co.kr/news/articleView.html?idxno=155037
2025-10-11,"CERT,LAUNCH,REGUL",바이오시밀러 주도한 9월 글로벌 허가…데노수맙· 애플 리버셉트 '강세',https://www.kpanews.co.kr/article/show.asp?idx=263788&category=D
2025-10-11,INVEST,[뉴욕증시] 트럼프 對中 강경 발언에 3대 지수 폭락...엔비디아 4.95% 급...,https://www.g-enews.com/view.php?ud=202510110518298993be84d87674_1
2025-10-11,LAUNCH,"나스닥, 트럼프 中관세 인상에 3.6% 급락…반년만에 최대 낙폭",https://www.sedaily.com/NewsView/2GZ4X9CREP
2025-10-11,INVEST,[따끈따끈 신간]  애플  인 차이나 外,https://www.ajunews.com/view/20251010084130873
2025-10-11,"INVEST,LAUNCH,REGUL",[AT 현장] 아이폰發 ‘보조금 전쟁’ 꿈틀,https://www.asiatime.co.kr/article/20251010500233
2025-10-11,"LAUNCH,REGUL",[제약공시 책갈피] 10월 2주차 - 셀트리온 外,https://www.medipana.com/article/view.php?news_idx=347655&sch_cate=D
2025-10-11,INVEST,"""손흥민 2조 효과 잡자""… 쿠팡플레이· 애플  중계 각축전",https://it.chosun.com/news/articleView.html?idxno=2023092148382
2025-10-11,INVEST,"아일랜드, 미국 투자 의존의 위험성에 눈뜨다 [PADO]",https://www.mt.co.kr/world/2025/10/11/2025101015102610755
2025-10-11,LAUNCH,"트럼프, '中희토류 조치'에 강력 대응 천명…뉴욕증시 급락",https://www.nocutnews.co.kr/news/6411378?utm_source=naver&utm_medium=article&utm_campaign=20251011055616
2025-10-11,"INVEST,LAUNCH,REGUL","뉴욕증시, 트럼프 中에 고율관세 위협에 급락…나스닥 3.6%↓(종합)",https://www.yna.co.kr/view/AKR20251011006052072?input=1195m
2025-10-11,"INVEST,LAUNCH,ORDER","인텔 “반도체 2나노, 우리가 먼저 양산”…기습당한 삼성 맞불카드는",https://www.mk.co.kr/article/11438868
2025-10-11,"CERT,INVEST,LAUNCH","뉴욕증시, 시진핑에 열받은 트럼프…급락 마감",https://www.yna.co.kr/view/AKR20251011008200009?input=1195m
2025-10-11,"INVEST,LAUNCH",[美증시] 미중 희토류 전쟁에 '블랙 프라이데이'...엔비디아·TSMC·테슬...,https://www.mediapen.com/news/view/1048300
2025-10-11,INVEST,"美-中 무역전쟁 재개 우려, 미국증시 '강타'...나스닥 '추락'",http://www.choicenews.co.kr/news/articleView.html?idxno=155035
2025-10-11,"CERT,INVEST,LAUNCH,REGUL",트럼프 '中관세폭탄' 경고에 무너진 월가…나스닥 3.6%·유가 4.2% 폭락[...,http://www.edaily.co.kr/news/newspath.asp?newsid=01138166642331936
2025-10-11,LAUNCH,"[마감]미국증시, 트럼프발 관세 공포에 반도체 6.3% 나스닥 3.6% S&P 2.7% 급...",https://www.socialvalue.kr/news/view/1065552225122197
2025-10-11,"CERT,INVEST,LAUNCH,REGUL","[속보]트럼프, “중국에 관세 폭탄” 경고…나스닥 3.6% 급락",http://www.edaily.co.kr/news/newspath.asp?newsid=01134886642331936
2025-10-11,LAUNCH,"애플 , 해커에게 200만 달러 건다…버그 바운티 제도 대수술 [MOVIEW]",https://www.ddaily.co.kr/page/view/2025101101531731331
2025-10-11,REGUL,"英, 구글에 '전략적 시장 지위' 첫 지정… 검색 독점 본격 규제한다",https://www.tokenpost.kr/news/tech/293274
2025-10-11,LAUNCH,"[속보]미국증시, 트럼프발 중국 관세전쟁 공포로 반도체-나스닥-S&P-다우...",https://www.socialvalue.kr/news/view/1065550440886505
2025-10-11,LAUNCH,"김윤지, 할리우드 찍고 일본 진줄…1인 2역으로 '칸타' 오리지널 주연",https://www.mydaily.co.kr/page/view/2025101016424071131
2025-10-11,LAUNCH,"빅테크 주가, '美·中 긴장 고조'에 일제히 1% 이상 하락",https://www.slist.kr/news/articleView.html?idxno=684378
2025-10-11,"CERT,INVEST,LAUNCH,PARTNERSHIP,REGUL",트럼프 쇼크에 뉴욕증시 다시 휘청…'월가 공포지수' 32% 폭등,http://www.fnnews.com/news/202510110228142145
2025-10-11,"INVEST,LAUNCH","미국 빅테크, 미·중 무역 갈등에 1% 이상 하락…엔비디아 1.66%↓",https://www.topstarnews.net/news/articleView.html?idxno=15833643
2025-10-10,LAUNCH,"미국 빅테크 주가, 미·중 긴장 고조에 일제히 하락세",http://www.yonhapnewstv.co.kr/AKR20251011015037TI1
2025-10-11,INVEST,[책의 향기]‘어셈블드 인 차이나’ 덫에 스스로 걸린  애플,https://www.donga.com/news/Culture/article/all/20251010/132537232/2
2025-10-10,INVEST,인텔의 반격,https://www.chosun.com/economy/tech_it/2025/10/11/DXYJNWW6YRFWHCKPDI6BNFRMZ4/?utm_source=naver&utm_medium=referral&utm_campaign=naver-news
2025-10-11,LAUNCH,중국이란 바구니에 계란 다 담은  애플,https://www.joongang.co.kr/article/25372912
2025-10-11,LAUNCH,"제주신라호텔, 커플 고객 대상 '풀사이드 바 페어링 메뉴' 출시",https://www.apnews.kr/news/articleView.html?idxno=3040986
2025-10-10,"INVEST,LAUNCH","[분석] 미국 뉴욕증시 장초반 상승…소비심리·은행 실적 대기, 잭스 '촉...",https://www.topstarnews.net/news/articleView.html?idxno=15833563
2025-10-12,INVEST,[칼럼] 최태원-노소영 이혼소송 대법원 판결 '빈대 잡으려다 집 태워선...,https://www.socialvalue.kr/news/view/1065554944535109
2025-10-11,"CERT,LAUNCH",[역사속 오늘·10.12] 공군 창설(1949)·낙산사 화재 4년만에 복원불사 완...,http://kor.theasian.asia/archives/392174
2025-10-11,CERT,"美법원,  삼성전자 에 '특허 침해' 6100억원대 배상 평결",https://www.newscj.com/news/articleView.html?idxno=3326522
2025-10-11,"LAUNCH,PARTNERSHIP",가을 맞이 대규모 할인 경쟁…백화점부터 온라인까지 뜨거운 유통 전쟁,https://www.gokorea.kr/news/articleView.html?idxno=842622
2025-10-11,CERT,"삼성전자 , 美 특허 침해 평결… 6천억 원대 배상 명령",https://www.geconomy.co.kr/news/article.html?no=308125
2025-10-11,CERT,"美법원,  삼성전자 에 “특허 침해, 6천300억 배상하라”",https://www.kyeonggi.com/article/20251011580063
2025-10-11,CERT,"삼성전자 , 무선통신 특허 관련 美서 6천억원대 배상 판결 받아",http://www.4th.kr/news/articleView.html?idxno=2097183
2025-10-11,LAUNCH,"""카페 오픈런 하던 때""…'하트페어링' 현커 우재♥지원, 근황? 여전히 달...",https://www.topstarnews.net/news/articleView.html?idxno=15834035
2025-10-11,"CERT,LAUNCH","미 법원,  삼성전자  특허 침해 평결…6000억원대 배상",http://www.newstomato.com/ReadNews.aspx?no=1277382&inflow=N
2025-10-11,"INVEST,REGUL","테크트랜스, 비철금속 친환경 표면처리 기술로 산업 경쟁력 강화",https://www.pinpointnews.co.kr/news/articleView.html?idxno=383904
2025-10-11,"INVEST,LAUNCH,REGUL","삼성전자 , 미국 특허 소송서 6000억원대 배상 판결...""타사 특허 침해""",https://www.asiatime.co.kr/article/20251011500017
2025-10-11,PARTNERSHIP,"가을 맞은 유통가, 제철 먹거리·패션·뷰티 할인 '풍성'",https://www.jnilbo.com/news/articleView.html?idxno=90000008482
2025-10-11,"INVEST,LAUNCH",원·달러 환율 장중 1430원 돌파…5개월 만에 최고치,https://www.ajunews.com/view/20251011155832430
2025-10-11,INVEST,"주간 거래소 기관, SK하이닉스·현대차·LG에너지솔루션 등 차익 실현 '...",https://www.pinpointnews.co.kr/news/articleView.html?idxno=383898
2025-10-11,"CERT,PARTNERSHIP","삼성전자 , 6천400억 배상 폭탄…美 배심원 ""알고도 특허 훔쳤다""",https://news.ifm.kr/news/articleView.html?idxno=454294
2025-10-11,CERT,"美 법원,  삼성전자 에 6000억원대 배상 평결",http://www.inews24.com/view/1894298
2025-10-11,PARTNERSHIP,"美 법원 "" 삼성전자 , 특허 침해 6381억원 배상해야""",https://www.sisajournal-e.com/news/articleView.html?idxno=415929
2025-10-11,LAUNCH,故이건희 선대 회장 추월하나… 늘어난 이재용 주식에 '깜짝',https://view.asiae.co.kr/article/2025101115171523810
2025-10-11,"INVEST,LAUNCH","트럼프發 충격…환율 급등·기술주 약세, 다음주 증시는",https://economist.co.kr/article/view/ecn202510110015
2025-10-11,LAUNCH,"LG, AI 데이터센터 해법 제시…'원 LG' 시너지 승부",http://news.bizwatch.co.kr/article/industry/2025/10/10/0016
2025-10-11,"INVEST,LAUNCH,ORDER","인텔, 세계 최초 2나노 양산 성공…AI·파운드리 부활 신호탄",http://www.hansbiz.co.kr/news/articleView.html?idxno=782215
2025-10-11,CERT,"‘10만전자’ 순풍에 찬물?··· 삼성전자 , 미 업체 특허 침해로 ‘6000억...",https://www.khan.co.kr/article/202510111444001
2025-10-11,"CERT,INVEST","‘10만 전자’ 코앞인데…미국법원,  삼성전자 에 6000억원대 배상 평결",https://www.mk.co.kr/article/11438969
2025-10-11,"INVEST,LAUNCH,REGUL","관세·세제 이중 압박…입법 타이밍, 산업 경쟁력 흔든다",https://www.ziksir.com/news/articleView.html?idxno=107440
2025-10-11,INVEST,"환율 1430원 돌파, 체감은 1600원 상당..관계 당국은 뭐하나?",https://www.fntoday.co.kr/news/articleView.html?idxno=365363
2025-10-11,ORDER,"美법원 "" 삼성전자 , 타사 특허 침해…6400억원 배상하라""",https://www.news1.kr/world/international-economy/5937681
2025-10-11,CERT,""" 삼성전자 가 특허침해, 6300억대 배상금 내라"" 美법원 평결",https://www.mt.co.kr/world/2025/10/11/2025101113164621429
2025-10-11,"INVEST,LAUNCH","디아이, HBM 등 차세대 메모리 수요로 올해·내년 실적 개선 기대",https://www.pinpointnews.co.kr/news/articleView.html?idxno=383869
2025-10-11,LAUNCH,"엑시콘, 후공정 검사 장비로 실적 안정과 성장 동력 동시에 확보",https://www.pinpointnews.co.kr/news/articleView.html?idxno=383868
2025-10-11,LAUNCH,[역사속 오늘·10.11·책의날] 진주성 대첩(1592)·영남일보 창간(1945)·뉴...,http://kor.theasian.asia/archives/392176
2025-10-11,"INVEST,LAUNCH,PARTNERSHIP","오픈AI ""아르헨티나에 35조원 규모 투자 의향""",https://news.tvchosun.com/site/data/html_dir/2025/10/11/2025101190037.html
2025-10-11,PARTNERSHIP,"아이에스티이, 글로벌 점유율 40% 목표…반도체 장비 시장 지각변동 예...",https://www.pinpointnews.co.kr/news/articleView.html?idxno=383861
2025-10-11,"INVEST,LAUNCH,PARTNERSHIP,REGUL","오픈AI, 스타게이트 사업지로 아르헨티나 선정…최대 250억달러 투자",https://www.econovill.com/news/articleView.html?idxno=714160
2025-10-11,PARTNERSHIP,"삼성전자 , 美서 무선통신 특허 침해로 약 6,400억 원 배상 판결",https://www.autodaily.co.kr/news/articleView.html?idxno=537507
2025-10-11,INVEST,"한은, 금 투자했다면 美국채 대비 16배 수익…정제마진 20개월 만에 최대...",https://www.sedaily.com/NewsView/2GZ4YBNEJE
2025-10-11,"INVEST,LAUNCH",“韓기업 2400개 해외 나갈 때 유턴은 고작 11곳”…AI 투자 광풍 속 인...,https://www.sedaily.com/NewsView/2GZ4XKR7KW
2025-10-11,"INVEST,LAUNCH",“美 관세 수입 2.5배 늘렸지만 이자만 800억弗 더 냈다”…“기대 넘어...,https://www.sedaily.com/NewsView/2GZ4Y6EJAH
2025-10-11,"INVEST,LAUNCH","골드만삭스 “닷컴 버블과는 다른 좋은 거품”…“10만 전자  눈앞, 반도...",https://www.sedaily.com/NewsView/2GZ4X5FNRQ
2025-10-11,LAUNCH,' 삼성전자 의 힘' 이재용 회장 주식평가액 20조 첫 돌파,https://www.newsinside.kr/news/articleView.html?idxno=4065788
2025-10-11,"INVEST,LAUNCH,REGUL","[심층분석] 거대한 권력 등에 업은 인텔, 2나노에서  삼성전자 와 TSMC 첫 ...",https://www.pennmike.com/news/articleView.html?idxno=108889
2025-10-11,"CERT,LAUNCH,ORDER,PARTNERSHIP","[고래사냥] 'LG에너지솔루션, 코아시아, 에프에스티,  삼성 에스디에스!'...",https://news.mtn.co.kr/news-detail/2025101110401391487
2025-10-11,"INVEST,LAUNCH",美 증시 급락에 원·달러 환율도 1430원 돌파…다음 주 국장 어쩌나[마켓...,https://www.sedaily.com/NewsView/2GZ4XEGLMF
2025-10-11,"INVEST,LAUNCH,PARTNERSHIP","오픈AI, 아르헨티나에 ‘눈독’…“35조원 규모 투자 의향있다”",https://www.dt.co.kr/article/12022132?ref=naver
2025-10-11,"CERT,LAUNCH,REGUL","中, 희토류 수출 통제 강화… 美 칩 전쟁에 '새로운 전선' 구축 관측",https://www.g-enews.com/view.php?ud=2025101110321956160c8c1c064d_1
2025-10-11,"INVEST,LAUNCH",상승 랠리 탄 글로벌 증시[에브리싱 랠리①],https://www.newsis.com/view/NISX20251010_0003357719
2025-10-11,"INVEST,LAUNCH,REGUL",고급 인재 빨아들이는 중국…탈출하는 두뇌들에 한국 '초비상',https://www.sisajournal.com/news/articleView.html?idxno=348580
2025-10-10,LAUNCH,이재용  삼성전자  회장 주식재산 20조원 돌파…반도체 호황 영향,https://www.tfmedia.co.kr/news/article.html?no=196344
2025-10-11,INVEST,"이재용 회장, 주식재산 첫 20조원 돌파... AI 반도체 호황에  삼성전자  주...",https://www.getnews.co.kr/news/articleView.html?idxno=843965
2025-10-11,"INVEST,LAUNCH,PARTNERSHIP","오픈AI, 아르헨티나에 35조 원 투자 추진",http://www.yonhapnewstv.co.kr/AKR20251011092151Npl
2025-10-11,"LAUNCH,PARTNERSHIP","유통업계, 본격적인 가을 기획전 돌입",https://www.segye.com/newsView/20251011502170?OutUrl=naver
2025-10-11,LAUNCH,'10만 전자  코앞' 이재용 회장도 방긋…주식 재산 20조 돌파,https://www.sedaily.com/NewsView/2GZ4X2A4LC
2025-10-11,INVEST,"“국방·우주·6G 화합물반도체, 국내 생산 길 열겠다”",https://shindonga.donga.com/3/all/13/5881096/1
2025-10-11,"INVEST,LAUNCH","AI 2막, 메모리가 다시 주연으로…SK하닉 중심 반도체 밸류체인 ‘열기...",https://biz.heraldcorp.com/article/10591230?ref=naver
2025-10-11,"LAUNCH,ORDER","빅테크들 ""다른 업체 말고 TSMC""…발주 쏠림, 언제까지?",https://www.newsis.com/view/NISX20251010_0003358256
2025-10-11,"INVEST,LAUNCH,ORDER",트럼프 업은 인텔…파운드리 '2나노 경쟁' 선점,https://www.newsis.com/view/NISX20251010_0003358431
2025-10-11,INVEST,"AI훈풍에 D램 품귀 심화… 삼성 ·하이닉스, 내년 역대급 실적 '청신호'",http://www.popcornnews.net/news/articleView.html?idxno=96772
2025-10-11,"CERT,INVEST,LAUNCH,ORDER",[청기홍기]'12만 전자 ' '56만닉스'까지…증권사 목표가 줄상향,http://news.bizwatch.co.kr/article/market/2025/10/10/0022
2025-10-11,"INVEST,REGUL","""독재 저지""…국민의힘, 이재명정부 첫 국감서 '총공세' 예고",https://www.mt.co.kr/politics/2025/10/11/2025101016255536315
2025-10-11,"INVEST,LAUNCH",'10만 전자 ' 꿈꾸는 삼전과 '42만닉스' 돌파한 SK하닉… 국장 어디까지 갈...,https://www.thescoop.co.kr/news/articleView.html?idxno=307576
2025-10-11,"INVEST,LAUNCH","다음주 증시, 美 물가지표 ·  삼성전자  실적 주목",http://www.choicenews.co.kr/news/articleView.html?idxno=155040
2025-10-11,CERT,미국은 장비·중국은 희토류 통제…양국 갈등에 불똥 튄 K반도체,https://www.mt.co.kr/industry/2025/10/11/2025101013131275948
2025-10-11,"INVEST,LAUNCH","2035년 '8경 시장' 열린다, 휴머노이드 '빅뱅'",http://weekly.chosun.com/news/articleView.html?idxno=45139
2025-10-11,INVEST,"오픈AI, 아르헨티나에 35조 투자… 데이터센터 구축",https://it.chosun.com/news/articleView.html?idxno=2023092148706
2025-10-11,INVEST,12만 전자 ? 56만닉스?…'역대급 불기둥' 반도체주 언제까지,https://biz.sbs.co.kr/article_hub/20000264453?division=NAVER
2025-10-11,LAUNCH,'포스트 추석' 소비심리 잡는다…의류·먹거리 최대 80%↓,https://view.asiae.co.kr/article/2025101015290918612
2025-10-11,"INVEST,PARTNERSHIP,REGUL","“뾰족한 수 있습니까”…한미일 재계 총수, 도쿄서 머리 맞댄다",https://www.mk.co.kr/article/11438885
2025-10-11,"LAUNCH,ORDER","삼성 , 엑시노스2600 양산으로 ‘세 마리 토끼’ 잡을까 [비즈360]",https://biz.heraldcorp.com/article/10591142?ref=naver
2025-10-11,INVEST,"“곧 10만  전자 다, 내가 밥살게”…반도체가 이끈 코스피 3600시대[주형...",https://www.dt.co.kr/article/12022111?ref=naver
2025-10-11,INVEST,"""12만원 간다"" 19개 증권사  삼성전자  목표가 줄상향…해외 IB도 가세",https://www.news1.kr/finance/general-stock/5937280
2025-10-11,ORDER,'윈도10 종료' PC 시장 3분기 7% ↑…메모리 수요 힘 보탠다,https://www.news1.kr/industry/general-industry/5937143
2025-10-11,"INVEST,LAUNCH,ORDER","""'9만 전자 ' 넘었는데 팔겠다고요?""…증권가 개미 말리는 이유 [선한결의...",https://www.hankyung.com/article/202510101441i
2025-10-11,"INVEST,LAUNCH","연휴 너무 오래 기다렸다‥""코스피 3600 돌파""",https://imnews.imbc.com/replay/2025/nwtoday/article/6763994_36807.html
2025-10-11,INVEST,'사상 최고' 코스피에도 힘 빠진 2차전지 섹터 [이런국장 저런주식],https://www.sedaily.com/NewsView/2GZ4X4LC0W
2025-10-11,INVEST,"매경이 전하는 세상의 지식 (매-세-지, 10월 11일)",https://www.mk.co.kr/article/11438649
2025-10-11,"INVEST,LAUNCH,PARTNERSHIP",금·주식은 계속 뛸까?…'에브리싱 랠리'에 가려진 위험 [글로벌 머니 X...,https://www.hankyung.com/article/202510099881i
2025-10-11,"LAUNCH,PARTNERSHIP",[이번주뭘살까] 가을이다…제철 먹거리 할인하고 의류·화장품 반값,https://www.yna.co.kr/view/AKR20251010052500030?input=1195m
2025-10-11,INVEST,새 역사 쓴  삼성전자 …우선주도 따라갈까[종목현미경],https://www.news1.kr/finance/general-stock/5937450
2025-10-11,"INVEST,LAUNCH","AMD 손잡은 오픈AI… 삼성전자 , HBM 반전 기대감↑[ET의 칩스토리]",https://www.etoday.co.kr/news/view/2513594
2025-10-12,LAUNCH,"이마트 롯데마트 홈플러스 대형마트 휴무일, 추석 뒤 물가 안정전 돌입",https://www.newsclaim.co.kr/news/articleView.html?idxno=3049797
2025-10-11,INVEST,"'오브라이언트-변준형 폭격' 정관장, SK 잡고 공동 1위 등극...KCC-DB도 웃...",http://www.osen.co.kr/article/G1112673822
2025-10-11,REGUL,‘박지훈 부상 공백 없었다!’ 정관장 승리 이끈 변준형 “내가 필요하...,https://m.sports.naver.com/basketball/article/065/0000285774
2025-10-11,INVEST,"""19점 9어시스트 맹활약""…변준형, 주장 공백 메우고 정관장 공동 1위 견...",https://www.topstarnews.net/news/articleView.html?idxno=15834128
2025-10-11,INVEST,"""김영현 수비 덕분에 이겼다"" 유도훈·변준형의 이구동성 극찬 [안양 현...",https://www.starnewskorea.com/sports/2025/10/11/2025101115324989651
2025-10-11,INVEST,시즌 첫 연패 당한 전희철 감독 “정관장의 팀 컬러에 당했다”,https://m.sports.naver.com/basketball/article/065/0000285770
2025-10-11,INVEST,"""3점포 터진 허웅""…KCC, 현대모비스 18점차 완승 2승 고지",https://www.topstarnews.net/news/articleView.html?idxno=15834110
2025-10-11,INVEST,"'2연패' 전희철은 '14턴오버' 곱씹었다 ""중요한 순간마다 발목을 잡았어...",https://www.starnewskorea.com/sports/2025/10/11/2025101115335784374
2025-10-11,INVEST,"'오브라이언트·변준형 44득점 합작' 정관장, SK 제압하며 공동 1위 등극...",https://www.mydaily.co.kr/page/view/2025101117232032948
2025-10-11,INVEST,"‘변준형·오브라이언트 44점 합작’ 정관장, 서울 SK 제압하고 홈 3연승...",https://m.sports.naver.com/basketball/article/065/0000285740
2025-10-11,INVEST,"'아반도 4Q 막판 미친 활약' 정관장, SK 추격 뿌리치고 75-66 완승→SK 2연...",https://www.starnewskorea.com/sports/2025/10/11/2025101115333969636
2025-10-11,INVEST,"엘런슨 대활약…원주DB, 가스공사 꺾고 공동 1위 올라",https://www.kwnews.co.kr/page/view/2025101116134330684
2025-10-11,LAUNCH,"남자농구 대표팀 전희철 감독대행 ""부담스럽지만 잘해야죠""",https://www.yna.co.kr/view/AKR20251011035400007?input=1195m
2025-10-11,INVEST,"'스마일 가이' 엘런슨 ""흥분하는 성격 아니다. 팀이 원하는 것만 생각한...",http://www.rookie.co.kr/news/articleView.html?idxno=114348
2025-10-11,INVEST,"""집중력 발휘해주길"" 승리에도 선수단에게 메시지 던진 DB 김주성 감독",http://www.rookie.co.kr/news/articleView.html?idxno=114344
2025-10-11,INVEST,"""3점 4개 포함 24득점""…허웅 맹활약, KCC 현대모비스 18점차 완승",https://www.topstarnews.net/news/articleView.html?idxno=15833999
2025-10-11,INVEST,"[부상] ‘정관장에 닥친 악재’ 주장 박지훈, 족저근막염으로 이탈···...",https://m.sports.naver.com/basketball/article/065/0000285704
2025-10-11,INVEST,"""리바운드에서 결과 갈렸다"" 높이 싸움에서 밀린 가스공사 3연패... 강혁...",http://www.rookie.co.kr/news/articleView.html?idxno=114342
2025-10-11,INVEST,"[BK 리뷰] '엘런슨 더블더블, 알바노 트리플더블급' DB, 한국가스공사 꺾...",https://basketkorea.com/news/newsview.php?ncode=1065596383484254
2025-10-11,INVEST,"'엘런슨 득점 펑펑!' DB, 대구 원정에서 시즌 3승째 수확... 가스공사는...",http://www.rookie.co.kr/news/articleView.html?idxno=114339
2025-10-11,"CERT,LAUNCH,REGUL",롯데·삼양·BBQ 등 K유통가 경영진 추석연휴 잊고 '글로벌 현장 점검',https://www.newsis.com/view/NISX20251010_0003358427
2025-10-11,ORDER,[웜업터뷰] '결과보다 과정'을 강조한 현대모비스 양동근 감독,https://m.sports.naver.com/basketball/article/065/0000285699
2025-10-11,INVEST,"연패 탈출& 첫 승리 노리는 가스공사 강혁 감독 ""수비가 되어야 한다""",http://www.rookie.co.kr/news/articleView.html?idxno=114329
2025-10-11,"INVEST,LAUNCH","시즌 3승 노리는 DB 김주성 감독 ""엘런슨 활약 만족스럽다""",http://www.rookie.co.kr/news/articleView.html?idxno=114328
2025-10-11,"INVEST,LAUNCH","[초점]  LG전자  인도법인, 인도 증시서 17년 만의 IPO 흥행 신기록",https://www.g-enews.com/view.php?ud=202510111003192665fbbec65dfb_1
2025-10-11,LAUNCH,"이마트, 신선식품부터 가전까지 할인…10월 가격파격 상품 55종 공개",https://www.joongangenews.com/news/articleView.html?idxno=456309
2025-10-11,"INVEST,LAUNCH",SK텔레콤 '사이버 사고' 끝났다… 본업은 더 강해졌다,https://www.pinpointnews.co.kr/news/articleView.html?idxno=383842
2025-10-11,"INVEST,LAUNCH,ORDER",[베스트&워스트] 유니온머티리얼·한미반도체·대덕 전자 ·명인제약 등,https://www.etoday.co.kr/news/view/2513698
2025-10-11,INVEST,"핵어 마레이, 이젠 하지마레이? 창원 파라오 자유투 성공률이 90%라니.....",http://www.rookie.co.kr/news/articleView.html?idxno=114321
2025-10-11,LAUNCH,긴 연휴 끝...'포스트 추석' 힘 싣는 유통,https://www.wolyo.co.kr/news/articleView.html?idxno=302312
2025-10-11,"INVEST,LAUNCH",코딩 모르던  LG 맨… 챗GPT 만나 잔디 보수 로봇 개발 100억 매출코앞[허...,https://www.donga.com/news/It/article/all/20251011/132537520/2
2025-10-11,LAUNCH,"현대차 엑시언트, 타임지 ‘올해 최고 발명품’에",https://www.donga.com/news/People/article/all/20251010/132538381/2
2025-10-10,"INVEST,LAUNCH","10월 고양에 내린, ’눈꽃슈터’ 유기상의 3점슛이라는 눈",https://m.sports.naver.com/basketball/article/065/0000285683
2025-10-10,INVEST,"‘지금은 중계 시간이 아닙니다’ 소노· LG  명승부 망친 티빙 중계, KBL ...",https://www.mk.co.kr/article/11438810
2025-10-10,INVEST,“턴오버로 (이)정현이를 뭐라할 수는 없죠…” 손창환 감독은 에이스를...,https://m.sports.naver.com/basketball/article/065/0000285675
2025-10-10,INVEST,"""다음에 만나면 수비 더 열심히 할게요"" 국가대표의 치열한 쇼다운→'작...",http://www.rookie.co.kr/news/articleView.html?idxno=114319
2025-10-10,"LAUNCH,REGUL","팬텍, 美 ITC 특허침해 조사서 HMD 제소 취하",https://www.kpinews.kr/newsView/1065569006610031
2025-10-10,"LAUNCH,PARTNERSHIP","""법인 세우고, 제품군 다변화"" 무대 넓히는 中 가전",https://it.chosun.com/news/articleView.html?idxno=2023092148436
2025-10-08,LAUNCH,'로봇' 들어간 것들 쉽지 않네…삼성·LG 위기감 고조,https://www.dailian.co.kr/news/view/1557005/?sc=Naver
2025-10-07,"INVEST,LAUNCH","삼성·LG 가전, 로봇화 속도 조절…""휴머노이드 등 첨단 기술에 힘 싣는...",https://www.etoday.co.kr/news/view/2512585
2025-10-06,LAUNCH,"""20년만에 스크린 복귀"" 김민종, 할리우드 3관왕..‘K-영화' 증명[핫피플...",http://www.osen.co.kr/article/G1112671338
2025-10-06,INVEST,"'피렌체' 김민종, 20년 만의 스크린 복귀...할리우드 무대 빛내",http://www.interview365.com/news/articleView.html?idxno=110510
2025-10-06,"INVEST,LAUNCH","김민종, 20년만 영화 복귀→할리우드 영화제 3관왕...""피렌체, 널리 전파...",https://www.mhnse.com/news/articleView.html?idxno=469304
2025-10-06,INVEST,김민종 ‘피렌체’로 할리우드 3관왕…20년 공백 무색,https://sports.donga.com/ent/article/all/20251006/132522829/1
2025-10-06,INVEST,"'신사의 품격' 13년 만..김민종 뭐하나 봤더니, 맙소사 할리우드 진출",http://www.osen.co.kr/article/G1112671297
2025-10-06,INVEST,"김민종, 20년 만의 복귀작 '피렌체'로 다시 빛나다",http://www.atstar1.com/news/articleView.html?idxno=6027513
2025-10-06,"INVEST,LAUNCH,ORDER,PARTNERSHIP","김민종, 20년 만에 일냈다…""할리우드에서 인정받아 감회 남달라""",https://www.xportsnews.com/article/2062108
2025-10-06,INVEST,"김민종, 20년 만의 복귀...‘피렌체’로 스크린 복귀 ‘할리우드가 인정...",https://www.mk.co.kr/article/11436631
2025-10-06,INVEST,김민종 ‘피렌체’로 할리우드 영화제 3관왕,https://www.bntnews.co.kr/article/view/bnt202510060065
2025-10-05,LAUNCH,"한화큐셀, 이탈리아 가정·상업용 태양광 솔루션 출시",https://www.theguru.co.kr/news/article.html?no=92389
2025-10-02,"INVEST,LAUNCH,REGUL",중국의 가격파괴 전략: 태양광부터 스마트폰까지,https://www.forbeskorea.co.kr/news/articleView.html?idxno=400601
2025-10-02,INVEST,"""TV 팔아선 못 버틴다""…삼성·LG, 'FAST'로 돌파구 찾는다",https://www.pinpointnews.co.kr/news/articleView.html?idxno=382483
2025-10-02,"CERT,ORDER",한국선 '먹통'인 중국 TV…공정위 나서자 인증절차 착수,https://www.hankyung.com/article/202510022074g
2025-10-02,LAUNCH,"트럼프 ‘미국 우선주의’ 여파, 관광객 발길 뚝",https://www.koreadaily.com/article/20251001181350283
2025-10-02,INVEST,"엔시트론 주가, 급등세... 이유는?",https://www.ggilbo.com/news/articleView.html?idxno=1117009
2025-10-01,"INVEST,LAUNCH,ORDER,REGUL",[주식마감기사] 제이준코스메틱 '차바이오텍' 계열사 피인수 소식에 상...,https://www.ggilbo.com/news/articleView.html?idxno=1116974
2025-10-01,LAUNCH,"[기획]가전부터 전기차까지…中, 안방 장악력 확대",http://www.m-i.kr/news/articleView.html?idxno=1288979
2025-10-01,"INVEST,LAUNCH,REGUL",“관광객 안 온다” LA 초비상… 할리웃 거리도 ‘텅텅’,http://www.koreatimes.com/article/1583228
2025-10-01,"INVEST,LAUNCH",[특징주] 엔시트론 상한가…9월 반도체 수출 역대 최대치 기록,https://www.widedaily.com/news/articleView.html?idxno=279511
2025-10-01,INVEST,"엔시트론 주가, 상한가 달성",https://www.ggilbo.com/news/articleView.html?idxno=1116653
2025-10-01,"INVEST,LAUNCH","[영상] “중국, AI 탑재 ‘노인 돌봄 로봇’ 집중 육성 가능성”",https://weekly.donga.com/3/all/11/5872462/1
2025-09-30,"INVEST,REGUL","[기자수첩] 中으로 기운 기술추, 韓 다시 잡으려면",http://www.fnnews.com/news/202509301810144877
2025-09-30,LAUNCH,"[韓中 세탁기 전쟁] 기술 장벽 낮은 세탁기 시장, 韓 기업 ‘M&A 전략’...",https://www.ekn.kr/web/view.php?key=20250930024541113
2025-09-26,LAUNCH,"스마트폰 대체할까, 메타가 이끄는 미국 스마트 글라스 시장",http://dream.kotra.or.kr/kotranews/cms/news/actionKotraBoardDetail.do?SITE_NO=3&MENU_ID=180&CONTENTS_NO=1&bbsGbn=243&bbsSn=243&pNttSn=234715
2025-09-26,PARTNERSHIP,"'3S' 통했다…삼성전자 쑤저우 공장, '중국 최고 품질' 우수성 인정",https://www.theguru.co.kr/news/article.html?no=92338
2025-09-26,LAUNCH,"TV 시장도 中 침투 가속…삼성·LG, 위기 극복 전략은?",https://www.ebn.co.kr/news/articleView.html?idxno=1680233
2025-09-25,"INVEST,LAUNCH","삼성 XR 기기 '무한' 내달 공개…업계 ""AR이 진짜 승부처""",https://www.greened.kr/news/articleView.html?idxno=331559
2025-09-25,LAUNCH,"로봇청소기 이어 세탁건조기도 상륙…""韓 간파했다"" '덩치' 키워 주류 노...",https://view.asiae.co.kr/article/2025092510025542100
2025-09-25,LAUNCH,"‘프리미엄 vs 가성비’⋯‘이동식 TV 전쟁’, 삼성·LG 이어 中까지 가...",https://www.viva100.com/article/20250924501018
2025-09-24,"INVEST,LAUNCH,PARTNERSHIP","""속도보다 완성도""…삼성·LG, AI 로봇 장기전 택했다",http://www.srtimes.kr/news/articleView.html?idxno=186508
2025-09-24,"LAUNCH,ORDER,PARTNERSHIP",[퀄컴 서밋 10주년] ⑦ AI 대전환 원년…스냅드래곤8 2세대 '한계 넘기',https://www.ddaily.co.kr/page/view/2025091517443857820
2025-09-24,LAUNCH,80인치 이상 시장 급성장… 한·중 ‘TV 전쟁’ 불 붙는다,https://www.dt.co.kr/article/12019909?ref=naver
2025-09-24,LAUNCH,"구글, 구글 TV용 '제미나이' 발표",https://kbench.com/?q=node/271652
2025-09-24,LAUNCH,'팃 포 탯' 전략을 아시나요 [기자수첩-산업],https://www.dailian.co.kr/news/view/1552997/?sc=Naver
2025-09-24,"INVEST,LAUNCH",[단독]한국서 1조 쓸어담는데 직원은 고작 5명…韓 투자 외면하는 中 업...,https://view.asiae.co.kr/article/2025092216553750874
2025-09-23,LAUNCH,구글 TV에 '제미나이' 탑재...2026년부터 확대 적용,https://www.aitimes.com/news/articleView.html?idxno=202656
2025-09-23,"INVEST,LAUNCH","韓 디스플레이 산업, ‘쌍두마차’서 밀려나나",https://www.dnews.co.kr/uhtml/view.jsp?idxno=202509231454127070722
2025-09-23,INVEST,"中 추격 가속…한국 디스플레이, 차세대 기술로 반격 나서야",https://www.asiatoday.co.kr/view.php?key=20250923010012802
2025-09-23,LAUNCH,"구글TV, 제미나이 탑재…콘텐츠 추천도 AI가 알아서",https://www.digitaltoday.co.kr/news/articleView.html?idxno=593509
2025-09-21,LAUNCH,"""차세대 시장 선점하라""…韓·中 '움직이는 TV' 격돌",http://www.m-i.kr/news/articleView.html?idxno=1284551
2025-09-20,"INVEST,LAUNCH",中 8.6세대 IT OLED 투자 본격화…삼성D·LGD 맹추격,https://www.ceoscoredaily.com/page/view/2025091617371504294
2025-09-19,INVEST,"[Biz&Law] LG전자, 중국계 기업에 스마트TV 특허침해 피소",http://www.seoulwire.com/news/articleView.html?idxno=671767
2025-09-19,"INVEST,LAUNCH",8.6세대 OLED '잉크젯'으로 간 中 ' TCL  CSOT'…투자 유치 vs 양산성 '딜레...,https://www.ddaily.co.kr/page/view/2025091913413985528
2025-09-19,LAUNCH,[그래픽] 가정용 로봇 시장 전망,https://www.ceoscoredaily.com/page/view/2025091911160325253
2025-09-19,CERT,"LG전자, 공식 부인에도 블라인드발 희망퇴직설이 힘 얻는 까닭",https://www.livesnews.com/news/article.html?no=54562
2025-09-19,CERT,"삼성, 가정용 AI 로봇 ‘볼리’ 연내 베일 벗나…전파인증 획득, 초기 시...",https://www.ceoscoredaily.com/page/view/2025091814072714254
2025-09-19,LAUNCH,"""즐거운 과몰입 만든다""…K콘텐츠 꽂힌 돌비의 '빅픽처' [인터뷰]",https://www.hankyung.com/article/202509179527g
2025-09-19,"INVEST,PARTNERSHIP","이슈=LG전자 전사 희망퇴직, 전자업계 전반 구조조정 신호탄인가, 2부",http://www.abcn.kr/news/articleView.html?idxno=82575
2025-09-19,LAUNCH,"삼성, 이달 '더 무빙스타일' 출시…'움직이는 TV' 경쟁 격화",http://www.edaily.co.kr/news/newspath.asp?newsid=01679366642301760
2025-09-18,LAUNCH,"시그마인텔 ""내년 애플 OLED 맥북 50만대 출하 전망""",http://www.thelec.kr/news/articleView.html?idxno=41013
2025-09-18,"INVEST,LAUNCH",中에 밀린 삼성·LG…위기의 K-OLED TV 시장,https://www.newstopkorea.com/news/articleView.html?idxno=30612
2025-09-18,"INVEST,LAUNCH,ORDER,PARTNERSHIP,REGUL",中성장·美관세 영향에 전자 업계 '칼바람',https://www.asiatime.co.kr/article/20250918500313
2025-09-18,"INVEST,LAUNCH",[이슈+] 2세대 스마트글라스 시대 개막하나,http://www.biztribune.co.kr/news/articleView.html?idxno=340359
2025-09-18,LAUNCH,"그랜저 1대 값, RGB LED TV…중 ‘가성비’ 추격",http://www.newstomato.com/ReadNews.aspx?no=1275344&inflow=N
2025-09-18,INVEST,"LG전자, 2년 만에 '희망 퇴직' 접수… HS·VS·ES 등 전 부문 확대",https://www.financialpost.co.kr/news/articleView.html?idxno=233388
2025-09-18,"LAUNCH,REGUL","고급차 1대 가격, RGB LED TV…中 가성비로 도전장",https://www.widedaily.com/news/articleView.html?idxno=278388
2025-10-11,"INVEST,REGUL",스테이블코인보다 토큰화? 영국의 전략은 성공할까,http://coinreaders.com/191819
2025-10-11,INVEST,서학개미들 ‘충격’...JP모건 CEO의 섬뜩한 경고,https://magazine.hankyung.com/business/article/202510112369b
2025-10-11,INVEST,"JP모건 CEO 경고 “美 증시, 6개월~2년 내 큰 폭 조정 올 수도”",http://www.joseilbo.com/news/news_read.php?uid=554306&class=53&grp=
2025-10-11,"CERT,INVEST,LAUNCH","AI 훈풍에 반도체 질주… 삼성 시총 600조, 하이닉스 300조 돌파",https://www.donga.com/news/Economy/article/all/20251010/132538457/2
2025-10-10,LAUNCH,"뜨거운 AI 주식, 더 뜨거운 ‘거품론’",https://www.chosun.com/economy/money/2025/10/11/NRYT2EVEORHBBNI546COVEKHYY/?utm_source=naver&utm_medium=referral&utm_campaign=naver-news
2025-10-10,"INVEST,LAUNCH","""생성형 AI, 한두개 빼곤 껍데기"" 혹평에도…빅테크 올 220조원 빚투",https://www.sedaily.com/NewsView/2GZ4I42YFB
2025-10-10,INVEST,"JP모건 CEO, 美 증시 심각한 조정 ""우려된다""…'AI' 투자에도 경고",https://economist.co.kr/article/view/ecn202510100041
2025-10-10,INVEST,"월가 황제 다이먼 ""美 증시, 이르면 6개월 내 심각한 조정""",https://view.asiae.co.kr/article/2025101015303124465
2025-10-10,"INVEST,ORDER",코스피도 랠리 재개…반도체 실적 시험대 [마켓인사이트],https://www.wowtv.co.kr/NewsCenter/News/Read?articleId=A202510100548&t=NNv
2025-10-10,INVEST,"""6개월 안에 주가 급락할 수도""...월가 황제, 두려운 경고 [지금이뉴스]",https://www.ytn.co.kr/_ln/0134_202510101441569996
2025-10-10,INVEST,"월가 병 주고 약 주나?···美 거품 붕괴 예측, 정작 표적은 韓일 수도",https://www.womaneconomy.co.kr/news/articleView.html?idxno=242954
2025-10-10,INVEST,美 증시 최고치 갈아치우는데…“급격한 조정 가능성” 월가 황제의 경...,https://biz.heraldcorp.com/article/10591027?ref=naver
2025-10-10,INVEST,"다이먼 J P모건체이스 CEO, ""미국증시 급격한 조정 위험"" 경고",http://www.beyondpost.co.kr/view.php?ud=2025101014063547182aaae0046f_30
2025-10-10,"INVEST,LAUNCH",AI 광풍은 버블?…IMF 총재 “닷컴버블과 유사”,https://www.mk.co.kr/article/11438303
2025-10-10,"INVEST,LAUNCH","""AI 버블 조만간 터질 수도""…IMF· BOE  경고",https://www.digitaltoday.co.kr/news/articleView.html?idxno=596213
2025-10-10,INVEST,"AI 연산 수요, '무어의 법칙' 초월… 매년 5000억달러 규모 투자 필요",https://www.digitaltoday.co.kr/news/articleView.html?idxno=596220
2025-10-10,INVEST,"JP모건 다이먼 ""미 증시 2년 내 급격한 조정 우려…AI 거품 경계""",https://www.topstarnews.net/news/articleView.html?idxno=15833050
2025-10-10,INVEST,"""JP모건 CEO '미국 증시 심각한 조정 올 수도…AI 투자 손실 불가피'",https://www.kizmom.com/news/articleView.html?idxno=105207
2025-10-10,INVEST,"""미 증시 급격한 조정 위험""...월가 황제의 경고",https://www.ytn.co.kr/_ln/0104_202510101127103233
2025-10-10,INVEST,JP모건 CEO “미 증시 급격한 조정 위험”,https://news.kbs.co.kr/news/pc/view/view.do?ncd=8377558&ref=A
2025-10-10,INVEST,"JP모건 다이먼, 미 증시 '급격한 조정 위험' 경고",https://www.yna.co.kr/view/AKR20251010055200009?input=1195m
2025-10-10,INVEST,월드 뉴스 브리프 (기준일시: 2025년 10월 10일 금요일 10:00),http://www.ifs.or.kr/bbs/board.php?bo_table=globalnewsfocus&wr_id=124
2025-10-10,INVEST,"""닷컴 버블 정점과 유사""...잇따른 섬뜩한 경고 [지금이뉴스]",https://www.ytn.co.kr/_ln/0134_202510101013190771
2025-10-10,INVEST,"美 증시·비트코인 '에브리싱 랠리' 속 파월 ""주가 고평가"" 경고 … 의미...",https://www.newdaily.co.kr/site/data/html/2025/10/10/2025101000009.html
2025-10-10,"INVEST,LAUNCH,REGUL","“AI붐은 버블, 25년전 닷컴 때과 비슷”...IMF·영란은행, 증시 과열에...",https://www.mk.co.kr/article/11437942
2025-10-10,"INVEST,LAUNCH","[속보] 금값 · 비트코인 돌연 급락 ""4000달러 붕괴""... 뉴욕증시 IMF · ...",https://www.g-enews.com/view.php?ud=202510100450421416906806b77b_1
2025-10-10,LAUNCH,"[글로벌 비즈 브리핑] 트럼프 '인텔 살리기' 통했나…인텔, 첨단 18A 공정...",https://biz.sbs.co.kr/article_hub/20000264247?division=NAVER
2025-10-10,"INVEST,LAUNCH","[속보] IMF 거품 붕괴 공개 경고 ...뉴욕증시 금값 비트코인 "" 이상 과열...",https://www.g-enews.com/view.php?ud=202510081954028349906806b77b_1
2025-10-10,LAUNCH,"IMF 총재의 'AI 광풍' 경고…""닷컴버블과 비슷""",https://biz.sbs.co.kr/article_hub/20000264243?division=NAVER
2025-10-10,LAUNCH,월거ㅏ,https://www.g-enews.com/view.php?ud=202510091906308949906806b77b_1
2025-10-09,LAUNCH,"IMF ""닷컴버블과 유사""…AI 광풍 경고",https://www.hankyung.com/article/2025100996751
2025-10-09,LAUNCH,"IMF총재의 경고 ""자산가치, 닷컴버블 때 수준""",https://www.sedaily.com/NewsView/2GZ41DD8HE
2025-10-09,"INVEST,LAUNCH","""AI 붐, '급격한 주식시장 조정' 위험 초래""…IMF· BOE 의 경고",https://www.hankyung.com/article/202510099255i
2025-10-09,"INVEST,LAUNCH","제이미 다이먼 ""미국 증시, 2년 내 급락 가능성 크다""",https://www.ebn.co.kr/news/articleView.html?idxno=1681535
2025-10-09,"INVEST,LAUNCH","BOE , 美 기술주 밸류에이션에 우려 표명",https://news.einfomax.co.kr/news/articleView.html?idxno=4377729
2025-10-08,"INVEST,REGUL","영란은행, 스테이블코인 보유 한도 완화 추진…거래소에 예외 적용 검토",https://www.topstarnews.net/news/articleView.html?idxno=15831997
2025-10-08,REGUL,"영국 중앙은행, 스테이블코인 규제 완화 예고",https://www.digitaltoday.co.kr/news/articleView.html?idxno=596031
2025-10-07,REGUL,"[환경정책, 새로운 장을 열다 ④] CCS, 경제성 확보가 연착륙의 열쇠",https://kidd.co.kr/news/243462
2025-10-06,LAUNCH,"이례적 장기 휴장후 개장 앞둔 코스피, 변동성 확대 주의보",http://www.hansbiz.co.kr/news/articleView.html?idxno=781806
2025-10-06,LAUNCH,추석연휴에도 미장은 달린다…셧다운으로 각종 통계발표는 불투명[D’s...,https://www.donga.com/news/Economy/article/all/20251005/132508219/1
2025-10-05,INVEST,英 인플레 재가속·성장 둔화…스태그플레이션 우려↑,https://www.ajunews.com/view/20251002123703016
2025-10-02,"INVEST,ORDER,PARTNERSHIP","공정 안정성 책임진다… 유니셈 칠러, OLED 라인 핵심 장착",https://www.pinpointnews.co.kr/news/articleView.html?idxno=382510
2025-10-02,"LAUNCH,REGUL","英 중앙은행 총재 ""스테이블코인, 은행 의존도 낮출 수 있다""",https://www.digitaltoday.co.kr/news/articleView.html?idxno=595480
2025-10-02,"INVEST,REGUL",[목요일 아침에] 누가 ‘테메레르 전함’ 예인선 침몰시키나,https://www.sedaily.com/NewsView/2GZ0RSPYK1
2025-10-02,"INVEST,LAUNCH,ORDER","[초점]  BOE , 디스플레이 넘어 로봇·AI 산업 출사표",https://www.g-enews.com/view.php?ud=202510011809517057fbbec65dfb_1
2025-10-02,"LAUNCH,REGUL","英 중앙은행 총재 ""스테이블코인, 보험제도 없으면 지속불가""…규제 초...",https://www.tokenpost.kr/news/cryptocurrency/291009
2025-10-01,"INVEST,REGUL","코스닥 기관, 파마리서치·레인보우로보틱스 매도 압력… 차익실현 본격...",https://www.pinpointnews.co.kr/news/articleView.html?idxno=382291
2025-10-01,"INVEST,LAUNCH",딜링룸 24시…챙겨봐야 할 국제경제뉴스,https://news.einfomax.co.kr/news/articleView.html?idxno=4377129
2025-09-30,LAUNCH,"원플러스, 차기 플래그십 '원플러스 15' 10월 27일 출시 암시",https://kbench.com/?q=node/271896
2025-09-30,INVEST,"中 디스플레이 기업  BOE , 400억 출자해 로봇 자회사 설립",https://www.irobotnews.com/news/articleView.html?idxno=42646
2025-09-29,LAUNCH,"뉴로메카, E-ONG과 합작법인 설립…중국 로봇 시장 본격 진출",https://www.epnc.co.kr/news/articleView.html?idxno=323086
2025-09-29,"CERT,INVEST",‘기본기’로 제조 위상 높이고 ‘혁신성’으로 세계 주도,https://www.junggi.co.kr/article/articleView.html?no=34574
2025-09-29,"CERT,INVEST,LAUNCH,ORDER","뉴로메카, 중국 LTOM 그룹 E-ONG과 합작법인 설립…세계 최대 로봇 시장...",https://www.hankyung.com/article/202509294236O
2025-09-29,"CERT,INVEST,LAUNCH","뉴로메카, 中 충칭에 합작법인 설립…글로벌 로봇 시장 본격 진출",http://www.newstown.co.kr/news/articleView.html?idxno=654614
2025-09-29,"CERT,INVEST,ORDER","뉴로메카, LTOM 그룹 E-ONG과 합작법인 설립…세계 최대 중국 로봇 시장...",https://www.etoday.co.kr/news/view/2511210
2025-09-29,"CERT,INVEST,ORDER","뉴로메카, LTOM 그룹 E-ONG과 합작법인 설립",https://www.ebn.co.kr/news/articleView.html?idxno=1680469
2025-09-29,"CERT,INVEST,LAUNCH,PARTNERSHIP","[더벨]삼성D·LGD, 하반기 '성수기' 수요에 호실적 자신",https://www.thebell.co.kr/free/content/ArticleView.asp?key=202509261841024800109246
2025-09-29,LAUNCH,[뉴욕 마켓 브리핑](29일),https://news.einfomax.co.kr/news/articleView.html?idxno=4376655
2025-09-29,"CERT,INVEST,LAUNCH,ORDER","뉴로메카, LTOM 그룹 E-ONG과 합작법인 설립…중국 로봇 시장 본격 진출",https://www.pinpointnews.co.kr/news/articleView.html?idxno=381125
2025-09-28,INVEST,"첨단산업 밀어주는 中, 7개 분야 '글로벌 1위' 배출",https://www.hankyung.com/article/2025092832451
2025-09-28,"INVEST,LAUNCH,REGUL",[ET톡]공격 필요한 디스플레이,https://www.etnews.com/20250926000210
2025-09-28,"INVEST,LAUNCH",외환위기 방파제 '한미 통화스와프'…비기축국 한계 딛고 美 설득할까,https://www.newsis.com/view/NISX20250927_0003346812
2025-09-27,INVEST,"점유율 30%선도 위태한 한국 디스플레이...""OLED도 중국 내어줄 판""",https://www.joongang.co.kr/article/25370440
2025-09-26,"INVEST,LAUNCH","이청 삼성D 대표 ""8.6G 순항...내년 3분기 양산""",http://www.thelec.kr/news/articleView.html?idxno=41520
2025-09-26,"INVEST,LAUNCH","이청 삼성디스플레이 사장 ""내년 3분기 8.6세대 IT OLED 양산""",http://www.whitepaper.co.kr/news/articleView.html?idxno=252629
2025-09-26,"INVEST,LAUNCH","이청 삼성디스플레이 사장 ""8.6세대 IT OLED, 내년 2~3분기 양산""",https://www.newscj.com/news/articleView.html?idxno=3322507
2025-09-26,"INVEST,LAUNCH","이청 ""8.6G IT OLED 양산 내년 3분기 예상""",https://dealsite.co.kr/articles/148952
2025-09-26,INVEST,"삼성·LG, AI·OLED로 돌파구 모색…'디스플레이의 날'이 던진 메시지",https://www.abcn.kr/news/articleView.html?idxno=82922
2025-09-26,"INVEST,LAUNCH","이청 삼성디스플레이 사장 ""8.6세대 OLED 내년 2~3분기 양산""",https://www.greened.kr/news/articleView.html?idxno=331637
2025-09-26,"INVEST,LAUNCH","'삼성·LG' K-디스플레이 수장들 ""하반기 실적, 긍정적""",http://www.fnnews.com/news/202509261646055946
2025-09-26,INVEST,"이청 삼성D 사장 ""8.6세대 OLED 내년 2분기 말 양산""",http://news.bizwatch.co.kr/article/industry/2025/09/26/0056
2025-09-26,"INVEST,LAUNCH",삼성D·LGD “하반기 실적 긍정적으로 보고 있다”,https://biz.heraldcorp.com/article/10584630?ref=naver
2025-09-26,INVEST,"삼성D 이청 ""8.6세대 OLED, 이르면 내년 2분기 말 양산""",http://www.inews24.com/view/1891318
2025-09-26,"INVEST,LAUNCH","이청 삼성디스플레이 사장 ""내년 2~3분기 8.6세대 IT OLED 양산""",https://biz.newdaily.co.kr/site/data/html/2025/09/26/2025092600380.html
2025-09-26,"INVEST,LAUNCH","삼성·LG디스플레이 모두 ""실적 개선""…삼성D ""내년 3분기 8.6세대 양산""",https://view.asiae.co.kr/article/2025092618353533070
2025-09-26,"INVEST,LAUNCH,ORDER",이청 삼성D 사장 “8.6세대 내년 3Q 양산 예정…일관된 정부 세제 혜택 ...,https://www.etoday.co.kr/news/view/2510800
2025-09-26,"INVEST,LAUNCH","이청 삼성D 사장 ""내년 3분기 8.6세대 IT OLED 양산""",https://www.yna.co.kr/view/AKR20250926049000003?input=1195m
2025-09-26,"INVEST,LAUNCH","이청 삼성D 사장 ""8.6세대 내년 양산...폴더블 고객사 확대""",https://www.newspim.com/news/view/20250926000949
2025-09-26,INVEST,"정철동 LGD 사장 ""8.6세대 투자, 가능성 있어""",https://www.newstopkorea.com/news/articleView.html?idxno=40060
2025-09-26,ORDER,"이청 삼성디스플레이 사장 ""8.6세대 OLED, 내년 2분기 말 양산""",https://news.einfomax.co.kr/news/articleView.html?idxno=4376525
2025-09-26,"INVEST,LAUNCH","이청 삼성디스플레이 ""8.6세대 OLED 내년 3분기 양산…북미 폴더블 고객...",https://www.ddaily.co.kr/page/view/2025092618044693673
2025-09-26,"INVEST,LAUNCH,ORDER","삼성D 이청 ""8.6세대 내년 양산…일관된 세제혜택 필요""",http://www.edaily.co.kr/news/newspath.asp?newsid=03932726642304056
2025-09-26,"INVEST,LAUNCH","이청 삼성디스플레이 사장 ""세제 혜택 일관돼야...8.6세대 내년 3분기 양...",https://zdnet.co.kr/view/?no=20250926175247
2025-09-26,INVEST,"'AX 속도전' 주문한 구광모… ""中, 우리보다 자본·인력 3~4배 투자""",https://www.thepublic.kr/news/articleView.html?idxno=278231
2025-09-26,"INVEST,LAUNCH",美 3500억달러 선불 요구 통화스와프 난항…외환 리스크 우려,https://www.pointdaily.co.kr/news/articleView.html?idxno=272040
2025-09-26,ORDER,"""中 추격에 체질 개선 절실""…LG 구광모, AI 전환·선택과 집중 속도전",https://www.mstoday.co.kr/news/articleView.html?idxno=98953
2025-09-26,"INVEST,LAUNCH,REGUL","“투자 中 못따라가” 구광모의 위기론 속 LG, 선택과 집중 속도전…“...",https://www.sedaily.com/NewsView/2GY1W48G1X
2025-09-25,"INVEST,LAUNCH,PARTNERSHIP","삼성디스플레이, 타이베이서 'OLED IT 서밋 2025' 개최",https://www.mediapen.com/news/view/1045551
2025-09-25,"INVEST,LAUNCH,ORDER","AP시스템, 中 비전옥스 8세대 OLED 장비 수주",https://www.etnews.com/20250925000333
2025-09-25,"LAUNCH,PARTNERSHIP,REGUL",[더벨]석유화학산업이 마주한 숙명,https://www.thebell.co.kr/free/content/ArticleView.asp?key=202509231534568160102815
2025-09-23,INVEST,"""BOE, 8.6세대 OLED 조기 양산""…삼성D 추격 가속",https://dealsite.co.kr/articles/148712
2025-09-23,INVEST,디스플레이 업계 “OLED마저 中에 내줄 판…稅혜택 확대 등 정부 강력지...,https://biz.heraldcorp.com/article/10581782?ref=naver
2025-09-22,"INVEST,LAUNCH,PARTNERSHIP","""中과 너무 달라""…아쉬움 커진 K-디스플레이 시장",https://www.newstopkorea.com/news/articleView.html?idxno=30648
2025-09-18,"INVEST,LAUNCH","삼성디스플레이 찾은 이재용, 차세대 OLED 생산라인 점검",https://www.joongang.co.kr/article/25367767
2025-09-17,"INVEST,LAUNCH","이재용, 삼성디스플레이 아산 방문…中 추격 따돌릴 차세대 OLED 라인 점...",https://www.joongang.co.kr/article/25367724
2025-09-16,"LAUNCH,REGUL",설자리 잃은 韓제조업…中 엑소더스 심화,https://www.hankyung.com/article/2025091678651
2025-09-15,"INVEST,LAUNCH,ORDER","[DD퇴근길] 통신 침해사고, 5G는 안전?…""통신망 위험, 완전 제거 불가""",https://www.ddaily.co.kr/page/view/2025091516403501737
2025-09-15,"INVEST,LAUNCH","TCL  CSOT , 8.6세대 잉크젯 OLED 라인 건설 착수…5조7550억원 규모 [소부...",https://www.ddaily.co.kr/page/view/2025091515415789721
2025-09-15,"INVEST,LAUNCH","'신무기' 잉크젯 장착... CSOT , 8세대 OLED에 5.8조 투자",https://www.etnews.com/20250915000311
2025-09-13,"INVEST,LAUNCH","CSOT , 8.6세대 잉크젯 프린팅 OLED 투자 발표",http://www.thelec.kr/news/articleView.html?idxno=40708
2025-09-12,"INVEST,REGUL",[기자수첩] 소니도 포기했던 4000만대...삼성의 결단은?,http://www.thelec.kr/news/articleView.html?idxno=40686
2025-09-11,"INVEST,LAUNCH",LGD ‘턴어라운드’…믿을맨은 ‘TV향 OLED’,http://www.newstomato.com/ReadNews.aspx?no=1274579&inflow=N
2025-09-10,"CERT,INVEST","비자 단속 넘어 기술 요구까지…국내 기업, 美 투자 딜레마 속 '中 트라...",https://www.thepublic.kr/news/articleView.html?idxno=276057
2025-09-10,"CERT,INVEST,LAUNCH,REGUL","LG디스플레이, LCD 접고 OLED에 베팅",https://www.fetv.co.kr/news/article.html?no=200804
2025-09-09,"CERT,INVEST,REGUL",美 대형 프로젝트 공정 차질·원가 상승 유발 … 섣불리 기술 주면 '中 ...,https://biz.newdaily.co.kr/site/data/html/2025/09/09/2025090900165.html
2025-09-09,"CERT,INVEST,LAUNCH","中 ‘RGB·OLED’ 맹추격⋯ 삼성·LG, ‘기술 초격차’ 맞대응",https://www.viva100.com/article/20250909500952
2025-09-08,INVEST,“中 올해 2분기도 OLED 점유율 50% 육박”… 대규모 설비 투자에 IT 시장...,https://biz.chosun.com/it-science/ict/2025/09/08/3PZCRPPOYZELJLOYB7IAYI5RIY/?utm_source=naver&utm_medium=original&utm_campaign=biz
2025-09-08,"CERT,INVEST,LAUNCH,ORDER,PARTNERSHIP","[더벨][다시 뛰는 K-OLED 소부장]선익시스템, 8.6세대 증착장비 양분 'BO...",https://www.thebell.co.kr/free/content/ArticleView.asp?key=202508211531548280109266
2025-09-08,"INVEST,REGUL",SK·LG·롯데…“현금 사수하라” 구조조정·유동화 ‘올인',http://www.fntimes.com/html/view.php?ud=202509060530265555dd55077bc2_18
2025-09-03,"CERT,LAUNCH","LG디스플레이, 별도 기준 14분기 연속 '적자'",https://www.startuptoday.co.kr/news/articleView.html?idxno=502850
2025-09-03,LAUNCH,중소형 OLED 앞세운 LG디스플레이...게이밍 시장 공략 속도,https://www.mediapen.com/news/view/1040437
2025-09-02,LAUNCH,"""2028년, 中 디스플레이 점유율 75%…韓 8%""",https://www.newsis.com/view/NISX20250902_0003312561
2025-09-02,"INVEST,LAUNCH",中 8.6세대 IT OLED 투자 가속화…국내 장비업계 '단비',https://zdnet.co.kr/view/?no=20250902095020
2025-09-02,INVEST,2028년 中 디스플레이 점유율 75% 차지…생산능력 1위,http://www.edaily.co.kr/news/newspath.asp?newsid=03312806642296184
2025-09-02,INVEST,"중국, 2028년 디스플레이 생산능력 점유율 75% 전망",https://www.greened.kr/news/articleView.html?idxno=330569
2025-09-02,INVEST,중국 디스플레이 점유율 75% 눈앞…韓·日 하락세 뚜렷,https://www.etoday.co.kr/news/view/2502331
2025-09-01,"INVEST,LAUNCH","iM증권 “LX세미콘, 올해 실적 성장 제한적⋯중장기적 접근 필요”",https://www.etoday.co.kr/news/view/2501790
2025-08-29,CERT,"한국 LED 특허 확보한 中 레킨, 특허수익화에 韓 기업 '충격파'",http://www.thelec.kr/news/articleView.html?idxno=40050
2025-08-29,INVEST,"LG그룹 '리밸런싱' 본격화, 비핵심자산 매각과 인력 구조조정으로 침체...",https://www.businesspost.co.kr/BP?command=article_view&num=409670
2025-08-27,"INVEST,LAUNCH,PARTNERSHIP","[더벨][Sanction Radar]삼성·LG LCD 공장 품은  CSOT , '제2의 BOE' 되나",https://www.thebell.co.kr/free/content/ArticleView.asp?key=202508201602307560106292
2025-08-27,"INVEST,LAUNCH,ORDER","[ANDA 포커스] 아바코, 中 OLED 수혜 본격화...""추가 수주 예상""",https://www.newspim.com/news/view/20250825001083
2025-08-27,"INVEST,ORDER",[핀포인트] [삼성전자] 경쟁력 위태로운 반도체·디스플레이,https://news.dealsitetv.com/articles/158215
2025-08-26,"INVEST,LAUNCH","삼성디스플레이 중국 추격에 중소형 OLED 점유율 40% 불안, 이청 폴더블...",https://www.businesspost.co.kr/BP?command=article_view&num=409149
2025-08-26,INVEST,"""중국 2028년 세계 디스플레이 생산능력 75%, 한국은 8%""",http://www.thelec.kr/news/articleView.html?idxno=39865
2025-08-26,"INVEST,LAUNCH","'중국 1위 BOE 주춤' K-디스플레이, 중국 따돌릴 절호의 기회",https://www.epnc.co.kr/news/articleView.html?idxno=321396
2025-08-26,"INVEST,LAUNCH","애플 접으면, 우린 주름 편다…中 따돌릴 K디스플레이 승부수",https://www.joongang.co.kr/article/25361648
2025-08-25,INVEST,'사람' 중심 구본무 선대 회장…'실용주의' 앞세운 구광모 회장,https://it.chosun.com/news/articleView.html?idxno=2023092146255
2025-08-21,"INVEST,ORDER","선익시스템, 고무적인 이익률과 신사업 기대감 고려해야-유진",http://www.edaily.co.kr/news/newspath.asp?newsid=02368166642269616
2025-08-20,"CERT,INVEST,LAUNCH","[영상] BOE 미 수출금지 한국 반사이익, 애플에 달렸다",http://www.thelec.kr/news/articleView.html?idxno=39655
2025-08-20,INVEST,"中 '이구환신' 보조금, 디스플레이 수요 당겨쓰나…한국 밸류체인 리스...",https://www.greened.kr/news/articleView.html?idxno=330130
2025-08-19,"INVEST,LAUNCH,REGUL",'BOE 철퇴'에도 韓 디스플레이 수혜 제한적인 이유는,https://www.dailian.co.kr/news/view/1536938/?sc=Naver
2025-08-18,"INVEST,LAUNCH,ORDER","中 OLED 투자, 韓 장비업체에겐 오히러 기회?",https://www.sisajournal-e.com/news/articleView.html?idxno=414484
2025-08-18,"LAUNCH,REGUL",K-Display 2025에서 살펴본 디스플레이의 미래,https://www.ekoreanews.co.kr/news/articleView.html?idxno=81690
2025-08-18,"INVEST,LAUNCH","LG디스플레이, 10분기만에 순차입금 11조 원대로↓",http://www.datanews.co.kr/news/article.html?no=140213
2025-08-18,INVEST,"대형 OLED, '모니터' 등 시장 확장…中 추격에 삼성·LGD 위기",https://dealsite.co.kr/articles/146606
2025-08-18,"LAUNCH,PARTNERSHIP","[더벨][LG전자·IT 패러다임 시프트]'중국 두렵다' 경영진의 속내, 견제...",https://www.thebell.co.kr/free/content/ArticleView.asp?key=202508111451236880103047
2025-08-17,"LAUNCH,ORDER","DX부문 원재료 부담 '쑥'…삼성전자, 비용절감 중요성 커졌다",https://www.asiatoday.co.kr/view.php?key=20250817010007701
2025-08-15,LAUNCH,"""2028년 모니터 시장서 OLED 침투율 5% 가능성""...올해는 2% 기대",http://www.thelec.kr/news/articleView.html?idxno=39525
2025-08-14,INVEST,중국 덫에 걸린 한국 경제 [이병철의 세계를 보는 눈],https://www.kukinews.com/article/view/kuk202508120186
2025-08-14,"INVEST,LAUNCH",BOE 美 퇴출 전망에도 웃는 美 UDC...'청색소자' 390조 OLED 지배한다,http://www.fnnews.com/news/202508141325569885
2025-08-14,"INVEST,LAUNCH","LG디스플레이 OLED사업 'BOE 미국 퇴출'에 반사이익 기대, 남은 변수는",https://www.businesspost.co.kr/BP?command=article_view&num=407678
2025-08-12,"INVEST,LAUNCH,ORDER,REGUL","디스플레이 소부장, 中 기술유출에 끙끙…'최대 고객사' 딜레마 속 외줄...",https://www.newspost.kr/news/articleView.html?idxno=216500
2025-08-11,"INVEST,LAUNCH","K-디스플레이, 소부장 기술이 만드는 혁신의 미래",https://www.viva100.com/article/20250810500500
2025-08-08,"INVEST,PARTNERSHIP","“OLED는 애국, LCD는 매국”…디스플레이 글로벌 경쟁, 이것만 기억하...",https://www.mk.co.kr/article/11387829
2025-08-10,"INVEST,LAUNCH","조주완 LG전자 밸류업 속도, 자사주 추가 매입·소각과 배당 확대 기대...",https://www.businesspost.co.kr/BP?command=article_view&num=406962
2025-08-09,LAUNCH,"‘양산 공언’ 中 잉크젯 프린팅 OLED 기술, 정말 극악 수율 잡은걸까? ...",https://biz.heraldcorp.com/article/10550287?ref=naver
2025-08-09,"CERT,ORDER","특허 침해엔 사법 치료를…삼성·LG, 中 기업에 소송 릴레이",https://it.chosun.com/news/articleView.html?idxno=2023092145502
2025-08-08,LAUNCH,"애플 가세에 불붙은 폴더블 시장…SK머티, 핵심 소재 '승부수'",https://www.ebn.co.kr/news/articleView.html?idxno=1673775
2025-08-08,"INVEST,LAUNCH,ORDER","""오성홍기 압록강 넘었다"" 마지막 참호전 돌입한 K디스플레이",https://www.econovill.com/news/articleView.html?idxno=706711
2025-08-07,"INVEST,LAUNCH","""중국, OLED도 LCD처럼 저가로 한국 무너뜨린다"", 로봇·AR·웨어러블용...",https://www.businesspost.co.kr/BP?command=article_view&num=406731
2025-08-07,INVEST,美 관세 여파에 디스플레이 수요 둔화…내년이 분수령,https://dealsite.co.kr/articles/146047
2025-08-06,"INVEST,LAUNCH","CSOT  ""8세대 잉크젯 OLED 투자, 이르면 이달 발표""",http://www.thelec.kr/news/articleView.html?idxno=39099
2025-08-06,"INVEST,LAUNCH","삼성·LG디스플레이, 고부가 제품 주력...하반기 실적 날개 달까",https://www.mediapen.com/news/view/1034514
2025-08-06,"INVEST,ORDER",아바코 주가 다시 움직이나... 중국 OLED 투자 훈풍 타고 실적 신기록 가...,https://www.pinpointnews.co.kr/news/articleView.html?idxno=366108
2025-08-05,LAUNCH,"“50만회 접어도 끄떡없다”...‘1등 폴더블 기술’ 삼성디스플레이, 선...",https://www.mk.co.kr/article/11385648
2025-08-05,INVEST,"턴어라운드 노리는 LGD ""AI로 올해 2000억원 비용 절감""",https://www.sisajournal-e.com/news/articleView.html?idxno=414063
2025-08-05,"INVEST,ORDER","[아침밥] 유진증권 ""선익시스템, 비전옥스 수주 연내 반영 못할 것""",https://www.moneys.co.kr/article/2025080507595384334
2025-08-05,"INVEST,ORDER","선익시스템, 수주 연속성 우려에 목표가↓- 유진",http://www.edaily.co.kr/news/newspath.asp?newsid=02794566642264368
2025-08-01,LAUNCH,TCL 'QD-미니 LED 모니터' 5종 출시,https://www.news1.kr/industry/general-industry/5866619
2025-08-01,"CERT,LAUNCH","TCL, QD-미니 LED 탑재한 프리미엄 모니터 5종 출시",https://www.ajunews.com/view/20250801150822130
2025-08-01,CERT,"TCL, QD-미니 LED 탑재한 프리미엄 모니터 5종 선보여",https://economist.co.kr/article/view/ecn202508010039
2025-08-01,"CERT,LAUNCH","TCL, QD-미니 LED 탑재한 모니터 5종 출시",http://www.edaily.co.kr/news/newspath.asp?newsid=04260726642263056
2025-08-01,CERT,"TCL, ‘QD-미니 LED 모니터’ 5종 선봬… QLED와 미니 LED의 장점 결합",https://www.sedaily.com/NewsView/2GWGHQTRWA
2025-08-01,LAUNCH,'제 2의 검은 신화 오공' 나올까? 차이나조이 2025 개막,https://www.gamemeca.com/mv.php?inflow=naver&gid=1764240
2025-07-30,CERT,"삼성디스플레이, LGD 특허 취득해 BOE 특허전 강화",http://www.wolyo.co.kr/news/articleView.html?idxno=263133
2025-07-30,"INVEST,LAUNCH,ORDER,PARTNERSHIP,REGUL",[Who Is ?] 최용하 코미코 대표이사 사장,https://www.businesspost.co.kr/BP?command=article_view&num=405487
2025-07-30,LAUNCH,"삼성, 프리미엄 TV 방어전…'마이크로 LED' 단 'LCD'로",https://dealsite.co.kr/articles/145453
2025-07-29,INVEST,"정철동 사장 ""새로운 생각과 시도로 혁신 앞당기자""…올해 턴어라운드 ...",http://www.g-enews.com/ko-kr/news/article/news_all/2025072911533342246ed0c62d49_1/article.html
2025-07-28,LAUNCH,"‘폴더블 OLED’도 넘보는 中…TCL, 레노버 신제품에 공급",http://www.edaily.co.kr/news/newspath.asp?newsid=03719526642239112
2025-07-28,LAUNCH,"붉은사막·카잔, 중국 콘솔 시장 정조준…차이나조이 출격",https://www.etnews.com/20250728000264
2025-07-24,"INVEST,LAUNCH","LGD, 2분기 적자 전환…""하반기 OLED 성과로 반등""(종합)",http://www.edaily.co.kr/news/newspath.asp?newsid=04651046642237800
2025-07-24,"INVEST,LAUNCH",LG디스플레이 다시 적자···2분기 영업손실 1160억원,https://www.sisajournal-e.com/news/articleView.html?idxno=413678
2025-07-24,LAUNCH,많이 팔면 뭐하나…삼성·LG TV '밑지는 장사' 언제까지,https://it.chosun.com/news/articleView.html?idxno=2023092144561
2025-07-23,"CERT,INVEST,LAUNCH",'애플 효과' 폴더블폰 시장 판도 변화…관련 부품주 '함박 웃음' [한양경...,https://www.kyeonggi.com/article/20250723580339
2025-07-23,REGUL,中LCD 되는데 '국가핵심기술' OLED 제외 …'가전 환급사업' 논란,https://www.hankyung.com/article/202507236938i
2025-07-23,"CERT,LAUNCH",갤럭시 이어 애플까지 폴더블 패널 독점…삼성D 세계 1위 ‘수성’,http://www.newstomato.com/ReadNews.aspx?no=1269399&inflow=N
2025-07-23,"INVEST,ORDER","아바코, BOE 대규모 수주에 '역대급' 실적 전망",http://www.ftoday.co.kr/news/articleView.html?idxno=345038
2025-07-22,"CERT,INVEST,LAUNCH,ORDER,REGUL",[Who Is ?] 유호선 AP시스템 대표이사 사장,https://www.businesspost.co.kr/BP?command=article_view&num=404340
2025-07-21,"INVEST,LAUNCH","에이치엔에스하이텍, ""실적·밸류에이션·주주환원"" 3박자 모두 갖춘 소...",http://www.globalepic.co.kr/view.php?ud=2025072117561849645ebfd494dd_29
2025-07-21,"INVEST,LAUNCH","""애플 효과 통할까""…LG디스플레이, 3분기 실적 회복 '청신호'",https://www.econovill.com/news/articleView.html?idxno=704343
2025-07-21,LAUNCH,"갤럭시 Z 7시리즈, 삼성디스플레이 'OCF' 기술 장착",https://www.greened.kr/news/articleView.html?idxno=328981
2025-07-21,"INVEST,LAUNCH","""LG디스플레이, 환율 하락·중국 LCD 공장 매각 등의로 2분기 실적 부진...",https://www.news2day.co.kr/article/20250721500135
2025-07-21,"INVEST,LAUNCH","[키-리포트] iM ""LG디스플레이, 실적 일시 둔화""",http://www.newsdream.kr/news/articleView.html?idxno=90038
2025-07-21,"INVEST,LAUNCH","""LG디스플레이, 2분기 실적 일시적 부진 예상""-iM",https://www.hankyung.com/article/2025072106066
2025-07-21,LAUNCH,"삼성·LG디스플레이, LTPO로 中 추격 견제…OLED 주도권 방어전",https://www.newspim.com/news/view/20250718000759
2025-07-18,LAUNCH,"""韓, 마이크로 LED 공급망 똑바로 세워야""",https://zdnet.co.kr/view/?no=20250718102748
2025-07-18,"INVEST,LAUNCH,ORDER,REGUL","[산업썰전] DB하이텍, '65%' 너무 높은 중국 매출 비중...""향후 독 될수...",https://www.joongangenews.com/news/articleView.html?idxno=435618
2025-07-16,"CERT,INVEST,LAUNCH,ORDER,PARTNERSHIP,REGUL",7월 3주 주요 제조업 전망,https://www.laborplus.co.kr/news/articleView.html?idxno=35964
2025-07-15,LAUNCH,중국 디스플레이 급성장 이면엔…한국 OLED 기술 ‘무단 침해’,http://www.newstomato.com/ReadNews.aspx?no=1268469&inflow=N
2025-07-15,INVEST,[2025 상반기 리그테이블] [M&A회계자문] 언스트앤영 이름값 못하는 한영...,https://dealsite.co.kr/articles/144271
2025-07-14,"INVEST,LAUNCH","[데스크 칼럼] LG디스플레이의 '계륵' 신세, 이대로 괜찮나",https://www.greenpostkorea.co.kr/news/articleView.html?idxno=302772
2025-07-13,"INVEST,LAUNCH,REGUL","LG디스플레이의 ‘리쇼어링’, 한국 경제 마중물 될까",https://shindonga.donga.com/3/all/13/5718796/1
2025-07-11,"LAUNCH,PARTNERSHIP","[더벨]'TV 수익성 악화' 삼성전자, BOE 카드 꺼냈다",https://www.thebell.co.kr/free/content/ArticleView.asp?key=202507081702164480106160
2025-07-11,"INVEST,LAUNCH",[CEO투데이] '폴더블 제왕' 이청 삼성디플 사장의 기술 혁신법,http://www.seoulwire.com/news/articleView.html?idxno=660043
2025-07-09,"INVEST,LAUNCH","中, 8.6세대 OLED에 '잉크젯 프린팅' 도입 승부수…삼성·LGD 추격",https://zdnet.co.kr/view/?no=20250709091820
2025-07-09,INVEST,"TCL  CSOT , 3.8조 투자 8.6세대 OLED 양산 추진",https://it.chosun.com/news/articleView.html?idxno=2023092143833
2025-07-08,"INVEST,LAUNCH,PARTNERSHIP","[더벨][Company Watch]'체질개선' LG전자, 미 관세 영향 타개 '고군분투'",https://www.thebell.co.kr/free/content/ArticleView.asp?key=202507071031130520106292
2025-07-07,"INVEST,LAUNCH,ORDER",[기로에 선 LGD ②] TV 철수 끝 아니었나 맥북도 흔들…LCD 지배력 '위험...,https://www.1conomynews.co.kr/news/articleView.html?idxno=41980
2025-07-04,INVEST,"LG디스플레이, 중국 → 한국 유턴… 새 정부 첫 대규모 투자",http://www.yonhapmidas.com/article/250704142201_942626
2025-09-27,"INVEST,LAUNCH,ORDER,PARTNERSHIP","에프엔에스테크, 반도체·디스플레이 핵심 소재 국산화로 새로운 성장동...",https://www.pointdaily.co.kr/news/articleView.html?idxno=272185
2025-09-27,"INVEST,ORDER","에프엔에스테크, 국산 CMP Pad 확대와 유리기판 개발... 장기 수익성 개...",https://www.pinpointnews.co.kr/news/articleView.html?idxno=380878
2025-09-27,"INVEST,LAUNCH","LG디스플레이, OLED 기술로 중국 추격 따돌린다 …시장 기대감 고조",https://www.econovill.com/news/articleView.html?idxno=713010
2025-09-27,"INVEST,LAUNCH","정철동 LG디스플레이 사장 ""韓 디스플레이 미래 OLED…시장기대 부응, 실...",https://www.ziksir.com/news/articleView.html?idxno=106264
2025-09-27,"INVEST,LAUNCH","LGD, OLED 중심 실적 자신감…정철동 ""기술로 中 추격 따돌릴 것""",https://www.ebn.co.kr/news/articleView.html?idxno=1680342
2025-09-27,"INVEST,LAUNCH","""OLED가 답이다"" LG디스플레이, 중국 추격 따돌리며 실적 반등",https://www.dailian.co.kr/news/view/1554649/?sc=Naver
2025-09-27,INVEST,"삼성·LG 디스플레이 수장  ""하반기 실적 반등 자신""",https://www.ebn.co.kr/news/articleView.html?idxno=1680337
2025-09-26,"INVEST,LAUNCH","삼성D·LGD 수장, '하반기 실적 개선' 자신감… 中 추격에 맞설 무기는 ...",https://www.newscj.com/news/articleView.html?idxno=3322534
2025-09-26,"INVEST,LAUNCH","정철동 LGD 사장, 연간 흑자 자신감 …""中 따돌릴 차별적 기술은 OLED""",http://www.whitepaper.co.kr/news/articleView.html?idxno=252628
2025-09-26,INVEST,"정철동 LG디스플레이 사장 ""하반기 더 좋은 실적 기대""",https://www.greened.kr/news/articleView.html?idxno=331635
2025-09-26,"INVEST,LAUNCH","이청 SDC 사장 "" 8.6세대 , 이르면 내년 2분기 양산""",https://www.newstopkorea.com/news/articleView.html?idxno=40061
2025-09-26,"INVEST,LAUNCH","삼성·LG디스플레이 수장들, 中과 OLED 초격차 자신감",https://www.hankyung.com/article/2025092610701
2025-09-26,"INVEST,LAUNCH,ORDER","삼성·LG 디스플레이 수장, 나란히 “하반기 실적 자신감” [종합]",https://www.etoday.co.kr/news/view/2510805
2025-09-26,"INVEST,LAUNCH",삼성·LG디스플레이…中 추격에 맞설 무기는 OLED 기술력,https://www.hankyung.com/article/202509260991i
2025-09-26,INVEST,"정철동 LGD 대표 ""하반기 실적 개선…연간 흑자 위해 최선""",https://news.einfomax.co.kr/news/articleView.html?idxno=4376531
2025-09-26,"INVEST,LAUNCH",“이제 성수기”⋯ 하반기 자신감 드러낸 ‘삼성D·LGD‘,https://www.viva100.com/article/20250926500778
2025-09-26,"INVEST,ORDER",[제16회 디스플레이의 날] 국무총리표창 - 이철성 에스에프에이 전무,https://www.etnews.com/20250926000092
2025-09-26,"INVEST,LAUNCH","삼성디스플레이 수장 ""중국과 공정한 경쟁 위해 기술유출 처벌 강화해야...",https://www.sedaily.com/NewsView/2GY1XI8JAZ
2025-09-26,INVEST,"정철동 LGD 사장 ""하반기 실적, 상반기 이상 개선 있을 것""",https://biz.newdaily.co.kr/site/data/html/2025/09/26/2025092600377.html
2025-09-26,"INVEST,LAUNCH","정철동 LGD 사장 ""中 따돌릴 韓 미래는 OLED""…연간 흑자 자신감",https://www.yna.co.kr/view/AKR20250926050000003?input=1195m
2025-09-24,"INVEST,LAUNCH","상장 접은 파인원, 넉 달 만에 법정관리 신청",https://www.geconomy.co.kr/news/article.html?no=307510
2025-09-24,"INVEST,LAUNCH,ORDER",[급등수사본부] 마이크로 OLED  8.6세대  수요 증가 수혜 '선익시스템' vs ...,https://news.mtn.co.kr/news-detail/2025092419134370437
2025-09-24,"INVEST,LAUNCH",[DD퇴근길] 롯데카드·KT CEO가 정보유출에 대처하는 자세는,https://www.ddaily.co.kr/page/view/2025092417105126819
2025-09-24,"INVEST,LAUNCH","선익시스템, 8.6G 장비 공장 신설…190억원 투자",http://www.thelec.kr/news/articleView.html?idxno=41284
2025-09-24,"INVEST,LAUNCH","[단독] BOE,  8.6세대  OLED 3~4라인 발주 착수…中 내수·애플 물량 겨냥 ...",https://www.ddaily.co.kr/page/view/2025092415281237896
2025-09-24,INVEST,"삼성D·LGD, 디스플레이 위기론에 '세제 지원' 촉구",https://www.ntoday.co.kr/news/articleView.html?idxno=119795
2025-09-24,INVEST,中 정부는 패널값 40% 지원하는데…K디스플레이 대응책은?,https://www.sedaily.com/NewsView/2GY0YA3JJ0
2025-09-24,INVEST,"""韓 디스플레이 위기… 세제·인력보호 등 전방위 지원 필요""",https://www.mt.co.kr/industry/2025/09/23/2025092319055014629
2025-09-23,INVEST,"국회서 호소한 삼성디스플레이·LGD… “경쟁국에 세제 지원 뒤처져, OL...",https://biz.chosun.com/it-science/ict/2025/09/23/2UVSBCVUF5HJDOMXAPEH6RCBWA/?utm_source=naver&utm_medium=original&utm_campaign=biz
2025-09-23,"INVEST,LAUNCH,REGUL","[현장] 中 추격에 흔들리는 K-디스플레이, ""세제·특별법·투자 시급""한...",http://www.popcornnews.net/news/articleView.html?idxno=95425
2025-09-23,"INVEST,REGUL","中 추격에 '벼랑끝' K디스플레이…""세액공제 제도 개선해야""",http://www.edaily.co.kr/news/newspath.asp?newsid=04027846642303072
2025-09-23,"INVEST,LAUNCH","마이크로 LED '선제 투자' 속도내는 中…""AR용 LEDoS도 독점 체인 구축"" ...",https://www.ddaily.co.kr/page/view/2025092316322315749
2025-09-23,"INVEST,LAUNCH,REGUL","""中, 2028년 모바일PC OLED 생산능력 韓 추월""",https://biz.newdaily.co.kr/site/data/html/2025/09/23/2025092300405.html
2025-09-23,INVEST,"""K디스플레이, 中 기술굴기 희생양 될 수도""…삼성·LG, 세액공제 제도...",https://www.sedaily.com/NewsView/2GY0JM8JEC
2025-09-23,"INVEST,LAUNCH","中 추격 속 韓 디스플레이 위기…""제도 지원 없인 밀린다""",https://www.newspim.com/news/view/20250923000997
2025-09-23,"INVEST,ORDER","중국, 디스플레이 패권 장악…""세제·인력보호 정책 필요""",https://www.mt.co.kr/industry/2025/09/23/2025092316282620075
2025-09-23,"INVEST,LAUNCH","2030년 OLED가 LCD 앞지른다…韓, LCD 이어 OLED도 中 추격 위기",https://www.mk.co.kr/article/11427271
2025-09-21,"INVEST,LAUNCH",[CEO 브리핑] 삼성전자 이재용 현장경영 박차...“김상현과 윤상현 그리...,https://www.seoultimes.news/news/article.html?no=2000080939
2025-09-20,INVEST,총수들의 '현장 경영'…이재용 '삼성D' 신동빈 '타임빌라스' 방문 [재계...,https://www.dailian.co.kr/news/view/1551634/?sc=Naver
2025-09-19,"CERT,INVEST,LAUNCH","[주간 서머리] 경제·산업계 ""정부, 롯데카드 정보유출 사고 강력 대응...",https://www.asiaa.co.kr/news/articleView.html?idxno=224274
2025-09-19,"INVEST,LAUNCH","삼성·LG디스플레이, IT용 '탠덤 OLED' 선점…中 진입은 수익성이 관건",https://zdnet.co.kr/view/?no=20250919105754
2025-09-18,INVEST,"천옌순 BOE 회장 ""LCD 산업 3년간 상승 전망""",http://www.thelec.kr/news/articleView.html?idxno=40980
2025-09-18,"INVEST,LAUNCH,ORDER","이재용, 차세대 OLED 점검…中 BOE 추격에 속도전",http://www.fntimes.com/html/view.php?ud=2025091816215433247de3572ddd_18
2025-09-17,INVEST,"이재용, 삼성D 아산캠퍼스 방문…현장 경영 행보 이어가",http://www.inews24.com/view/1888221
2025-09-17,INVEST,"이재용 회장, 삼성디스플레이 아산캠퍼스 생산라인 점검",https://news.tf.co.kr/read/economy/2245038.htm
2025-09-17,INVEST,"이재용 회장, 삼성D 아산 사업장 방문...현장 경영 행보",https://www.asiaa.co.kr/news/articleView.html?idxno=224138
2025-09-17,INVEST,"이재용 회장, 삼성디스플레이 사업장 방문…현장경영 강화",https://news.mtn.co.kr/news-detail/2025091717184612224
2025-09-17,INVEST,"이재용 회장, 현장경영…아산 삼성디스플레이 사업장 방문",https://www.smarttoday.co.kr/news/articleView.html?idxno=91553
2025-09-17,ORDER,"이재용, 현장경영 행보…삼성디스플레이 아산 사업장 방문",https://www.news1.kr/industry/general-industry/5915815
2025-09-16,"INVEST,LAUNCH","""경쟁사 달리는데""...LGD, 8세대 OLED 투자 '신중모드'",https://www.newspim.com/news/view/20250916000683
2025-09-16,INVEST,"[특징주] 아바코, OLED 핵심장비 첫 국산화에 ↑... 8.6세대  대응 이온주...",https://www.cstimes.com/news/articleView.html?idxno=667367
2025-09-16,INVEST,"[베트남 법인 점검] [삼성디스플레이] 삼성D, 베트남 법인 반년 새 자산...",https://dealsite.co.kr/articles/148083
2025-09-15,"INVEST,LAUNCH",日 전유물 이온주입장비 첫 국산화…양산 적용 주목,https://www.etnews.com/20250915000314
2025-09-15,"INVEST,LAUNCH,ORDER,PARTNERSHIP","[더벨][Company Watch]'정전척 솔루션' 이에스티, 예비 기술성평가 돌입",https://www.thebell.co.kr/free/content/ArticleView.asp?key=202509111100366320108936
2025-09-08,"CERT,INVEST,LAUNCH",삼성디스플레이 VS LG디스플레이···'슬림폰 시장' 승자는,https://www.sisajournal-e.com/news/articleView.html?idxno=415067
2025-09-08,"INVEST,LAUNCH,ORDER,PARTNERSHIP","[더벨][다시 뛰는 K-OLED 소부장]검사장비 전문 영우디에스피, 턴어라운...",https://www.thebell.co.kr/free/content/ArticleView.asp?key=202509051520554160103428
2025-09-08,"INVEST,LAUNCH,ORDER,PARTNERSHIP","[ANDA 포커스] 티로보틱스, '무인지게차' 북미 공략…""'피지컬AI' 진출도...",https://www.newspim.com/news/view/20250904000203
2025-10-11,PARTNERSHIP,"IoTrust to showcase fingerprint-authenticated hardware wallet ""D'CENT"" at...",https://us.aving.net/news/articleView.html?idxno=52716
2025-10-10,LAUNCH,삼성 XR 헤드셋 세부 사양 유출…애플·메타와 정면 승부,https://www.digitaltoday.co.kr/news/articleView.html?idxno=596174
2025-10-09,"LAUNCH,PARTNERSHIP,REGUL",은석현 LG전자 VS사업본부장 “가전 노하우로 車 인포테인먼트 혁신 주...,https://www.etoday.co.kr/news/view/2513406
2025-10-02,LAUNCH,"LG디스플레이, '제15회 2025 대한민국 SNS 대상'  IT  제조 부문 대상 수상",https://www.ziksir.com/news/articleView.html?idxno=106967
2025-10-02,LAUNCH,"LGD, ‘제15회 2025 대한민국 SNS 대상'  IT  제조 부문 대상",http://www.datanews.co.kr/news/article.html?no=141092
2025-10-02,LAUNCH,"LG디스플레이, ‘2025 대한민국 SNS 대상’  IT  제조 부문 대상 수상",https://www.etoday.co.kr/news/view/2512644
2025-10-02,LAUNCH,"LGD, '제15회 대한민국 SNS 대상'  IT  제조 부문 대상",http://www.srtimes.kr/news/articleView.html?idxno=187086
2025-10-02,LAUNCH,"LG디스플레이, '대한민국 SNS 대상'  IT  제조부문 대상",https://daily.hankooki.com/news/articleView.html?idxno=1279376
2025-10-02,LAUNCH,"LGD, 2025 대한민국 SNS 대상  IT  제조 부문 대상 수상",https://www.asiaa.co.kr/news/articleView.html?idxno=225676
2025-10-02,LAUNCH,"LG디스플레이, '대한민국 SNS 대상'  IT  제조 부문 대상 수상",https://www.ebn.co.kr/news/articleView.html?idxno=1681109
2025-10-02,LAUNCH,"LGD, '대한민국 SNS 대상' 수상···'기술'·'사람' 가치 집중 성과",https://www.seoulfn.com/news/articleView.html?idxno=608771
2025-10-02,LAUNCH,"'소통왕' LG디스플레이, SNS 가장 잘 쓴 기업 선정",https://weekly.hankooki.com/news/articleView.html?idxno=7131029
2025-10-02,LAUNCH,"LG디스플레이, ‘제15회 2025 대한민국 SNS 대상'  IT  제조 부문 대상 수상",https://www.g-enews.com/view.php?ud=2025100208443381706ed0c62d49_1
2025-10-02,"INVEST,LAUNCH,ORDER",증시 고점 불안한데… 실적 전망 개선된 저평가 종목은?,https://it.chosun.com/news/articleView.html?idxno=2023092148414
2025-10-02,"CERT,INVEST,LAUNCH,ORDER,REGUL","2차전지 관련주, '함박웃움' HB테크놀러지·삼기에너지솔루션즈·피아이...",http://www.finomy.com/news/articleView.html?idxno=240295
2025-10-01,"INVEST,REGUL","코스닥 외국인, 켐트로닉스·토모큐브 매수... 로보티즈·파마리서치 팔...",https://www.pinpointnews.co.kr/news/articleView.html?idxno=382294
2025-10-01,LAUNCH,"슈퍼 마리오 갤럭시, 스위치·스위치2에서 리마스터 패키지로 귀환",https://www.digitaltoday.co.kr/news/articleView.html?idxno=595160
2025-09-30,"INVEST,LAUNCH",M5 맥북 프로 출시 임박…M6 맥북 기다려 보는 건 어떨까,https://www.digitaltoday.co.kr/news/articleView.html?idxno=594969
2025-09-29,"INVEST,LAUNCH","“LG디스플레이, 고객사 내 점유율 확대·물량 정책 기대”<SK證>",https://www.news2day.co.kr/article/20250929500102
2025-09-29,"INVEST,LAUNCH","""LG디스플레이, 주당순이익 상승 예상…목표주가 17.6%↑""",https://www.asiatoday.co.kr/view.php?key=20250929010015395
2025-09-29,INVEST,삼성디스플레이 40조 챙길 때 8조 날려버린 LG디스플레이...이유는?,http://www.financialreview.co.kr/news/articleView.html?idxno=37308
2025-09-28,"INVEST,ORDER","키움 ""삼성전자, 반도체·모바일 동반 호조…10만전자 다시 보인다""",https://www.pinpointnews.co.kr/news/articleView.html?idxno=380985
2025-09-28,LAUNCH,"'따로 또 같이'…삼성 ICT 그룹사, '홍보·비용' 균형 모색 '총력'",https://www.techm.kr/news/articleView.html?idxno=144975
2025-09-27,LAUNCH,"S26 울트라 디스플레이, 차원이 다른 성능 보여준다",https://www.betanews.net/article/view/beta202509270005
2025-10-10,LAUNCH,"출시 임박한 삼성 '프로젝트 무한' 헤드셋, 세부 정보 유출",https://www.aitimes.com/news/articleView.html?idxno=203062
2025-10-10,LAUNCH,"""긴 연휴 끝""...유통업계, '포스트 추석' 할인전 총력",http://www.womentimes.co.kr/news/articleView.html?idxno=91317
2025-10-10,LAUNCH,황금 연휴가 오히려 독?…포스트 추석 노리는 대형마트,http://www.fntimes.com/html/view.php?ud=202510101427523083b5b890e35c_18
2025-10-10,"INVEST,LAUNCH","더 작고, 더 선명하다… 부쉬넬 Pro XM, 거리측정기의 끝판왕 등장",http://www.fnnews.com/news/202510101236494153
2025-10-10,"LAUNCH,PARTNERSHIP",[브리프] 삼성전자 롯데백화점 신세계 현대백화점 이마트 롯데마트 外,http://www.biztribune.co.kr/news/articleView.html?idxno=341336
2025-10-10,INVEST,노란봉투법 덕에 20% 수익…AIM 제닉스 조기회수,https://dealsite.co.kr/articles/149310
2025-10-09,LAUNCH,"긴 연휴 끝, 유통업계 ‘포스트 추석’노린다",https://www.dnews.co.kr/uhtml/view.jsp?idxno=202510090909301920125
2025-10-09,LAUNCH,나만의 콘텐츠를 더욱 손쉽게... 삼성전자 TV와 함께 사용해 본 삼성전...,https://www.ilovepc.co.kr/news/articleView.html?idxno=56323
2025-10-09,"CERT,LAUNCH",[테크M 트렌드] 이 정도면 게임할 맛 나지...게이머 홀리는 프리미엄 게...,https://www.techm.kr/news/articleView.html?idxno=145205
2025-10-08,LAUNCH,"[사설] 中의 무서운 테크 굴기, 이젠 한국이 추격 나설 때",https://www.hankyung.com/article/2025100884681
2025-10-08,LAUNCH,연휴에도 미술관은 '정상운영'…프랑스 명작부터 한국 근현대미술까지,https://www.ajunews.com/view/20250926161923088
2025-10-08,LAUNCH,'최대 고객 삼성SDI' 中  OLED  소재 업체 '지우무화' 상장 시동,https://www.theguru.co.kr/news/article.html?no=92402
2025-10-08,"INVEST,LAUNCH,ORDER","스티브 잡스 반대 불구, 애플 터치스크린 맥북 프로 개발 ing?",https://www.theguru.co.kr/news/article.html?no=92574
2025-10-06,LAUNCH,"LG전자, 9월 美 전역서 '이노베이션 데이즈' 성료…""기술 넘어 삶의 변화...",https://www.theguru.co.kr/news/article.html?no=92407
2025-10-05,"CERT,LAUNCH",“명절엔 공짜”…미술관 나들이 가볼까,https://biz.heraldcorp.com/article/10589641?ref=naver
2025-10-05,CERT,"국립현대미술관, 추석맞이국현미방문 SNS 인증 이벤트 개최",http://www.withinnews.co.kr/news/view.html?section=190&category=191&item=&no=37398
2025-10-05,ORDER,전기차·선박 모듈 시장 동시 공략… 에이텀 글로벌 경쟁력 강화,https://www.pinpointnews.co.kr/news/articleView.html?idxno=382968
2025-10-05,"CERT,LAUNCH","[서은정의 아트4U] 추석 연휴, 국립현대미술관서 '쉼'과 '예술' 동시에",https://www.womaneconomy.co.kr/news/articleView.html?idxno=242746
2025-10-05,"CERT,INVEST,LAUNCH,REGUL",[테마 톡톡-③ 로봇] 노란봉투법 이후 사람 대신 로봇…자동화 대세로,https://www.etoday.co.kr/news/view/2511944
2025-10-05,"LAUNCH,PARTNERSHIP","TV, 예술을 만나다...세계적 갤러리 소장품을 집안에서",https://www.mt.co.kr/industry/2025/10/05/2025100410464088436
2025-10-04,"CERT,LAUNCH",추석연휴 북촌·서촌서 무료 전시 어때?…현대미술관 4개관 무료,https://www.newspim.com/news/view/20251001000947
2025-10-02,"CERT,ORDER","수소차 관련주, '웃음꽃' 미코·두산퓨얼셀·아이에이... '한숨' 엔케이...",http://www.finomy.com/news/articleView.html?idxno=240411
2025-10-02,INVEST,"원익IPS, 증착·열처리 장비로 글로벌 반도체 공정 선도",https://www.pinpointnews.co.kr/news/articleView.html?idxno=382623
2025-10-10,LAUNCH,"타이맥스, 50년 만에 첫  LCD  시계 부활…디지털 클래식 감성",https://www.digitaltoday.co.kr/news/articleView.html?idxno=596207
2025-10-10,LAUNCH,"LG전자 인도 법인, 순이익 45.8% 급증…인도 상장 앞두고 실적 호조 눈길",http://www.fnnews.com/news/202510101155160973
2025-10-10,"INVEST,LAUNCH","누가, 어디서, 어떻게 튼다는 것",https://www.wkorea.com/2025/10/10/%eb%88%84%ea%b0%80-%ec%96%b4%eb%94%94%ec%84%9c-%ec%96%b4%eb%96%bb%ea%b2%8c-%ed%8a%bc%eb%8b%a4%eb%8a%94-%ea%b2%83/?utm_source=naver&utm_medium=partnership
2025-09-24,REGUL,"국토부, 저상버스 보조금 20년 만에 손질… 성능·편의시설 따라 차등 지...",https://biz.chosun.com/policy/policy_sub/2025/10/08/3VTUKAG4EVCTVMEHDERBL2Q2WU/?utm_source=naver&utm_medium=original&utm_campaign=biz
2025-10-09,"INVEST,REGUL",[이슈&스토리] 잇따른 외국투자기업 ‘먹튀’ 논란… 국감 ‘뜨거운 감...,https://www.kyeongin.com/article/1753060
2025-10-09,LAUNCH,[핫프로덕트] 저스트스캔 디지털 치과 솔루션 '저스트스캔',https://www.dentalnews.or.kr/news/article.html?no=45387
2025-10-09,"LAUNCH,ORDER,REGUL","LX인터내셔널, 소액주주 권익 외면…집중투표제 미도입·주주환원 정책...",http://www.hansbiz.co.kr/news/articleView.html?idxno=779604
2025-10-06,LAUNCH,"""AI 없이는 트렌드 논할 수 없다""···김난도 교수가 본 2026년",http://www.hansbiz.co.kr/news/articleView.html?idxno=781752
2025-10-05,LAUNCH,"긴 연휴, 홈프로젝터·이동식 스크린은 '필수템'",https://www.dailian.co.kr/news/view/1557012/?sc=Naver
2025-10-05,"CERT,LAUNCH","가성비 아토3 vs 전통의 EV3…소형 전기 SUV, 관건은 1000만원 [도전, 차...",https://www.joongang.co.kr/article/25372224
2025-10-04,"INVEST,ORDER","2차전지 관련주, '웃음꽃 만개' 코칩, 원익피앤이, 미코, 자비스, HB테크...",http://www.finomy.com/news/articleView.html?idxno=240427
2025-10-03,"CERT,LAUNCH","거장 러브콜 쏟아지는 LG TV…""올레드만이 블랙 온전히 구현""",https://www.hankyung.com/article/2025100350201
2025-10-02,LAUNCH,[홍하상의 기업인 열전] <23> 삼성의 벤치마킹,https://www.yeongnam.com/web/view.php?key=20251002028249472
2025-10-02,"CERT,INVEST,LAUNCH,ORDER,PARTNERSHIP,REGUL",잘 나가는 ‘AMG CLE 53 4MATIC+ 쿠페’…한정판 2시간만 ‘완판’,https://www.asiatime.co.kr/article/20251002500212
2025-10-02,"CERT,INVEST,LAUNCH","메르세데스-AMG, 고성능 2도어 쿠페 ‘CLE 53 4MATIC+ 쿠페’ 에디션 완판...",https://www.dailycar.co.kr/content/news.html?type=view&autoId=59347
2025-10-02,LAUNCH,"부쉬넬, 'Pro XM' 공식 출시",http://www.apparelnews.co.kr/news/news_view/?idx=220632
2025-10-02,"CERT,LAUNCH",솔벤텀코리아 '아쿠아퓨어' 냉온정수기 출시…필터 교체·위생성 강화,https://it.chosun.com/news/articleView.html?idxno=2023092148455
2025-10-02,INVEST,"LG전자, 인도 글로벌 제조 허브로 육성…안드라프라데시에 제3공장 착공",http://www.press9.kr/news/articleView.html?idxno=67679
2025-10-02,LAUNCH,"솔벤텀코리아, Aqua-Pure™(아쿠아퓨어) 냉온정수기 신제품 출시",https://www.seoul.co.kr/news/economy/2025/10/01/20251001500023?wlog_tag3=naver
2025-10-02,"CERT,LAUNCH","솔벤텀코리아, Aqua-Pure™ 냉온정수기 신제품 출시",https://www.hankyung.com/article/202510019853O
2025-10-02,"CERT,LAUNCH","솔벤텀코리아, 아쿠아퓨어 냉온정수기 신제품 출시",https://www.nocutnews.co.kr/news/6408090?utm_source=naver&utm_medium=article&utm_campaign=20251002090030
2025-10-02,"CERT,LAUNCH","솔벤텀코리아, 신제품 ‘아쿠아퓨어 냉온정수기’ 출시",https://www.donga.com/news/Economy/article/all/20250929/132486509/1
2025-10-02,"CERT,LAUNCH","솔벤텀코리아, 'Aqua-Pure™ 냉온정수기' 신제품 선봬 ""냉수와 초고온수...",https://www.dailian.co.kr/news/view/1555290/?sc=Naver
2025-10-02,LAUNCH,"솔벤텀코리아, Aqua-Pure™ 신제품 출시",https://www.hankookilbo.com/News/Read/A2025092915250000796?did=NA
2025-10-02,"CERT,LAUNCH","솔벤텀코리아, 'Aqua-Pure™ 냉온정수기' 신제품 선봬",https://view.asiae.co.kr/article/2025092914052625958
2025-10-02,"INVEST,LAUNCH,REGUL",‘서울 관광 르네상스’ 꿈꾸는 길기연 대표 | “글로벌 MZ세대에게 가장...,http://monthly.chosun.com/client/news/viw.asp?ctcd=E&nNewsNumb=202510100053
2025-10-01,"CERT,LAUNCH",[크크맨의 카라이프] 쿠페+AMG=메르세데스-AMG CLE 53 4MATIC+쿠페,http://www.sisacast.kr/news/articleView.html?idxno=83118
2025-10-01,LAUNCH,"카네, 차세대 플래그십 거리측정기 부쉬넬 ‘Pro XM’ 공개",http://www.wowtv.co.kr/NewsCenter/News/Read?articleId=A202510010820&t=NN
2025-10-01,LAUNCH,"다이트연구소 강병수 소장, 전국한의학학술대회서 '혈당과 한방 비만 치...",http://www.medisobizanews.com/news/articleView.html?idxno=129515
2025-10-01,INVEST,"원익머트리얼즈, 특수가스로 반도체·디스플레이 시장 공략",https://www.pinpointnews.co.kr/news/articleView.html?idxno=382195
2025-10-01,LAUNCH,"부쉬넬, 차세대 플래그십 'Pro XM' 출시",http://www.newsprime.co.kr/news/article.html?no=706606
2025-10-01,"CERT,INVEST,LAUNCH",'최초 OLED 디스플레이 탑재' 차세대 플래그십 거리측정기 부쉬넬 'Pro X...,https://www.mhnse.com/news/articleView.html?idxno=466836
2025-10-01,LAUNCH,"부쉬넬, 차세대 플래그십 거리측정기 Pro XM 출시",http://www.m-i.kr/news/articleView.html?idxno=1288901
2025-10-01,LAUNCH,"카네, 프리미엄 거리측정기의 진화 차세대 플래그십 부쉬넬 'Pro XM'",http://www.ktnews.com/news/articleView.html?idxno=141448
2025-10-01,LAUNCH,"프리미엄 거리측정기의 진화, 차세대 플래그십 부쉬넬 ‘Pro XM’ 출시",https://www.hankookilbo.com/News/Read/A2025100109500003933?did=NA
2025-10-01,LAUNCH,"삼성, 11만원짜리 저가폰 '갤럭시 M07' 인도서 조용히 출시",https://kbench.com/?q=node/271903
2025-10-01,"INVEST,LAUNCH","아마존 킨들, 더 얇고 가볍다…AI 기반 노트 검색·컬러 필기 [MOVIEW]",https://www.ddaily.co.kr/page/view/2025100109203720519
2025-10-01,INVEST,"[2025국감] '먹튀'논란 한국옵티칼, 화재보험금 총 627억 수령 '논란'",https://www.ilyoseoul.co.kr/news/articleView.html?idxno=507952
2025-09-30,INVEST,‘먹튀’논란 한국옵티칼... 화재보험금 총 647억 수령,https://www.dailyt.co.kr/newsView/dlt202509300012
2025-09-30,"INVEST,LAUNCH","[CEO와칭] ""고객을 향한 혁신, 멈추지 않겠다"" LG 구광모 회장",http://www.metroseoul.co.kr/article/20250930500538
2025-09-30,CERT,"인텔 코어 울트라 9 & Z890 조합, 고성능 게이밍 PC 구성하기",https://www.ilovepc.co.kr/news/articleView.html?idxno=56251
2025-09-30,INVEST,"'브랜드 50년의 도전' 엡손… 삶 바꾸는 기술, 산업 혁신 선도",https://www.ajunews.com/view/20250929092120977
2025-09-30,"CERT,LAUNCH",전기차 구매부터 판매까지 관리… 맞춤형 프로그램 ‘EV 에브리케어’,https://www.donga.com/news/Economy/article/all/20250929/132474695/2
2025-09-30,"CERT,LAUNCH","현대자동차, 고객 중심 혁신으로 'KCSI 전 부문 1위' 달성",https://www.mk.co.kr/article/11431990
2025-09-29,LAUNCH,"청소기는 청소를 잘해야...삼성전자, 무선 스틱 청소기 미국·유럽에서...",https://www.greened.kr/news/articleView.html?idxno=331682
2025-09-29,LAUNCH,"삼성 무선 청소기, 미국·유럽 7개국 소비자연맹지 1위 석권",https://www.ezyeconomy.com/news/articleView.html?idxno=222586
2025-09-29,LAUNCH,"삼성전자 무선 청소기, 미국·유럽 7개국 소비자연맹지 1위",https://www.siminilbo.co.kr/news/newsview.php?ncode=1160285501553417
2025-09-29,LAUNCH,"삼성 무선 청소기, 미국·유럽 7개국 소비자연맹지 1위",https://www.hinews.co.kr/view.php?ud=202509291123512160dacad52b71_48
2025-09-29,LAUNCH,"에이스침대, 1mm 초슬림 '닥터스 온열매트' 론칭",http://www.ikld.kr/news/articleView.html?idxno=321347
2025-09-29,"LAUNCH,PARTNERSHIP",[더벨]중국 굴기와 아침 알람,https://www.thebell.co.kr/free/content/ArticleView.asp?key=202509251454192800108131
2025-09-29,INVEST,"[특징주]'OLED 중심 수익성 개선' LG디스플레이, 3.49% 상승",https://view.asiae.co.kr/article/2025092909220005943
2025-09-29,"LAUNCH,PARTNERSHIP","테브론, 뷰티 테크 솔루션 '시그니쳐 무브' 출시",http://www.sisunnews.co.kr/news/articleView.html?idxno=229437
2025-09-28,LAUNCH,"삼성전자 무선 청소기, 미국·유럽 7개국 소비자연맹지 1위 휩쓸었다",https://www.autodaily.co.kr/news/articleView.html?idxno=537048
2025-09-28,LAUNCH,"삼성전자 무선 청소기, 미국·유럽 7개국 소비자 연맹지 1위",https://www.cstimes.com/news/articleView.html?idxno=669852
2025-09-28,LAUNCH,"삼성전자 무선 청소기, 미국·유럽 7개국 소비자연맹지서 1위 석권",https://zdnet.co.kr/view/?no=20250928153659
2025-09-28,LAUNCH,"삼성 '비스포크 AI 제트 400W', 미국·유럽 신뢰도 최고",https://www.joongboo.com/news/articleView.html?idxno=363704730
2025-09-28,LAUNCH,"삼성전자 무선 청소기, 미국·유럽 7개국 소비자연맹지 1위 휩쓸어",https://www.s-journal.co.kr/news/articleView.html?idxno=34113
2025-09-28,LAUNCH,"삼성 무선 청소기, 美·유럽 소비자 매체 평가 1위 휩쓸었다",http://www.fnnews.com/news/202509281503257198
2025-09-28,LAUNCH,"삼성전자 무선 청소기, 미국·유럽 7개국 소비자연맹지 평가 '1위'",https://www.asiaa.co.kr/news/articleView.html?idxno=225176
2025-09-28,LAUNCH,"삼성전자 무선 청소기, 글로벌 소비자연맹지 1위 '휩쓸어'",http://www.m-i.kr/news/articleView.html?idxno=1287403
2025-09-28,LAUNCH,"삼성전자 무선 청소기, 미국·유럽 7개국 소비자연맹지 평가 1위",http://www.shinailbo.co.kr/news/articleView.html?idxno=2123853
2025-09-28,LAUNCH,"삼성전자 무선 스틱 청소기, 美·유럽 소비자연맹지 1위 휩쓸어",http://www.metroseoul.co.kr/article/20250928500063
2025-09-28,LAUNCH,"삼성전자 무선 청소기, 미국·유럽 7개국 소비자연맹지 1위 선정",https://www.betanews.net/article/view/beta202509280006
2025-09-28,INVEST,"대신증권 ""LG디스플레이 3분기 대형 OLED TV패널 공급 늘어, 모바일 OLED ...",https://www.businesspost.co.kr/BP?command=article_view&num=413850
2025-09-28,LAUNCH,"삼성전자 무선 청소기, 美·유럽 7개국 소비자연맹지 1위",https://www.newspim.com/news/view/20250928000038
2025-09-28,LAUNCH,"미국·유럽 소비자, 삼성 무선 청소기에 '엄지척'…7개국서 1위",https://www.mt.co.kr/industry/2025/09/28/2025092809563379916
