keyword,score
고객,6.661189139757099
디스플레이,5.086968227754199
일부터 일까지,3.989443232805373
솔루션,3.9062286902894696
안전,3.2751665987340117
시스템,3.1037603057295335
이더리움,3.0960428968985503
동시에,2.956307604220699
최신,2.859842136930016
서비스,2.8431984030873783
수소,2.8057272485015097
충전,2.794181563142175
씨라이언,2.6996092413740795
증가,2.641423041288896
수출,2.5739053442344972
전환,2.532924917861924
