topic_id,word,prob
0,ai,1.0
0,기업,0.6469683196219072
0,글래스,0.5295722919057695
0,대학,0.5104991492084303
0,메타,0.4680284822282881
0,인재,0.45736329800737346
0,미국,0.4472459131419203
0,기술,0.4469840276985886
0,챗gpt,0.4204279188713709
0,등의,0.37146054234226933
1,디스플레이,1.0
1,oled,0.9888881088672475
1,ai,0.7648788587840634
1,반도체,0.6495635900067211
1,중국,0.5934113530569195
1,기술,0.5518151838382854
1,아이폰,0.42044917887428984
1,차세대,0.3995560010765224
1,lcd,0.3907867910701205
1,투자,0.37647192756889564
