keyword,score
기업,4.71058596151055
리뉴얼,4.67695834661275
출시,4.298946010437783
브랜드,4.2710631609339
모델,3.6602769887819417
프리미엄,3.534899222217403
인공지능,2.810387289981474
쿠페의,2.787504546145547
판매,2.772174763924461
사양,2.761930253647946
모빌리티,2.471460329231629
차량,2.2120684143815272
에이전트,2.1898326831701658
콤팩트,2.023233625652196
경량,1.967068619354614
더욱,1.9665109836033348
제네,1.9034754523206998
미래,1.9009458515784612
전문,1.9008310683210232
